last,first,name,height,DOB,homeTown,year,season,city,state,country
Bennett,Luther,Luther Bennett,-,,,1917,1917-18,,,
Jost,Nelson,Nelson Jost,-,,,1917,1917-18,,,
Leatherbee,Harold,Harold Leatherbee,-,,,1917,1917-18,,,
Morton,Vincent,Vincent Morton,-,,,1917,1917-18,,,
O'Hare,John,John O'Hare,-,,,1917,1917-18,,,
Pond,Warren,Warren Pond,-,,,1917,1917-18,,,
Rasmussen,Paul,Paul Rasmussen,-,,,1917,1917-18,,,
Evers,Andrew,Andrew Evers,-,,,1919,1919-20,,,
Goodrich,Charles,Charles Goodrich,-,,,1919,1919-20,,,
Hersey,Edward,Edward Hersey,-,,,1919,1919-20,,,
Mutty,John,John Mutty,-,,,1919,1919-20,,,
Pinkham,Clifford,Clifford Pinkham,-,,,1919,1919-20,,,
Richardson,Philip,Philip Richardson,-,,,1919,1919-20,,,
Roeske,Henry,Henry Roeske,-,,,1919,1919-20,,,
Sears,Robert,Robert Sears,-,,,1919,1919-20,,,
Spinney,Hazen,Hazen Spinney,-,,,1919,1919-20,,,
Sullivan,Warren,Warren Sullivan,-,,,1919,1919-20,,,
Almer,Joseph,Joseph Almer,-,,,1922,1922-23,,,
Anderson,Carl,Carl Anderson,-,,,1922,1922-23,,,
Beauchemin,Joe,Joe Beauchemin,-,,,1922,1922-23,,,
Blais,Robert,Robert Blais,-,,,1922,1922-23,,,
Cochrane,Mickey,Mickey Cochrane,-,,,1922,1922-23,,,
Diehl,John,John Diehl,-,,,1922,1922-23,,,
Frazier,-,- Frazier,-,,,1922,1922-23,,,
Kelley,Peter,Peter Kelley,-,,,1922,1922-23,,,
Kontoff,Morey,Morey Kontoff,-,,,1922,1922-23,,,
Ling,Rod,Rod Ling,-,,,1922,1922-23,,,
McArdle,Harry,Harry McArdle,-,,,1922,1922-23,,,
Provost,Adolphus,Adolphus Provost,-,,,1922,1922-23,,,
Rosenfield,Louis,Louis Rosenfield,-,,,1922,1922-23,,,
Sterling,George,George Sterling,-,,,1922,1922-23,,,
Wennerberg,William,William Wennerberg,-,,,1922,1922-23,,,
Almer,Joseph,Joseph Almer,-,,,1923,1923-24,,,
Ashcraft,Arle,Arle Ashcraft,-,,,1923,1923-24,,,
Blais,Robert,Robert Blais,-,,,1923,1923-24,,,
Brown,Joe,Joe Brown,-,,,1923,1923-24,,,
Burke,Edmund,Edmund Burke,-,,,1923,1923-24,,,
Feldman,George,George Feldman,-,,,1923,1923-24,,,
Hurteau,Oscar,Oscar Hurteau,-,,,1923,1923-24,,,
Kelley,Peter,Peter Kelley,-,,,1923,1923-24,,,
Kontoff,Morey,Morey Kontoff,-,,,1923,1923-24,,,
Ling,Rod,Rod Ling,-,,,1923,1923-24,,,
McRae,-,- McRae,-,,,1923,1923-24,,,
Morrison,Sanfield,Sanfield Morrison,-,,,1923,1923-24,,,
Provost,Adolphus,Adolphus Provost,-,,,1923,1923-24,,,
Robertson,-,- Robertson,-,,,1923,1923-24,,,
Wennerberg,William,William Wennerberg,-,,,1923,1923-24,,,
Duane,David,David Duane,-,,,1924,1924-25,,,
Goldfine,David,David Goldfine,-,,,1924,1924-25,,,
Gregoire,Ovila,Ovila Gregoire,-,,,1924,1924-25,,,
Kelley,Peter,Peter Kelley,-,,,1924,1924-25,,,
Kontoff,Morey,Morey Kontoff,-,,,1924,1924-25,,,
Kontoff,Julian,Julian Kontoff,-,,,1924,1924-25,,,
Lawless,John,John Lawless,-,,,1924,1924-25,,,
Ling,Rod,Rod Ling,-,,,1924,1924-25,,,
Martin,Donald,Donald Martin,-,,,1924,1924-25,,,
Scott,Chester,Chester Scott,-,,,1924,1924-25,,,
Scribner,-,- Scribner,-,,,1924,1924-25,,,
Viano,Charles,Charles Viano,-,,,1924,1924-25,,,
Wennerberg,William,William Wennerberg,-,,,1924,1924-25,,,
Cummings,Thomas,Thomas Cummings,-,,,1925,1925-26,,,
Duane,David,David Duane,-,,,1925,1925-26,,,
Goodale,William,William Goodale,-,,,1925,1925-26,,,
Gregoire,Ovila,Ovila Gregoire,-,,,1925,1925-26,,,
Kontoff,Julian,Julian Kontoff,-,,,1925,1925-26,,,
Lawless,John,John Lawless,-,,,1925,1925-26,,,
Ling,Rod,Rod Ling,-,,,1925,1925-26,,,
Martin,Donald,Donald Martin,-,,,1925,1925-26,,,
McLean,-,- McLean,-,,,1925,1925-26,,,
Scott,Chester,Chester Scott,-,,,1925,1925-26,,,
Viano,Charles,Charles Viano,-,,,1925,1925-26,,,
Wennerberg,William,William Wennerberg,-,,,1925,1925-26,,,
Silberberg,Sydney,Sydney Silberberg,-,,,1925,1925-26,,,
Breen,Richard,Richard Breen,-,,,1926,1926-27,,,
Carnie,John,John Carnie,-,,,1926,1926-27,,,
Crampton,Junie,Junie Crampton,-,,,1926,1926-27,,,
Currier,Benjamin,Benjamin Currier,-,,,1926,1926-27,,,
Gibson,William,William Gibson,-,,,1926,1926-27,,,
Goodale,William,William Goodale,-,,,1926,1926-27,,,
Gregoire,Ovila,Ovila Gregoire,-,,,1926,1926-27,,,
Kimball,Arthur,Arthur Kimball,-,,,1926,1926-27,,,
Lawless,John,John Lawless,-,,,1926,1926-27,,,
MacKenzie,Russell,Russell MacKenzie,-,,,1926,1926-27,,,
Nelson,Hugo,Hugo Nelson,-,,,1926,1926-27,,,
Viano,Charles,Charles Viano,-,,,1926,1926-27,,,
Silberberg,Sydney,Sydney Silberberg,-,,,1926,1926-27,,,
Elliott,Bob,Bob Elliott,-,10/11/1907,"Medford, Massachusetts",1927,1927-28,Medford,Massachusetts,United States
Baron,Leo,Leo Baron,-,,,1927,1927-28,,,
Currier,Benjamin,Benjamin Currier,-,,,1927,1927-28,,,
Gibson,William,William Gibson,-,,,1927,1927-28,,,
Goodale,William,William Goodale,-,,,1927,1927-28,,,
Gregoire,Ovila,Ovila Gregoire,-,,,1927,1927-28,,,
Grodberg,Burton,Burton Grodberg,-,,,1927,1927-28,,,
Lawless,John,John Lawless,-,,,1927,1927-28,,,
Lombard,Richard,Richard Lombard,-,,,1927,1927-28,,,
Nelson,Hugo,Hugo Nelson,-,,,1927,1927-28,,,
Viano,Charles,Charles Viano,-,,,1927,1927-28,,,
Whitmore,Holmes,Holmes Whitmore,-,,,1927,1927-28,,,
Silberberg,Sydney,Sydney Silberberg,-,,,1927,1927-28,,,
Elliott,Bob,Bob Elliott,-,10/11/1907,"Medford, Massachusetts",1928,1928-29,Medford,Massachusetts,United States
Baron,Leo,Leo Baron,-,,,1928,1928-29,,,
Bergholtz,Paul,Paul Bergholtz,-,,,1928,1928-29,,,
Borofsky,Isidore,Isidore Borofsky,-,,,1928,1928-29,,,
Currier,Benjamin,Benjamin Currier,-,,,1928,1928-29,,,
Fredrickson,W.,W. Fredrickson,-,,,1928,1928-29,,,
Gibson,William,William Gibson,-,,,1928,1928-29,,,
Goddard,Holmes,Holmes Goddard,-,,,1928,1928-29,,,
Grodberg,Burton,Burton Grodberg,-,,,1928,1928-29,,,
Lombard,Richard,Richard Lombard,-,,,1928,1928-29,,,
Nelson,Hugo,Hugo Nelson,-,,,1928,1928-29,,,
Roblin,Stephen,Stephen Roblin,-,,,1928,1928-29,,,
Snow,Randell,Randell Snow,-,,,1928,1928-29,,,
Whitmore,Holmes,Holmes Whitmore,-,,,1928,1928-29,,,
Silberberg,Sydney,Sydney Silberberg,-,,,1928,1928-29,,,
Elliott,Bob,Bob Elliott,-,10/11/1907,"Medford, Massachusetts",1929,1929-30,Medford,Massachusetts,United States
Arkin,Jacob,Jacob Arkin,-,,,1929,1929-30,,,
Baron,Leo,Leo Baron,-,,,1929,1929-30,,,
Bergholtz,Paul,Paul Bergholtz,-,,,1929,1929-30,,,
Borofsky,Isidore,Isidore Borofsky,-,,,1929,1929-30,,,
Brown,George,George Brown,-,,,1929,1929-30,,,
Clem,Carl,Carl Clem,-,,,1929,1929-30,,,
Currier,Benjamin,Benjamin Currier,-,,,1929,1929-30,,,
French,Richard,Richard French,-,,,1929,1929-30,,,
Goddard,Holmes,Holmes Goddard,-,,,1929,1929-30,,,
Grodberg,Burton,Burton Grodberg,-,,,1929,1929-30,,,
Lombard,Richard,Richard Lombard,-,,,1929,1929-30,,,
Nelson,Hugo,Hugo Nelson,-,,,1929,1929-30,,,
Peterson,Carlton,Carlton Peterson,-,,,1929,1929-30,,,
Raymond,Albert,Albert Raymond,-,,,1929,1929-30,,,
Weafer,Ronald,Ronald Weafer,-,,,1929,1929-30,,,
Whitmore,Holmes,Holmes Whitmore,-,,,1929,1929-30,,,
Baron,Leo,Leo Baron,-,,,1930,1930-31,,,
Bender,Walter,Walter Bender,-,11/1/1910,"Arlington, Massachusetts",1930,1930-31,Arlington,Massachusetts,United States
Bergholtz,Paul,Paul Bergholtz,-,,,1930,1930-31,,,
Brown,George,George Brown,-,,,1930,1930-31,,,
Clem,Carl,Carl Clem,-,,,1930,1930-31,,,
French,Richard,Richard French,-,,,1930,1930-31,,,
Grodberg,Burton,Burton Grodberg,-,,,1930,1930-31,,,
Harrington,Daniel,Daniel Harrington,-,,,1930,1930-31,,,
Herman,Nathan,Nathan Herman,-,,,1930,1930-31,,,
Lombard,Richard,Richard Lombard,-,,,1930,1930-31,,,
Peterson,Carlton,Carlton Peterson,-,,,1930,1930-31,,,
Raymond,Albert,Albert Raymond,-,,,1930,1930-31,,,
Toohey,Paul,Paul Toohey,-,,,1930,1930-31,,,
Walker,John,John Walker,-,,,1930,1930-31,,,
Weafer,Ronald,Ronald Weafer,-,,,1930,1930-31,,,
Whitmore,Holmes,Holmes Whitmore,-,,,1930,1930-31,,,
Wilson,Arthur,Arthur Wilson,-,,,1930,1930-31,,,
Wight,Russell,Russell Wight,-,,,1931,1931-32,,,
Bender,Walter,Walter Bender,-,11/1/1910,"Arlington, Massachusetts",1931,1931-32,Arlington,Massachusetts,United States
Clem,Carl,Carl Clem,-,,,1931,1931-32,,,
French,Richard,Richard French,-,,,1931,1931-32,,,
Harrington,Daniel,Daniel Harrington,-,,,1931,1931-32,,,
Herman,Nathan,Nathan Herman,-,,,1931,1931-32,,,
McDonald,Joseph,Joseph McDonald,-,,,1931,1931-32,,,
Murphy,Jack,Jack Murphy,-,,,1931,1931-32,,,
Peterson,Carlton,Carlton Peterson,-,,,1931,1931-32,,,
Rice,Lindsey,Lindsey Rice,-,,,1931,1931-32,,,
Slade,Kenneth,Kenneth Slade,-,,,1931,1931-32,,,
Smith,James,James Smith,-,,,1931,1931-32,,,
Ullman,John,John Ullman,-,,,1931,1931-32,,,
Walker,John,John Walker,-,,,1931,1931-32,,,
Weafer,Ronald,Ronald Weafer,-,,,1931,1931-32,,,
Wilson,Arthur,Arthur Wilson,-,,,1931,1931-32,,,
Wight,Russell,Russell Wight,-,,,1932,1932-33,,,
Bell,Robert,Robert Bell,-,,,1932,1932-33,,,
Bender,Walter,Walter Bender,-,11/1/1910,"Arlington, Massachusetts",1932,1932-33,Arlington,Massachusetts,United States
Clem,Carl,Carl Clem,-,,,1932,1932-33,,,
Harrington,Daniel,Daniel Harrington,-,,,1932,1932-33,,,
Hathaway,Kenneth,Kenneth Hathaway,-,,,1932,1932-33,,,
Herman,Nathan,Nathan Herman,-,,,1932,1932-33,,,
Lax,John,John Lax,-,7/23/1911,"Arlington, Massachusetts",1932,1932-33,Arlington,Massachusetts,United States
Lucey,Lawrence,Lawrence Lucey,-,,,1932,1932-33,,,
Nickerson,Robert,Robert Nickerson,-,,,1932,1932-33,,,
Nickerson,Herman,Herman Nickerson,-,,,1932,1932-33,,,
Racheotes,George,George Racheotes,-,,,1932,1932-33,,,
Rice,Lindsey,Lindsey Rice,-,,,1932,1932-33,,,
Rowe,Paul,Paul Rowe,-,5/5/1914,"Somerville, Massachusetts",1932,1932-33,Somerville,Massachusetts,United States
Scammell,Palmer,Palmer Scammell,-,,,1932,1932-33,,,
Smith,Russell,Russell Smith,-,,,1932,1932-33,,,
Smith,James,James Smith,-,,,1932,1932-33,,,
Ullman,John,John Ullman,-,,,1932,1932-33,,,
Walker,John,John Walker,-,,,1932,1932-33,,,
Weafer,Ronald,Ronald Weafer,-,,,1932,1932-33,,,
Wight,Russell,Russell Wight,-,,,1933,1933-34,,,
Borofsky,Sydney,Sydney Borofsky,-,,,1933,1933-34,,,
Gaul,Leo,Leo Gaul,-,,,1933,1933-34,,,
Hartigan,Tom,Tom Hartigan,-,,,1933,1933-34,,,
James,Herbert,Herbert James,-,,,1933,1933-34,,,
Lax,John,John Lax,-,7/23/1911,"Arlington, Massachusetts",1933,1933-34,Arlington,Massachusetts,United States
Lucey,Lawrence,Lawrence Lucey,-,,,1933,1933-34,,,
Nickerson,Robert,Robert Nickerson,-,,,1933,1933-34,,,
Nickerson,Herman,Herman Nickerson,-,,,1933,1933-34,,,
Pierce,Howard,Howard Pierce,-,,,1933,1933-34,,,
Racheotes,George,George Racheotes,-,,,1933,1933-34,,,
Rosenfeld,John,John Rosenfeld,-,,,1933,1933-34,,,
Rowe,Paul,Paul Rowe,-,5/5/1914,"Somerville, Massachusetts",1933,1933-34,Somerville,Massachusetts,United States
Scammell,Palmer,Palmer Scammell,-,,,1933,1933-34,,,
Smith,Russell,Russell Smith,-,,,1933,1933-34,,,
Smith,James,James Smith,-,,,1933,1933-34,,,
Taylor,John,John Taylor,-,,,1933,1933-34,,,
Ullman,John,John Ullman,-,,,1933,1933-34,,,
Wesson,Dexton,Dexton Wesson,-,,,1933,1933-34,,,
Borofsky,Sydney,Sydney Borofsky,-,,,1934,1934-35,,,
Campbell,-,- Campbell,-,,,1934,1934-35,,,
Donohue,Joseph,Joseph Donohue,-,,,1934,1934-35,,,
Hartigan,Tom,Tom Hartigan,-,,,1934,1934-35,,,
James,Herbert,Herbert James,-,,,1934,1934-35,,,
Lax,John,John Lax,-,7/23/1911,"Arlington, Massachusetts",1934,1934-35,Arlington,Massachusetts,United States
Lucey,Lawrence,Lawrence Lucey,-,,,1934,1934-35,,,
Lynch,Russell,Russell Lynch,-,,,1934,1934-35,,,
Miner,-,- Miner,-,,,1934,1934-35,,,
Neilson,Robert,Robert Neilson,-,,,1934,1934-35,,,
Nickerson,Herman,Herman Nickerson,-,,,1934,1934-35,,,
Pierce,Howard,Howard Pierce,-,,,1934,1934-35,,,
Racheotes,George,George Racheotes,-,,,1934,1934-35,,,
Rowe,Paul,Paul Rowe,-,5/5/1914,"Somerville, Massachusetts",1934,1934-35,Somerville,Massachusetts,United States
Scammell,Palmer,Palmer Scammell,-,,,1934,1934-35,,,
Sherman,Dick,Dick Sherman,-,,,1934,1934-35,,,
Smith,Russell,Russell Smith,-,,,1934,1934-35,,,
Wesson,Dexton,Dexton Wesson,-,,,1934,1934-35,,,
Borofsky,Sydney,Sydney Borofsky,-,,,1935,1935-36,,,
Carvelli,Al,Al Carvelli,-,,,1935,1935-36,,,
Chandler,Carlton,Carlton Chandler,-,,,1935,1935-36,,,
Cleverly,Harry,Harry Cleverly,-,,,1935,1935-36,,,
Desrosiers,Gerry,Gerry Desrosiers,5-9,,,1935,1935-36,,,
Donohue,Joseph,Joseph Donohue,-,,,1935,1935-36,,,
Engberg,Carl,Carl Engberg,-,,,1935,1935-36,,,
Fohlin,Paul,Paul Fohlin,-,,,1935,1935-36,,,
Hartigan,Tom,Tom Hartigan,-,,,1935,1935-36,,,
Hauser,William,William Hauser,-,,,1935,1935-36,,,
Hoar,George,George Hoar,-,,,1935,1935-36,,,
James,Herbert,Herbert James,-,,,1935,1935-36,,,
Kelley,Robert,Robert Kelley,-,,,1935,1935-36,,,
Lynch,Russell,Russell Lynch,-,,,1935,1935-36,,,
Powell,Neil,Neil Powell,-,,,1935,1935-36,,,
Warshaw,Bernard,Bernard Warshaw,-,,,1935,1935-36,,,
Wesson,Dexton,Dexton Wesson,-,,,1935,1935-36,,,
Woodward,Albert,Albert Woodward,-,,,1935,1935-36,,,
Chandler,Carlton,Carlton Chandler,-,,,1936,1936-37,,,
Chilson,Chester,Chester Chilson,-,,,1936,1936-37,,,
Cleverly,Harry,Harry Cleverly,-,,,1936,1936-37,,,
Colburn,Robert,Robert Colburn,-,,,1936,1936-37,,,
Cowdery,Bud,Bud Cowdery,-,,,1936,1936-37,,,
Desrosiers,Gerry,Gerry Desrosiers,5-9,,,1936,1936-37,,,
Dow,Richard,Richard Dow,-,,,1936,1936-37,,,
Engberg,Carl,Carl Engberg,-,,,1936,1936-37,,,
Fagerland,John,John Fagerland,-,,,1936,1936-37,,,
Freeman,William,William Freeman,-,,,1936,1936-37,,,
Hardiman,William,William Hardiman,-,,,1936,1936-37,,,
Hauser,William,William Hauser,-,,,1936,1936-37,,,
Hoar,George,George Hoar,-,,,1936,1936-37,,,
Kelleher,Frederick,Frederick Kelleher,-,,,1936,1936-37,,,
Kelley,Robert,Robert Kelley,-,,,1936,1936-37,,,
Lynch,Russell,Russell Lynch,-,,,1936,1936-37,,,
Neviackas,Veto,Veto Neviackas,-,,,1936,1936-37,,,
O'Sullivan,Joseph,Joseph O'Sullivan,-,,,1936,1936-37,,,
Powell,Neil,Neil Powell,-,,,1936,1936-37,,,
Woodward,Albert,Albert Woodward,-,,,1936,1936-37,,,
Carvelli,Al,Al Carvelli,-,,,1937,1937-38,,,
Chandler,Carlton,Carlton Chandler,-,,,1937,1937-38,,,
Colburn,Robert,Robert Colburn,-,,,1937,1937-38,,,
Conaty,Joe,Joe Conaty,-,,,1937,1937-38,,,
Desrosiers,Gerry,Gerry Desrosiers,5-9,,,1937,1937-38,,,
Dewhurst,John,John Dewhurst,-,,,1937,1937-38,,,
Dow,Richard,Richard Dow,-,,,1937,1937-38,,,
Elliot,John,John Elliot,-,,,1937,1937-38,,,
Fagerland,John,John Fagerland,-,,,1937,1937-38,,,
Hoar,George,George Hoar,-,,,1937,1937-38,,,
Kelleher,Frederick,Frederick Kelleher,-,,,1937,1937-38,,,
McCaleb,Clifton,Clifton McCaleb,-,,,1937,1937-38,,,
Neviackas,Veto,Veto Neviackas,-,,,1937,1937-38,,,
O'Sullivan,Joseph,Joseph O'Sullivan,-,,,1937,1937-38,,,
Powell,Neil,Neil Powell,-,,,1937,1937-38,,,
Richardson,Ed,Ed Richardson,-,,,1937,1937-38,,,
Warshaw,Bernard,Bernard Warshaw,-,,,1937,1937-38,,,
Wilkens,Ray,Ray Wilkens,-,,,1937,1937-38,,,
Williams,Lytle,Lytle Williams,-,,,1937,1937-38,,,
Woodward,Albert,Albert Woodward,-,,,1937,1937-38,,,
Brown,Paul,Paul Brown,-,,,1938,1938-39,,,
Carvelli,Al,Al Carvelli,-,,,1938,1938-39,,,
Chambers,John,John Chambers,5-9,7/9/1917,"Needham, Massachusetts",1938,1938-39,Needham,Massachusetts,United States
Conaty,Joe,Joe Conaty,-,,,1938,1938-39,,,
Cummings,Whitley,Whitley Cummings,-,,,1938,1938-39,,,
Dow,Richard,Richard Dow,-,,,1938,1938-39,,,
Elliot,John,John Elliot,-,,,1938,1938-39,,,
Fagerland,John,John Fagerland,-,,,1938,1938-39,,,
Geary,John,John Geary,-,,,1938,1938-39,,,
Herrick,Jack,Jack Herrick,-,,,1938,1938-39,,,
Hiller,-,- Hiller,-,,,1938,1938-39,,,
Hines,Bud,Bud Hines,-,,,1938,1938-39,,,
Lacroix,Edouard,Edouard Lacroix,-,,,1938,1938-39,,,
McCaleb,Clifton,Clifton McCaleb,-,,,1938,1938-39,,,
Neviackas,Veto,Veto Neviackas,-,,,1938,1938-39,,,
Nickles,-,- Nickles,-,,,1938,1938-39,,,
O'Sullivan,Joseph,Joseph O'Sullivan,-,,,1938,1938-39,,,
Reed,Larry,Larry Reed,-,,,1938,1938-39,,,
Richardson,Ed,Ed Richardson,-,,,1938,1938-39,,,
Walker,John,John Walker,-,,,1938,1938-39,,,
Wilkens,Ray,Ray Wilkens,-,,,1938,1938-39,,,
Williams,Lytle,Lytle Williams,-,,,1938,1938-39,,,
Blasenak,Howard,Howard Blasenak,-,,,1939,1939-40,,,
Bott,David,David Bott,-,,,1939,1939-40,,,
Brown,Paul,Paul Brown,-,,,1939,1939-40,,,
Chambers,John,John Chambers,5-9,7/9/1917,"Needham, Massachusetts",1939,1939-40,Needham,Massachusetts,United States
Conaty,Joe,Joe Conaty,-,,,1939,1939-40,,,
Dewhurst,Dave,Dave Dewhurst,-,,,1939,1939-40,,,
Elliot,John,John Elliot,-,,,1939,1939-40,,,
Farrell,Ed,Ed Farrell,-,,,1939,1939-40,,,
Hall,Robert,Robert Hall,-,,,1939,1939-40,,,
Hines,Bud,Bud Hines,-,,,1939,1939-40,,,
Lange,Bob,Bob Lange,-,,,1939,1939-40,,,
Lind,Bob,Bob Lind,-,,,1939,1939-40,,,
Reed,Larry,Larry Reed,-,,,1939,1939-40,,,
Richardson,Ed,Ed Richardson,-,,,1939,1939-40,,,
Richardson,Earl,Earl Richardson,-,,,1939,1939-40,,,
Shoemaker,Bill,Bill Shoemaker,-,,,1939,1939-40,,,
Sullivan,Henry,Henry Sullivan,-,,,1939,1939-40,,,
Wilkens,Ray,Ray Wilkens,-,,,1939,1939-40,,,
Blasenak,Howard,Howard Blasenak,-,,,1940,1940-41,,,
Bott,David,David Bott,-,,,1940,1940-41,,,
Breeyear,Bill,Bill Breeyear,-,,,1940,1940-41,,,
Brown,Will,Will Brown,-,,,1940,1940-41,,,
Brown,Paul,Paul Brown,-,,,1940,1940-41,,,
Chambers,John,John Chambers,5-9,7/9/1917,"Needham, Massachusetts",1940,1940-41,Needham,Massachusetts,United States
Davidson,James,James Davidson,-,,,1940,1940-41,,,
Dewhurst,Dave,Dave Dewhurst,-,,,1940,1940-41,,,
Farrell,Ed,Ed Farrell,-,,,1940,1940-41,,,
Hines,Bud,Bud Hines,-,,,1940,1940-41,,,
MacArthur,Burt,Burt MacArthur,-,8/14/1920,"Halifax, Nova Scotia",1940,1940-41,Halifax,Nova Scotia,Canada
Neilson,George,George Neilson,-,,,1940,1940-41,,,
Pollard,Bill,Bill Pollard,-,,,1940,1940-41,,,
Reed,Larry,Larry Reed,-,,,1940,1940-41,,,
Shoemaker,Bill,Bill Shoemaker,-,,,1940,1940-41,,,
Sullivan,Henry,Henry Sullivan,-,,,1940,1940-41,,,
Anderson,Francis,Francis Anderson,-,,,1941,1941-42,,,
Balmforth,Ed,Ed Balmforth,-,,,1941,1941-42,,,
Blasenak,Howard,Howard Blasenak,-,,,1941,1941-42,,,
Breeyear,Bill,Bill Breeyear,-,,,1941,1941-42,,,
Brown,Will,Will Brown,-,,,1941,1941-42,,,
Cargill,Philip,Philip Cargill,-,,,1941,1941-42,,,
Carle,Owen,Owen Carle,-,,,1941,1941-42,,,
Crowley,Robert,Robert Crowley,-,,,1941,1941-42,,,
Cugini,Larry,Larry Cugini,-,,,1941,1941-42,,,
Davidson,James,James Davidson,-,,,1941,1941-42,,,
Dorr,Ernie,Ernie Dorr,-,,,1941,1941-42,,,
Fernald,Denny,Denny Fernald,-,,,1941,1941-42,,,
Gulley,Leo,Leo Gulley,-,,,1941,1941-42,,,
Kuhn,William,William Kuhn,-,,,1941,1941-42,,,
MacArthur,Burt,Burt MacArthur,-,8/14/1920,"Halifax, Nova Scotia",1941,1941-42,Halifax,Nova Scotia,Canada
Neilson,George,George Neilson,-,,,1941,1941-42,,,
O'Sullivan,Pete,Pete O'Sullivan,-,,,1941,1941-42,,,
Richey,George,George Richey,-,,,1941,1941-42,,,
Shoemaker,Bill,Bill Shoemaker,-,,,1941,1941-42,,,
Spang,John,John Spang,-,,,1941,1941-42,,,
Sullivan,Henry,Henry Sullivan,-,,,1941,1941-42,,,
Anderson,Francis,Francis Anderson,-,,,1942,1942-43,,,
Balmforth,Ed,Ed Balmforth,-,,,1942,1942-43,,,
Barr,David,David Barr,-,,,1942,1942-43,,,
Black,Charlie,Charlie Black,-,,,1942,1942-43,,,
Breeyear,Bill,Bill Breeyear,-,,,1942,1942-43,,,
Carle,Owen,Owen Carle,-,,,1942,1942-43,,,
Davidson,James,James Davidson,-,,,1942,1942-43,,,
Dodge,Jack,Jack Dodge,-,,,1942,1942-43,,,
Dorr,Ernie,Ernie Dorr,-,,,1942,1942-43,,,
Dutton,Larry,Larry Dutton,-,,,1942,1942-43,,,
Figueria,Ed,Ed Figueria,-,,,1942,1942-43,,,
Keaton,-,- Keaton,-,,,1942,1942-43,,,
Kuhn,William,William Kuhn,-,,,1942,1942-43,,,
Lirakis,Alexander,Alexander Lirakis,-,,,1942,1942-43,,,
MacArthur,Burt,Burt MacArthur,-,8/14/1920,"Halifax, Nova Scotia",1942,1942-43,Halifax,Nova Scotia,Canada
McCarthy,Robert,Robert McCarthy,-,,,1942,1942-43,,,
Moran,Jim,Jim Moran,-,,,1942,1942-43,,,
Neilson,George,George Neilson,-,,,1942,1942-43,,,
Nesbitt,Jim,Jim Nesbitt,-,,,1942,1942-43,,,
Page,Guy,Guy Page,-,,,1942,1942-43,,,
Richey,George,George Richey,-,,,1942,1942-43,,,
Stone,Walt,Walt Stone,-,,,1942,1942-43,,,
Sullivan,John,John Sullivan,-,,,1942,1942-43,,,
Walsh,Jim,Jim Walsh,-,,,1942,1942-43,,,
Walworth,Walter,Walter Walworth,-,,,1942,1942-43,,,
Whalen,Thomas,Thomas Whalen,-,,,1942,1942-43,,,
Anderson,Francis,Francis Anderson,-,,,1945,1945-46,,,
Brown,Will,Will Brown,-,,,1945,1945-46,,,
Cleary,Don,Don Cleary,-,,"Cambridge, Massachusetts",1945,1945-46,Cambridge,Massachusetts,United States
Dutton,Larry,Larry Dutton,-,,,1945,1945-46,,,
Fernald,Denny,Denny Fernald,-,,,1945,1945-46,,,
Figueria,Ed,Ed Figueria,-,,,1945,1945-46,,,
Foley,Raymond,Raymond Foley,-,,,1945,1945-46,,,
Forbes,Benjamin,Benjamin Forbes,-,,,1945,1945-46,,,
Gould,Edward,Edward Gould,-,,,1945,1945-46,,,
Gray,Bob,Bob Gray,-,,,1945,1945-46,,,
Kirrane,William,William Kirrane,-,,,1945,1945-46,,,
Lirakis,Alexander,Alexander Lirakis,-,,,1945,1945-46,,,
Mains,Charlie,Charlie Mains,-,,,1945,1945-46,,,
McGinley,Dick,Dick McGinley,-,,,1945,1945-46,,,
O'Riordan,Ed,Ed O'Riordan,-,,,1945,1945-46,,,
Quinn,David,David Quinn,-,,,1945,1945-46,,,
Smith,James,James Smith,-,,,1945,1945-46,,,
St. Hiliaire,Gene,Gene St. Hiliaire,-,,,1945,1945-46,,,
Crowley,Daniel,Daniel Crowley,-,12/10/1920,"Medford, Massachusetts",1946,1946-47,Medford,Massachusetts,United States
Anderson,Francis,Francis Anderson,-,,,1946,1946-47,,,
Cleary,Don,Don Cleary,-,,"Cambridge, Massachusetts",1946,1946-47,Cambridge,Massachusetts,United States
Clopeck,Jack,Jack Clopeck,-,,,1946,1946-47,,,
Dutton,Larry,Larry Dutton,-,,,1946,1946-47,,,
Figueria,Ed,Ed Figueria,-,,,1946,1946-47,,,
Forbes,Benjamin,Benjamin Forbes,-,,,1946,1946-47,,,
Gleason,Jerome,Jerome Gleason,-,,,1946,1946-47,,,
Haynes,Irving,Irving Haynes,-,,,1946,1946-47,,,
Hixon,Dana,Dana Hixon,-,,,1946,1946-47,,,
Jurgelevich,William,William Jurgelevich,-,,,1946,1946-47,,,
Kirrane,William,William Kirrane,-,,,1946,1946-47,,,
Maker,Robert,Robert Maker,-,,,1946,1946-47,,,
Reynolds,James,James Reynolds,-,,,1946,1946-47,,,
Smith,James,James Smith,-,,,1946,1946-47,,,
Stone,Walt,Walt Stone,-,,,1946,1946-47,,,
Bevins,Ralph,Ralph Bevins,-,10/7/1924,,1946,1946-47,,,
Anderson,Walt,Walt Anderson,-,,"Waltham, Massachusetts",1947,1947-48,Waltham,Massachusetts,United States
Bell,Bob,Bob Bell,-,,"Framingham, Massachusetts",1947,1947-48,Framingham,Massachusetts,United States
Cleary,Don,Don Cleary,-,,"Cambridge, Massachusetts",1947,1947-48,Cambridge,Massachusetts,United States
Clopeck,Jack,Jack Clopeck,-,,,1947,1947-48,,,
Dockrell,Donald,Donald Dockrell,-,,,1947,1947-48,,,
Dutton,Larry,Larry Dutton,-,,,1947,1947-48,,,
Forbes,Benjamin,Benjamin Forbes,-,,,1947,1947-48,,,
Gibson,Bill,Bill Gibson,-,,,1947,1947-48,,,
Gleason,Jerome,Jerome Gleason,-,,,1947,1947-48,,,
Haynes,Irving,Irving Haynes,-,,,1947,1947-48,,,
Hixon,Dana,Dana Hixon,-,,,1947,1947-48,,,
Jurgelevich,William,William Jurgelevich,-,,,1947,1947-48,,,
Kirrane,William,William Kirrane,-,,,1947,1947-48,,,
Pynchon,John,John Pynchon,-,,,1947,1947-48,,,
Robinson,Lloyd,Lloyd Robinson,-,,"Wellesley, Massachusetts",1947,1947-48,Wellesley,Massachusetts,United States
Smith,James,James Smith,-,,,1947,1947-48,,,
Bevins,Ralph,Ralph Bevins,-,10/7/1924,,1947,1947-48,,,
Anderson,Walt,Walt Anderson,-,,"Waltham, Massachusetts",1948,1948-49,Waltham,Massachusetts,United States
Bell,Bob,Bob Bell,-,,"Framingham, Massachusetts",1948,1948-49,Framingham,Massachusetts,United States
Cahoon,Ed,Ed Cahoon,-,7/2/1924,"Melrose, Massachusetts",1948,1948-49,Melrose,Massachusetts,United States
Casali,Mario,Mario Casali,-,,,1948,1948-49,,,
Cleary,Don,Don Cleary,-,,"Cambridge, Massachusetts",1948,1948-49,Cambridge,Massachusetts,United States
Clopeck,Jack,Jack Clopeck,-,,,1948,1948-49,,,
Czarnota,Joe,Joe Czarnota,-,3/25/1925,"Wakefield, Massachusetts",1948,1948-49,Wakefield,Massachusetts,United States
Dupuis,Bob,Bob Dupuis,-,,,1948,1948-49,,,
Gleason,Jerome,Jerome Gleason,-,,,1948,1948-49,,,
Grant,Dick,Dick Grant,-,,"Arlington, Massachusetts",1948,1948-49,Arlington,Massachusetts,United States
Haynes,Irving,Irving Haynes,-,,,1948,1948-49,,,
Hixon,Dana,Dana Hixon,-,,,1948,1948-49,,,
Jurgelevich,William,William Jurgelevich,-,,,1948,1948-49,,,
Kirrane,William,William Kirrane,-,,,1948,1948-49,,,
Ray,John,John Ray,-,,,1948,1948-49,,,
Robinson,Lloyd,Lloyd Robinson,-,,"Wellesley, Massachusetts",1948,1948-49,Wellesley,Massachusetts,United States
Wennberg,Carl,Carl Wennberg,-,,,1948,1948-49,,,
Beecher,Larry,Larry Beecher,-,,,1948,1948-49,,,
Bevins,Ralph,Ralph Bevins,-,10/7/1924,,1948,1948-49,,,
Anderson,Walt,Walt Anderson,-,,"Waltham, Massachusetts",1949,1949-50,Waltham,Massachusetts,United States
Barnhill,Keith,Keith Barnhill,-,,,1949,1949-50,,,
Barrett,Bob,Bob Barrett,-,8/18/1927,"Hingham, Massachusetts",1949,1949-50,Hingham,Massachusetts,United States
Bell,Bob,Bob Bell,-,,"Framingham, Massachusetts",1949,1949-50,Framingham,Massachusetts,United States
Cahoon,Ed,Ed Cahoon,-,7/2/1924,"Melrose, Massachusetts",1949,1949-50,Melrose,Massachusetts,United States
Casali,Mario,Mario Casali,-,,,1949,1949-50,,,
Czarnota,Joe,Joe Czarnota,-,3/25/1925,"Wakefield, Massachusetts",1949,1949-50,Wakefield,Massachusetts,United States
Downing,Bill,Bill Downing,-,,,1949,1949-50,,,
Dupuis,Bob,Bob Dupuis,-,,,1949,1949-50,,,
Folino,Joe,Joe Folino,-,1/3/1927,,1949,1949-50,,,
Garrity,Jack,Jack Garrity,-,4/1/1926,"Woburn, Massachusetts",1949,1949-50,Woburn,Massachusetts,United States
Haynes,Irving,Irving Haynes,-,,,1949,1949-50,,,
Hixon,Dana,Dana Hixon,-,,,1949,1949-50,,,
Jurgelevich,William,William Jurgelevich,-,,,1949,1949-50,,,
Kelley,Dick,Dick Kelley,-,,,1949,1949-50,,,
Kelley,Jack,Jack Kelley,-,7/10/1927,"Medford, Massachusetts",1949,1949-50,Medford,Massachusetts,United States
Martin,Jack,Jack Martin,-,,,1949,1949-50,,,
Ray,John,John Ray,-,,,1949,1949-50,,,
Robinson,Lloyd,Lloyd Robinson,-,,"Wellesley, Massachusetts",1949,1949-50,Wellesley,Massachusetts,United States
Wennberg,Carl,Carl Wennberg,-,,,1949,1949-50,,,
Beecher,Larry,Larry Beecher,-,,,1949,1949-50,,,
Bevins,Ralph,Ralph Bevins,-,10/7/1924,,1949,1949-50,,,
Fife,Walter,Walter Fife,-,,,1950,1950-51,,,
Barnhill,Keith,Keith Barnhill,-,,,1950,1950-51,,,
Barrett,Bob,Bob Barrett,-,8/18/1927,"Hingham, Massachusetts",1950,1950-51,Hingham,Massachusetts,United States
Cahoon,Ed,Ed Cahoon,-,7/2/1924,"Melrose, Massachusetts",1950,1950-51,Melrose,Massachusetts,United States
Casali,Mario,Mario Casali,-,,,1950,1950-51,,,
Cleary,Paul,Paul Cleary,-,,,1950,1950-51,,,
Cogan,George,George Cogan,-,,,1950,1950-51,,,
Czarnota,Joe,Joe Czarnota,-,3/25/1925,"Wakefield, Massachusetts",1950,1950-51,Wakefield,Massachusetts,United States
Denning,Jerry,Jerry Denning,-,,,1950,1950-51,,,
Downing,Bill,Bill Downing,-,,,1950,1950-51,,,
Dupuis,Bob,Bob Dupuis,-,,,1950,1950-51,,,
Folino,Joe,Joe Folino,-,1/3/1927,,1950,1950-51,,,
Garrity,Jack,Jack Garrity,-,4/1/1926,"Woburn, Massachusetts",1950,1950-51,Woburn,Massachusetts,United States
Kelley,Dick,Dick Kelley,-,,,1950,1950-51,,,
Kelley,Jack,Jack Kelley,-,7/10/1927,"Medford, Massachusetts",1950,1950-51,Medford,Massachusetts,United States
Martin,Jack,Jack Martin,-,,,1950,1950-51,,,
Merrill,Roger,Roger Merrill,-,,,1950,1950-51,,,
Ray,John,John Ray,-,,,1950,1950-51,,,
Fife,Walter,Walter Fife,-,,,1951,1951-52,,,
Kelley,Raymond,Raymond Kelley,-,,,1951,1951-52,,,
Lee,Dick,Dick Lee,-,,,1951,1951-52,,,
Barnhill,Keith,Keith Barnhill,-,,,1951,1951-52,,,
Barrett,Bob,Bob Barrett,-,8/18/1927,"Hingham, Massachusetts",1951,1951-52,Hingham,Massachusetts,United States
Burns,John,John Burns,-,,"Stoneham, Massachusetts",1951,1951-52,Stoneham,Massachusetts,United States
Cicoria,Tony,Tony Cicoria,5-8,,"Melrose, Massachusetts",1951,1951-52,Melrose,Massachusetts,United States
Cleary,Paul,Paul Cleary,-,,,1951,1951-52,,,
Denning,Jerry,Jerry Denning,-,,,1951,1951-52,,,
Downing,Bill,Bill Downing,-,,,1951,1951-52,,,
Kelley,Dick,Dick Kelley,-,,,1951,1951-52,,,
Kelley,Jack,Jack Kelley,-,7/10/1927,"Medford, Massachusetts",1951,1951-52,Medford,Massachusetts,United States
Martin,Jack,Jack Martin,-,,,1951,1951-52,,,
Rodenhiser,Dick,Dick Rodenhiser,-,10/17/1932,"Malden, Massachusetts",1951,1951-52,Malden,Massachusetts,United States
Rousseau,Robert,Robert Rousseau,-,,,1951,1951-52,,,
Toperzer,Frank,Frank Toperzer,-,,,1951,1951-52,,,
Whalen,Paul,Paul Whalen,-,,,1951,1951-52,,,
Zanetti,Mario,Mario Zanetti,-,,,1951,1951-52,,,
Kelley,Paul,Paul Kelley,-,,,1951,1951-52,,,
Kelley,Raymond,Raymond Kelley,-,,,1952,1952-53,,,
Lee,Dick,Dick Lee,-,,,1952,1952-53,,,
Bruno,Joseph,Joseph Bruno,-,,,1952,1952-53,,,
Burns,John,John Burns,-,,"Stoneham, Massachusetts",1952,1952-53,Stoneham,Massachusetts,United States
Cicoria,Tony,Tony Cicoria,5-8,,"Melrose, Massachusetts",1952,1952-53,Melrose,Massachusetts,United States
Cicoria,Andy,Andy Cicoria,-,,,1952,1952-53,,,
Cleary,Paul,Paul Cleary,-,,,1952,1952-53,,,
Cogan,George,George Cogan,-,,,1952,1952-53,,,
Denning,Jerry,Jerry Denning,-,,,1952,1952-53,,,
Dwyer,Thomas,Thomas Dwyer,-,,,1952,1952-53,,,
Mills,Bob,Bob Mills,-,,,1952,1952-53,,,
Rodenhiser,Dick,Dick Rodenhiser,-,10/17/1932,"Malden, Massachusetts",1952,1952-53,Malden,Massachusetts,United States
Rousseau,Robert,Robert Rousseau,-,,,1952,1952-53,,,
Shannon,Art,Art Shannon,-,,"Watertown, Massachusetts",1952,1952-53,Watertown,Massachusetts,United States
Toperzer,Frank,Frank Toperzer,-,,,1952,1952-53,,,
Tutuny,Charles,Charles Tutuny,-,,,1952,1952-53,,,
Whalen,Paul,Paul Whalen,-,,,1952,1952-53,,,
Zanetti,Mario,Mario Zanetti,-,,,1952,1952-53,,,
Bradley,Dick,Dick Bradley,-,,,1952,1952-53,,,
Hart,Ed,Ed Hart,-,,"Lynn, Massachusetts",1952,1952-53,Lynn,Massachusetts,United States
Kelley,Paul,Paul Kelley,-,,,1952,1952-53,,,
Kelley,Raymond,Raymond Kelley,-,,,1953,1953-54,,,
Burns,John,John Burns,-,,"Stoneham, Massachusetts",1953,1953-54,Stoneham,Massachusetts,United States
Collins,Ralph,Ralph Collins,-,,,1953,1953-54,,,
Crocker,Bob,Bob Crocker,-,8/3/1928,"Boston, Massachusetts",1953,1953-54,Boston,Massachusetts,United States
Driscoll,Len,Len Driscoll,-,,,1953,1953-54,,,
Dwyer,Thomas,Thomas Dwyer,-,,,1953,1953-54,,,
Gurberg,Marvin,Marvin Gurberg,-,,,1953,1953-54,,,
Mills,Bob,Bob Mills,-,,,1953,1953-54,,,
Murphy,Jack,Jack Murphy,-,,,1953,1953-54,,,
Rousseau,Robert,Robert Rousseau,-,,,1953,1953-54,,,
Whiting,Warren,Warren Whiting,-,,,1953,1953-54,,,
Aiken,Don,Don Aiken,5-11,1/1/1932,"Arlington, Massachusetts",1953,1953-54,Arlington,Massachusetts,United States
Hart,Ed,Ed Hart,-,,"Lynn, Massachusetts",1953,1953-54,Lynn,Massachusetts,United States
Buell,Bob,Bob Buell,-,4/23/1931,"Wellesley, Massachusetts",1954,1954-55,Wellesley,Massachusetts,United States
Burns,John,John Burns,-,,"Stoneham, Massachusetts",1953,1953-54,Stoneham,Massachusetts,United States
Crocker,Bob,Bob Crocker,-,8/3/1928,"Boston, Massachusetts",1954,1954-55,Boston,Massachusetts,United States
Driscoll,Len,Len Driscoll,-,,,1954,1954-55,,,
Dwyer,Thomas,Thomas Dwyer,-,,,1954,1954-55,,,
Maddison,David,David Maddison,-,,,1954,1954-55,,,
Manning,Mike,Mike Manning,5-10,,"Medford, Massachusetts",1954,1954-55,Medford,Massachusetts,United States
McAdoo,Dick,Dick McAdoo,-,,,1954,1954-55,,,
McComb,John,John McComb,-,,,1954,1954-55,,,
Mitchell,Doug,Doug Mitchell,-,,,1954,1954-55,,,
Murphy,Jack,Jack Murphy,-,,,1954,1954-55,,,
Quinn,Joe,Joe Quinn,5-10,,"Somerville, Massachusetts",1954,1954-55,Somerville,Massachusetts,United States
Tellier,Joe,Joe Tellier,-,,,1954,1954-55,,,
Aiken,Don,Don Aiken,5-11,1/1/1932,"Arlington, Massachusetts",1954,1954-55,Arlington,Massachusetts,United States
Hart,Ed,Ed Hart,-,,"Lynn, Massachusetts",1954,1954-55,Lynn,Massachusetts,United States
Dupuis,Bob,Bob Dupuis,5-8,,"Lynn, Massachusetts",1955,1955-56,Lynn,Massachusetts,United States
MacLeod,Don,Don MacLeod,5-11,,"Charlottetown, Prince Edward Island",1955,1955-56,Charlottetown,Prince Edward Island,Canada
Kinlin,Francis,Sarge Kinlin,6-0,,"Waltham, Massachusetts",1955,1955-56,Waltham,Massachusetts,United States
Carriere,Art,Art Carriere,6-2,,"West Roxbury, Massachusetts",1955,1955-56,West Roxbury,Massachusetts,United States
Carruthers,Jack,Jack Carruthers,5-9,,"Calgary, Alberta",1955,1955-56,Calgary,Alberta,Canada
Cicoria,Tony,Tony Cicoria,5-8,,"Melrose, Massachusetts",1955,1955-56,Melrose,Massachusetts,United States
Driscoll,Len,Len Driscoll,-,,,1955,1955-56,,,
Ford,Curt,Curt Ford,-,,,1955,1955-56,,,
Keith,Forbes,Forbes Keith,-,5/17/1936,"Boston, Massachusetts",1955,1955-56,Boston,Massachusetts,United States
MacLeod,Russ,Russ MacLeod,-,5/28/1935,"Lowell, Massachusetts",1955,1955-56,Lowell,Massachusetts,United States
Maddison,David,David Maddison,-,,,1955,1955-56,,,
Manning,Mike,Mike Manning,5-10,,"Medford, Massachusetts",1955,1955-56,Medford,Massachusetts,United States
McAdoo,Dick,Dick McAdoo,-,,,1955,1955-56,,,
McComb,John,John McComb,-,,,1955,1955-56,,,
Murphy,Jack,Jack Murphy,-,,,1955,1955-56,,,
Quinn,Joe,Joe Quinn,5-10,,"Somerville, Massachusetts",1955,1955-56,Somerville,Massachusetts,United States
Sullivan,Bill,Bill Sullivan,5-11,,"East Weymouth, Massachusetts",1955,1955-56,East Weymouth,Massachusetts,United States
Sweeney,Bill,Bill Sweeney,6-0,,"Woburn, Massachusetts",1955,1955-56,Woburn,Massachusetts,United States
Vito,Ralph,Ralph Vito,-,,,1955,1955-56,,,
Levin,Henry,Henry Levin,5-6,,"Weymouth, Massachusetts",1955,1955-56,Weymouth,Massachusetts,United States
DiVincenzo,Ron,Ron DiVincenzo,6-0,,"Medford, Massachusetts",1956,1956-57,Medford,Massachusetts,United States
Dupuis,Bob,Bob Dupuis,5-8,,"Lynn, Massachusetts",1956,1956-57,Lynn,Massachusetts,United States
Grant,John,John Grant,6-1,,"Roslindale, Massachusetts",1956,1956-57,Roslindale,Massachusetts,United States
Lovely,Louis,Louis Lovely,6-0,,"Haverhill, Massachusetts",1956,1956-57,Haverhill,Massachusetts,United States
MacLeod,Don,Don MacLeod,5-11,,"Charlottetown, Prince Edward Island",1956,1956-57,Charlottetown,Prince Edward Island,Canada
Sutherland,Al,Al Sutherland,6-0,,"Brookline, Massachusetts",1956,1956-57,Brookline,Massachusetts,United States
Kinlin,Francis,Sarge Kinlin,6-0,,"Waltham, Massachusetts",1956,1956-57,Waltham,Massachusetts,United States
Carriere,Art,Art Carriere,6-2,,"West Roxbury, Massachusetts",1956,1956-57,West Roxbury,Massachusetts,United States
Carruthers,Jack,Jack Carruthers,5-9,,"Calgary, Alberta",1956,1956-57,Calgary,Alberta,Canada
Cicoria,Tony,Tony Cicoria,5-8,,"Melrose, Massachusetts",1956,1956-57,Melrose,Massachusetts,United States
Creighton,Larry,Larry Creighton,5-9,,"Calgary, Alberta",1956,1956-57,Calgary,Alberta,Canada
Dooley,John,John Dooley,-,,,1956,1956-57,,,
Knight,Bob,Bob Knight,-,,"Stoneham, Massachusetts",1956,1956-57,Stoneham,Massachusetts,United States
Lyons,Richard,Richard Lyons,-,,"Cambridge, Massachusetts",1956,1956-57,Cambridge,Massachusetts,United States
Maddison,David,David Maddison,-,,,1956,1956-57,,,
Manning,Mike,Mike Manning,5-10,,"Medford, Massachusetts",1956,1956-57,Medford,Massachusetts,United States
Quinn,Joe,Joe Quinn,5-10,,"Somerville, Massachusetts",1956,1956-57,Somerville,Massachusetts,United States
Sullivan,Bill,Bill Sullivan,5-11,,"East Weymouth, Massachusetts",1956,1956-57,East Weymouth,Massachusetts,United States
Sweeney,Bill,Bill Sweeney,6-0,,"Woburn, Massachusetts",1956,1956-57,Woburn,Massachusetts,United States
DiGuglielmo,Paul,Paul DiGuglielmo,5-8,,"Boston, Massachusetts",1956,1956-57,Boston,Massachusetts,United States
Heffernan,Dan,Dan Heffernan,6-0,,"Arlington, Massachusetts",1956,1956-57,Arlington,Massachusetts,United States
Levin,Henry,Henry Levin,5-6,,"Weymouth, Massachusetts",1956,1956-57,Weymouth,Massachusetts,United States
DiVincenzo,Ron,Ron DiVincenzo,6-0,,"Medford, Massachusetts",1957,1957-58,Medford,Massachusetts,United States
Dupuis,Bob,Bob Dupuis,5-8,,"Lynn, Massachusetts",1957,1957-58,Lynn,Massachusetts,United States
Enright,Pat,Pat Enright,5-11,,"Cambridge, Massachusetts",1957,1957-58,Cambridge,Massachusetts,United States
MacLeod,Don,Don MacLeod,5-11,,"Charlottetown, Prince Edward Island",1957,1957-58,Charlottetown,Prince Edward Island,Canada
Kinlin,Francis,Sarge Kinlin,6-0,,"Waltham, Massachusetts",1957,1957-58,Waltham,Massachusetts,United States
Carriere,Art,Art Carriere,6-2,,"West Roxbury, Massachusetts",1957,1957-58,West Roxbury,Massachusetts,United States
Carruthers,Jack,Jack Carruthers,5-9,,"Calgary, Alberta",1957,1957-58,Calgary,Alberta,Canada
Cicoria,Tony,Tony Cicoria,5-8,,"Melrose, Massachusetts",1957,1957-58,Melrose,Massachusetts,United States
Creighton,Larry,Larry Creighton,5-9,,"Calgary, Alberta",1957,1957-58,Calgary,Alberta,Canada
Giuliotti,Andy,Andy Giuliotti,5-9,,"East Boston, Massachusetts",1957,1957-58,East Boston,Massachusetts,United States
Jarasitis,Allen,Allen Jarasitis,6-1,,"Charlestown, Massachusetts",1957,1957-58,Charlestown,Massachusetts,United States
Keith,Forbes,Forbes Keith,-,5/17/1936,"Boston, Massachusetts",1957,1957-58,Boston,Massachusetts,United States
MacKay,Jim,Jim MacKay,-,,,1957,1957-58,,,
MacLeod,Dave,Dave MacLeod,6-1,,"Charlottetown, Prince Edward Island",1957,1957-58,Charlottetown,Prince Edward Island,Canada
Marquis,Bob,Bob Marquis,5-9,,"Montreal, Quebec",1957,1957-58,Montreal,Quebec,Canada
McCormack,Bill,Bill McCormack,5-11,,"Malden, Massachusetts",1957,1957-58,Malden,Massachusetts,United States
Sullivan,Bill,Bill Sullivan,5-11,,"East Weymouth, Massachusetts",1957,1957-58,East Weymouth,Massachusetts,United States
Sweeney,Bill,Bill Sweeney,6-0,,"Woburn, Massachusetts",1957,1957-58,Woburn,Massachusetts,United States
Levin,Henry,Henry Levin,5-6,,"Weymouth, Massachusetts",1957,1957-58,Weymouth,Massachusetts,United States
Tansey,Bill,Bill Tansey,5-11,,"Cambridge, Massachusetts",1957,1957-58,Cambridge,Massachusetts,United States
DiVincenzo,Ron,Ron DiVincenzo,6-0,,"Medford, Massachusetts",1958,1958-59,Medford,Massachusetts,United States
Enright,Pat,Pat Enright,5-11,,"Cambridge, Massachusetts",1958,1958-59,Cambridge,Massachusetts,United States
McCann,Pete,Pete McCann,6-0,,"Framingham, Massachusetts",1958,1958-59,Framingham,Massachusetts,United States
McCurdy,Russ,Russ McCurdy,6-2,8/18/1939,"Pawtucket, Rhode Island",1958,1958-59,Pawtucket,Rhode Island,United States
Cornish,Earl,Earl Cornish,-,,,1958,1958-59,,,
Creighton,Larry,Larry Creighton,5-9,,"Calgary, Alberta",1958,1958-59,Calgary,Alberta,Canada
Cross,Jim,Jim Cross,5-7,,"Weymouth, Massachusetts",1958,1958-59,Weymouth,Massachusetts,United States
Dolan,Don,Don Dolan,-,,,1958,1958-59,,,
Dooley,John,John Dooley,-,,,1958,1958-59,,,
Flynn,George,George Flynn,-,,,1958,1958-59,,,
Giuliotti,Andy,Andy Giuliotti,5-9,,"East Boston, Massachusetts",1958,1958-59,East Boston,Massachusetts,United States
Jarasitis,Allen,Allen Jarasitis,6-1,,"Charlestown, Massachusetts",1958,1958-59,Charlestown,Massachusetts,United States
Keith,Forbes,Forbes Keith,-,5/17/1936,"Boston, Massachusetts",1958,1958-59,Boston,Massachusetts,United States
Leahy,John,John Leahy,-,,"Somerville, Massachusetts",1958,1958-59,Somerville,Massachusetts,United States
MacLeod,Dave,Dave MacLeod,6-1,,"Charlottetown, Prince Edward Island",1958,1958-59,Charlottetown,Prince Edward Island,Canada
Marquis,Bob,Bob Marquis,5-9,,"Montreal, Quebec",1958,1958-59,Montreal,Quebec,Canada
McCormack,Bill,Bill McCormack,5-11,,"Malden, Massachusetts",1958,1958-59,Malden,Massachusetts,United States
Quinn,Bill,Bill Quinn,5-10,,"Somerville, Massachusetts",1958,1958-59,Somerville,Massachusetts,United States
Robinson,Bill,Bill Robinson,-,,,1958,1958-59,,,
Tanner,Ron,Ron Tanner,-,,,1958,1958-59,,,
Tansey,Bill,Bill Tansey,5-11,,"Cambridge, Massachusetts",1958,1958-59,Cambridge,Massachusetts,United States
Urbanski,Barry,Barry Urbanski,5-11,,"Danvers, Massachusetts",1958,1958-59,Danvers,Massachusetts,United States
Enright,Pat,Pat Enright,5-11,,"Cambridge, Massachusetts",1959,1959-60,Cambridge,Massachusetts,United States
Goguen,Don,Don Goguen,5-10,,"Valois, Quebec",1959,1959-60,Valois,Quebec,Canada
McCann,Pete,Pete McCann,6-0,,"Framingham, Massachusetts",1959,1959-60,Framingham,Massachusetts,United States
McCurdy,Russ,Russ McCurdy,6-2,8/18/1939,"Pawtucket, Rhode Island",1959,1959-60,Pawtucket,Rhode Island,United States
Blainey,Bill,Bill Blainey,-,,,1959,1959-60,,,
Cross,Jim,Jim Cross,5-7,,"Weymouth, Massachusetts",1959,1959-60,Weymouth,Massachusetts,United States
Giuliotti,Andy,Andy Giuliotti,5-9,,"East Boston, Massachusetts",1959,1959-60,East Boston,Massachusetts,United States
Hughes,Paul,Paul Hughes,6-1,,"Natick, Massachusetts",1959,1959-60,Natick,Massachusetts,United States
Jarasitis,Allen,Allen Jarasitis,6-1,,"Charlestown, Massachusetts",1959,1959-60,Charlestown,Massachusetts,United States
Leahy,John,John Leahy,-,,"Somerville, Massachusetts",1959,1959-60,Somerville,Massachusetts,United States
MacLeod,Dave,Dave MacLeod,6-1,,"Charlottetown, Prince Edward Island",1959,1959-60,Charlottetown,Prince Edward Island,Canada
Mahoney,Dave,Dave Mahoney,5-7,,"Arlington, Massachusetts",1959,1959-60,Arlington,Massachusetts,United States
Marquis,Bob,Bob Marquis,5-9,,"Montreal, Quebec",1959,1959-60,Montreal,Quebec,Canada
McCormack,Bill,Bill McCormack,5-11,,"Malden, Massachusetts",1959,1959-60,Malden,Massachusetts,United States
Quinn,Bill,Bill Quinn,5-10,,"Somerville, Massachusetts",1959,1959-60,Somerville,Massachusetts,United States
Robinson,Bill,Bill Robinson,-,,,1959,1959-60,,,
Spinney,Don,Don Spinney,5-10,,"Lynn, Massachusetts",1959,1959-60,Lynn,Massachusetts,United States
Tansey,Bill,Bill Tansey,5-11,,"Cambridge, Massachusetts",1959,1959-60,Cambridge,Massachusetts,United States
Urbanski,Barry,Barry Urbanski,5-11,,"Danvers, Massachusetts",1959,1959-60,Danvers,Massachusetts,United States
Carver,Dave,Dave Carver,-,,,1960,1960-61,,,
Goguen,Don,Don Goguen,5-10,,"Valois, Quebec",1960,1960-61,Valois,Quebec,Canada
Higgins,Jim,Jim Higgins,-,,"Cambridge, Massachusetts",1960,1960-61,Cambridge,Massachusetts,United States
McCann,Pete,Pete McCann,6-0,,"Framingham, Massachusetts",1960,1960-61,Framingham,Massachusetts,United States
McCurdy,Russ,Russ McCurdy,6-2,8/18/1939,"Pawtucket, Rhode Island",1960,1960-61,Pawtucket,Rhode Island,United States
McFaun,Francis,Francis McFaun,-,,,1960,1960-61,,,
Smith,Bob,Bob Smith,-,,"Needham, Massachusetts",1960,1960-61,Needham,Massachusetts,United States
Connors,Edmund,Edmund Connors,-,,,1960,1960-61,,,
Denihan,Mike,Mike Denihan,-,,,1960,1960-61,,,
Fitzgerald,Peter,Peter Fitzgerald,-,,,1960,1960-61,,,
Fogerty,Dick,Dick Fogerty,-,,,1960,1960-61,,,
Hughes,Paul,Paul Hughes,6-1,,"Natick, Massachusetts",1960,1960-61,Natick,Massachusetts,United States
Leahy,John,John Leahy,-,,"Somerville, Massachusetts",1960,1960-61,Somerville,Massachusetts,United States
MacLeod,Dave,Dave MacLeod,6-1,,"Charlottetown, Prince Edward Island",1960,1960-61,Charlottetown,Prince Edward Island,Canada
Mahoney,Dave,Dave Mahoney,5-7,,"Arlington, Massachusetts",1960,1960-61,Arlington,Massachusetts,United States
McBride,John,John McBride,-,,,1960,1960-61,,,
Quinn,Bill,Bill Quinn,5-10,,"Somerville, Massachusetts",1960,1960-61,Somerville,Massachusetts,United States
Rowan,Bob,Bob Rowan,-,,,1960,1960-61,,,
Spinney,Don,Don Spinney,5-10,,"Lynn, Massachusetts",1960,1960-61,Lynn,Massachusetts,United States
Eberly,Glen,Glen Eberly,-,,,1960,1960-61,,,
Urbanski,Barry,Barry Urbanski,5-11,,"Danvers, Massachusetts",1960,1960-61,Danvers,Massachusetts,United States
Carver,Dave,Dave Carver,-,,,1961,1961-62,,,
Comeau,Allen,Allen Comeau,-,,,1961,1961-62,,,
Goguen,Don,Don Goguen,5-10,,"Valois, Quebec",1961,1961-62,Valois,Quebec,Canada
Higgins,Jim,Jim Higgins,-,,"Cambridge, Massachusetts",1961,1961-62,Cambridge,Massachusetts,United States
Holmes,Leonard,Leonard Holmes,-,,,1961,1961-62,,,
McFaun,Francis,Francis McFaun,-,,,1961,1961-62,,,
McInnis,Bennett,Bennett McInnis,-,,,1961,1961-62,,,
Sampson,Alden,Alden Sampson,-,,,1961,1961-62,,,
Smith,Bob,Bob Smith,-,,"Needham, Massachusetts",1961,1961-62,Needham,Massachusetts,United States
Connors,Edmund,Edmund Connors,-,,,1961,1961-62,,,
Denihan,Mike,Mike Denihan,-,,,1961,1961-62,,,
Fitzgerald,Peter,Peter Fitzgerald,-,,,1961,1961-62,,,
Fuller,Alan,Alan Fuller,-,,,1961,1961-62,,,
Johnson,Paul,Paul Johnson,-,,,1961,1961-62,,,
Mahoney,Dave,Dave Mahoney,5-7,,"Arlington, Massachusetts",1961,1961-62,Arlington,Massachusetts,United States
McBride,John,John McBride,-,,,1961,1961-62,,,
Ross,Ken,Ken Ross,-,,,1961,1961-62,,,
Rowan,Bob,Bob Rowan,-,,,1961,1961-62,,,
Spinney,Don,Don Spinney,5-10,,"Lynn, Massachusetts",1961,1961-62,Lynn,Massachusetts,United States
Welch,Alan,Alan Welch,-,,,1961,1961-62,,,
Eberly,Glen,Glen Eberly,-,,,1961,1961-62,,,
Plante,Bruce,Bruce Plante,-,,,1961,1961-62,,,
Comeau,Allen,Allen Comeau,-,,,1962,1962-63,,,
Green,Richard,Richie Green,-,,,1962,1962-63,,,
Higgins,Jim,Jim Higgins,-,,"Cambridge, Massachusetts",1962,1962-63,Cambridge,Massachusetts,United States
Holmes,Leonard,Leonard Holmes,-,,,1962,1962-63,,,
McFaun,Francis,Francis McFaun,-,,,1962,1962-63,,,
McInnis,Bennett,Bennett McInnis,-,,,1962,1962-63,,,
Sampson,Alden,Alden Sampson,-,,,1962,1962-63,,,
Smith,Bob,Bob Smith,-,,"Needham, Massachusetts",1962,1962-63,Needham,Massachusetts,United States
Connors,Edmund,Edmund Connors,-,,,1962,1962-63,,,
Crotty,Ed,Ed Crotty,-,,,1962,1962-63,,,
Denihan,Mike,Mike Denihan,-,,,1962,1962-63,,,
Maloney,Leo,Leo Maloney,-,,,1962,1962-63,,,
Martell,Bob,Bob Martell,-,,,1962,1962-63,,,
McBride,John,John McBride,-,,,1962,1962-63,,,
McCabe,Bob,Bob McCabe,-,,,1962,1962-63,,,
McGarry,Jack,Jack McGarry,-,,,1962,1962-63,,,
Ross,Ken,Ken Ross,-,,,1962,1962-63,,,
Rowan,Bob,Bob Rowan,-,,,1962,1962-63,,,
Sylvia,Bob,Bob Sylvia,-,,,1962,1962-63,,,
Eberly,Glen,Glen Eberly,-,,,1962,1962-63,,,
Parlante,Chris,Chris Parlante,-,,,1962,1962-63,,,
Plante,Bruce,Bruce Plante,-,,,1962,1962-63,,,
Comeau,Allen,Allen Comeau,-,,,1963,1963-64,,,
Conte,Vic,Vic Conte,5-6,,"Niagara Falls, Ontario",1963,1963-64,Niagara Falls,Ontario,Canada
Green,Richard,Richie Green,-,,,1963,1963-64,,,
Holmes,Leonard,Leonard Holmes,-,,,1963,1963-64,,,
Payne,Ray,Ray Payne,5-11,,"Toronto, Ontario",1963,1963-64,Toronto,Ontario,Canada
Ross,Tom,Tom Ross,5-11,,"West Roxbury, Massachusetts",1963,1963-64,West Roxbury,Massachusetts,United States
Sampson,Alden,Alden Sampson,-,,,1963,1963-64,,,
Carter,Lyman,Lyman Carter,-,,,1963,1963-64,,,
Eads,Manuel,Manuel Eads,-,,,1963,1963-64,,,
Fennie,Bruce,Bruce Fennie,5-10,,"Buffalo, New York",1963,1963-64,Buffalo,New York,United States
Jackson,Bill,Bill Jackson,-,,,1963,1963-64,,,
Martell,Bob,Bob Martell,-,,,1963,1963-64,,,
McCabe,Bob,Bob McCabe,-,,,1963,1963-64,,,
McGarry,Jack,Jack McGarry,-,,,1963,1963-64,,,
O'Connell,Mike,Mike O'Connell,-,,"South Boston, Massachusetts",1963,1963-64,South Boston,Massachusetts,United States
O'Connell,Dennis,Dennis O'Connell,5-11,,"South Boston, Massachusetts",1963,1963-64,South Boston,Massachusetts,United States
Sylvia,Bob,Bob Sylvia,-,,,1963,1963-64,,,
Todaro,Jim,Jim Todaro,5-7,,"Watertown, Massachusetts",1963,1963-64,Watertown,Massachusetts,United States
Ferreira,Jack,Jack Ferreira,5-8,6/9/1944,"Providence, Rhode Island",1963,1963-64,Providence,Rhode Island,United States
Fila,Andy,Andy Fila,-,,,1963,1963-64,,,
Conte,Vic,Vic Conte,5-6,,"Niagara Falls, Ontario",1964,1964-65,Niagara Falls,Ontario,Canada
Gilmour,Brian,Brian Gilmour,5-10,,"Lancaster, Ontario",1964,1964-65,Lancaster,Ontario,Canada
Lumley,Donald,Donald Lumley,5-9,,"Hamilton, Ontario",1964,1964-65,Hamilton,Ontario,Canada
McLachlan,Pete,Pete McLachlan,5-9,,"Newmarket, Ontario",1964,1964-65,Newmarket,Ontario,Canada
Payne,Ray,Ray Payne,5-11,,"Toronto, Ontario",1964,1964-65,Toronto,Ontario,Canada
Ross,Tom,Tom Ross,5-11,,"West Roxbury, Massachusetts",1964,1964-65,West Roxbury,Massachusetts,United States
Bassi,Fred,Fred Bassi,5-11,,"Niagara Falls, Ontario",1964,1964-65,Niagara Falls,Ontario,Canada
Carter,Lyman,Lyman Carter,-,,,1964,1964-65,,,
D'Orio,Frank,Frank D'Orio,5-9,,"Providence, Rhode Island",1964,1964-65,Providence,Rhode Island,United States
Fennie,Bruce,Bruce Fennie,5-10,,"Buffalo, New York",1964,1964-65,Buffalo,New York,United States
Martell,Bob,Bob Martell,-,,,1964,1964-65,,,
Morgan,Charles,Charles Morgan,-,,,1964,1964-65,,,
O'Connell,Dennis,Dennis O'Connell,5-11,,"South Boston, Massachusetts",1964,1964-65,South Boston,Massachusetts,United States
Quinlan,Shaun,Shaun Quinlan,5-11,,"Arlington, Massachusetts",1964,1964-65,Arlington,Massachusetts,United States
Quinn,Jim,Jim Quinn,5-11,2/26/1944,"Somerville, Massachusetts",1964,1964-65,Somerville,Massachusetts,United States
Ross,Ken,Ken Ross,-,,,1964,1964-65,,,
Sobeski,Mike,Mike Sobeski,5-9,3/24/1945,"Woodstock, Ontario",1964,1964-65,Woodstock,Ontario,Canada
Sylvia,Bob,Bob Sylvia,-,,,1964,1964-65,,,
Todaro,Jim,Jim Todaro,5-7,,"Watertown, Massachusetts",1964,1964-65,Watertown,Massachusetts,United States
Wood,Jim,Jim Wood,5-9,,"Belmont, Massachusetts",1964,1964-65,Belmont,Massachusetts,United States
Ferreira,Jack,Jack Ferreira,5-8,6/9/1944,"Providence, Rhode Island",1964,1964-65,Providence,Rhode Island,United States
Fila,Andy,Andy Fila,-,,,1964,1964-65,,,
Ryan,Wayne,Wayne Ryan,5-9,,"Welland, Ontario",1964,1964-65,Welland,Ontario,Canada
Cochrane,Douglas,Douglas Cochrane,6-0,,"Darien, Connecticut",1965,1965-66,Darien,Connecticut,United States
Conte,Vic,Vic Conte,5-6,,"Niagara Falls, Ontario",1965,1965-66,Niagara Falls,Ontario,Canada
Gilmour,Brian,Brian Gilmour,5-10,,"Lancaster, Ontario",1965,1965-66,Lancaster,Ontario,Canada
Harris,John,John Harris,6-0,,"Lancaster, Ontario",1965,1965-66,Lancaster,Ontario,Canada
Isenstadt,Alan,Alan Isenstadt,6-0,,"Hyde Park, Massachusetts",1965,1965-66,Hyde Park,Massachusetts,United States
Lumley,Donald,Donald Lumley,5-9,,"Hamilton, Ontario",1965,1965-66,Hamilton,Ontario,Canada
McBride,Steve,Steve McBride,6-3,,"Belmont, Massachusetts",1965,1965-66,Belmont,Massachusetts,United States
McLachlan,Pete,Pete McLachlan,5-9,,"Newmarket, Ontario",1965,1965-66,Newmarket,Ontario,Canada
Payne,Ray,Ray Payne,5-11,,"Toronto, Ontario",1965,1965-66,Toronto,Ontario,Canada
Ross,Tom,Tom Ross,5-11,,"West Roxbury, Massachusetts",1965,1965-66,West Roxbury,Massachusetts,United States
Valle,Dick,Dick Valle,6-0,,"Newton, Massachusetts",1965,1965-66,Newton,Massachusetts,United States
Bassi,Fred,Fred Bassi,5-11,,"Niagara Falls, Ontario",1965,1965-66,Niagara Falls,Ontario,Canada
Cooke,John,John Cooke,5-9,,"Regina, Saskatchewan",1965,1965-66,Regina,Saskatchewan,Canada
Crawley,John,John Crawley,5-9,,"Warwick, Rhode Island",1965,1965-66,Warwick,Rhode Island,United States
D'Orio,Frank,Frank D'Orio,5-9,,"Providence, Rhode Island",1965,1965-66,Providence,Rhode Island,United States
Decaprio,Dick,Dick Decaprio,5-10,,"Lewiston, Maine",1965,1965-66,Lewiston,Maine,United States
Fennie,Bruce,Bruce Fennie,5-10,,"Buffalo, New York",1965,1965-66,Buffalo,New York,United States
Labanara,John,John Labanara,5-11,,"Belmont, Massachusetts",1965,1965-66,Belmont,Massachusetts,United States
O'Connell,Dennis,Dennis O'Connell,5-11,,"South Boston, Massachusetts",1965,1965-66,South Boston,Massachusetts,United States
Parker,Jack,Jack Parker,5-10,3/11/1945,"Somerville, Massachusetts",1965,1965-66,Somerville,Massachusetts,United States
Quinlan,Shaun,Shaun Quinlan,5-11,,"Arlington, Massachusetts",1965,1965-66,Arlington,Massachusetts,United States
Quinn,Jim,Jim Quinn,5-11,2/26/1944,"Somerville, Massachusetts",1965,1965-66,Somerville,Massachusetts,United States
Riley Jr.,Bill,Bill Riley Jr.,5-6,,"Medford, Massachusetts",1965,1965-66,Medford,Massachusetts,United States
Sobeski,Mike,Mike Sobeski,5-9,3/24/1945,"Woodstock, Ontario",1965,1965-66,Woodstock,Ontario,Canada
Todaro,Jim,Jim Todaro,5-7,,"Watertown, Massachusetts",1965,1965-66,Watertown,Massachusetts,United States
Wakabayashi,Herb,Herb Wakabayashi,5-5,12/23/1944,"Neys, Ontario",1965,1965-66,Neys,Ontario,Canada
Wood,Jim,Jim Wood,5-9,,"Belmont, Massachusetts",1965,1965-66,Belmont,Massachusetts,United States
Crisafulli,David,David Crisafulli,5-7,,"Belmont, Massachusetts",1965,1965-66,Belmont,Massachusetts,United States
Ferreira,Jack,Jack Ferreira,5-8,6/9/1944,"Providence, Rhode Island",1965,1965-66,Providence,Rhode Island,United States
Ryan,Wayne,Wayne Ryan,5-9,,"Welland, Ontario",1965,1965-66,Welland,Ontario,Canada
Abbott,Darrell,Darrell Abbott,6-3,,"Lennoxville, Quebec",1966,1966-67,Lennoxville,Quebec,Canada
Dakin,Jim,Jim Dakin,5-11,,"Lynn, Massachusetts",1966,1966-67,Lynn,Massachusetts,United States
Gilmour,Brian,Brian Gilmour,5-10,,"Lancaster, Ontario",1966,1966-67,Lancaster,Ontario,Canada
Hallee,Ron,Ron Hallee,6-0,,"Waterville, Maine",1966,1966-67,Waterville,Maine,United States
Hinch,Bill,Bill Hinch,6-3,6/7/1945,"Swampscott, Massachusetts",1966,1966-67,Swampscott,Massachusetts,United States
Lumley,Donald,Donald Lumley,5-9,,"Hamilton, Ontario",1966,1966-67,Hamilton,Ontario,Canada
McBride,Steve,Steve McBride,6-3,,"Belmont, Massachusetts",1966,1966-67,Belmont,Massachusetts,United States
McLachlan,Pete,Pete McLachlan,5-9,,"Newmarket, Ontario",1966,1966-67,Newmarket,Ontario,Canada
Revell,Paul,Paul Revell,5-8,,"Arlington, Massachusetts",1966,1966-67,Arlington,Massachusetts,United States
Valle,Dick,Dick Valle,6-0,,"Newton, Massachusetts",1966,1966-67,Newton,Massachusetts,United States
Bassi,Fred,Fred Bassi,5-11,,"Niagara Falls, Ontario",1966,1966-67,Niagara Falls,Ontario,Canada
Boily,Serge,Serge Boily,5-9,,"LaSalle, Quebec",1966,1966-67,LaSalle,Quebec,Canada
Cooke,John,John Cooke,5-9,,"Regina, Saskatchewan",1966,1966-67,Regina,Saskatchewan,Canada
Crawley,John,John Crawley,5-9,,"Warwick, Rhode Island",1966,1966-67,Warwick,Rhode Island,United States
D'Orio,Frank,Frank D'Orio,5-9,,"Providence, Rhode Island",1966,1966-67,Providence,Rhode Island,United States
Decaprio,Dick,Dick Decaprio,5-10,,"Lewiston, Maine",1966,1966-67,Lewiston,Maine,United States
Fontas,Paul,Paul Fontas,5-10,,"Lexington, Massachusetts",1966,1966-67,Lexington,Massachusetts,United States
Gray,Mickey,Mickey Gray,5-9,,"Chatham, Ontario",1966,1966-67,Chatham,Ontario,Canada
MacDougal,Gary,Gary MacDougal,5-10,,"Timmins, Ontario",1966,1966-67,Timmins,Ontario,Canada
McLachlan,Dick,Dick McLachlan,-,,"Newmarket, Ontario",1966,1966-67,Newmarket,Ontario,Canada
Morgan,Charles,Charles Morgan,-,,,1966,1966-67,,,
Parker,Jack,Jack Parker,5-10,3/11/1945,"Somerville, Massachusetts",1966,1966-67,Somerville,Massachusetts,United States
Quinn,Jim,Jim Quinn,5-11,2/26/1944,"Somerville, Massachusetts",1966,1966-67,Somerville,Massachusetts,United States
Riley Jr.,Bill,Bill Riley Jr.,5-6,,"Medford, Massachusetts",1966,1966-67,Medford,Massachusetts,United States
Sobeski,Mike,Mike Sobeski,5-9,3/24/1945,"Woodstock, Ontario",1966,1966-67,Woodstock,Ontario,Canada
Wakabayashi,Herb,Herb Wakabayashi,5-5,12/23/1944,"Neys, Ontario",1966,1966-67,Neys,Ontario,Canada
Wood,Jim,Jim Wood,5-9,,"Belmont, Massachusetts",1966,1966-67,Belmont,Massachusetts,United States
Wright,Eddie,Eddie Wright,5-5,,"Chatham, Ontario",1966,1966-67,Chatham,Ontario,Canada
Crisafulli,Dave,Dave Crisafulli,5-7,,"Belmont, Massachusetts",1966,1966-67,Belmont,Massachusetts,United States
McCann,Jim,Jim McCann,5-7,,"Dedham, Massachusetts",1966,1966-67,Dedham,Massachusetts,United States
Ryan,Wayne,Wayne Ryan,5-9,,"Welland, Ontario",1966,1966-67,Welland,Ontario,Canada
Abbott,Darrell,Darrell Abbott,6-3,,"Lennoxville, Quebec",1967,1967-68,Lennoxville,Quebec,Canada
Dakin,Jim,Jim Dakin,5-11,,"Lynn, Massachusetts",1967,1967-68,Lynn,Massachusetts,United States
Decker,Wayne,Wayne Decker,5-10,,"Kitchener, Ontario",1967,1967-68,Kitchener,Ontario,Canada
Hinch,Bill,Bill Hinch,6-3,6/7/1945,"Swampscott, Massachusetts",1967,1967-68,Swampscott,Massachusetts,United States
Kirby,Terry,Terry Kirby,5-10,,"Malton, Ontario",1967,1967-68,Malton,Ontario,Canada
McBride,Steve,Steve McBride,6-3,,"Belmont, Massachusetts",1967,1967-68,Belmont,Massachusetts,United States
Valle,Dick,Dick Valle,6-0,,"Newton, Massachusetts",1967,1967-68,Newton,Massachusetts,United States
Boily,Serge,Serge Boily,5-9,,"LaSalle, Quebec",1967,1967-68,LaSalle,Quebec,Canada
Bowering,Dick,Dick Bowering,5-9,,"Toronto, Ontario",1967,1967-68,Toronto,Ontario,Canada
Cooke,John,John Cooke,5-9,,"Regina, Saskatchewan",1967,1967-68,Regina,Saskatchewan,Canada
Crawley,John,John Crawley,5-9,,"Warwick, Rhode Island",1967,1967-68,Warwick,Rhode Island,United States
Davenport,Larry,Larry Davenport,5-8,,"Glencoe, Ontario",1967,1967-68,Glencoe,Ontario,Canada
Fontas,Paul,Paul Fontas,5-10,,"Lexington, Massachusetts",1967,1967-68,Lexington,Massachusetts,United States
Gama,Glen,Glen Gama,5-7,,"Providence, Rhode Island",1967,1967-68,Providence,Rhode Island,United States
Gray,Mickey,Mickey Gray,5-9,,"Chatham, Ontario",1967,1967-68,Chatham,Ontario,Canada
Hyndman,Mike,Mike Hyndman,6-1,12/8/1945,"Quebec, Quebec",1967,1967-68,Quebec,Quebec,Canada
Maus,Blaine,Blaine Maus,5-9,,"Westwood, Massachusetts",1967,1967-68,Westwood,Massachusetts,United States
Parker,Jack,Jack Parker,5-10,3/11/1945,"Somerville, Massachusetts",1967,1967-68,Somerville,Massachusetts,United States
Riley Jr.,Bill,Bill Riley Jr.,5-6,,"Medford, Massachusetts",1967,1967-68,Medford,Massachusetts,United States
Toomey,Dick,Dick Toomey,5-11,,"Newtonville, Massachusetts",1967,1967-68,Newtonville,Massachusetts,United States
Wakabayashi,Herb,Herb Wakabayashi,5-5,12/23/1944,"Neys, Ontario",1967,1967-68,Neys,Ontario,Canada
Wright,Eddie,Eddie Wright,5-5,,"Chatham, Ontario",1967,1967-68,Chatham,Ontario,Canada
Doyle,Dennis,Dennis Doyle,5-6,,"Westport, Connecticut",1967,1967-68,Westport,Connecticut,United States
Fennie,Mark,Mark Fennie,5-10,,"Buffalo, New York",1967,1967-68,Buffalo,New York,United States
Katzenbach,Jeff,Jeff Katzenbach,5-9,,"Palisades, New York",1967,1967-68,Palisades,New York,United States
McCann,Jim,Jim McCann,5-7,,"Dedham, Massachusetts",1967,1967-68,Dedham,Massachusetts,United States
Abbott,Darrell,Darrell Abbott,6-3,,"Lennoxville, Quebec",1968,1968-69,Lennoxville,Quebec,Canada
Dakin,Jim,Jim Dakin,5-11,,"Lynn, Massachusetts",1968,1968-69,Lynn,Massachusetts,United States
Decker,Wayne,Wayne Decker,5-10,,"Kitchener, Ontario",1968,1968-69,Kitchener,Ontario,Canada
Hinch,Bill,Bill Hinch,6-3,6/7/1945,"Swampscott, Massachusetts",1968,1968-69,Swampscott,Massachusetts,United States
Yetten,Peter,Peter Yetten,-,,"Waltham, Massachusetts",1968,1968-69,Waltham,Massachusetts,United States
Boily,Serge,Serge Boily,5-9,,"LaSalle, Quebec",1968,1968-69,LaSalle,Quebec,Canada
Davenport,Larry,Larry Davenport,5-8,,"Glencoe, Ontario",1968,1968-69,Glencoe,Ontario,Canada
Fortier,Gene,Gene Fortier,-,,"Balmertown, Onatrio",1968,1968-69,Balmertown,Ontario,Canada
Gama,Glen,Glen Gama,5-7,,"Providence, Rhode Island",1968,1968-69,Providence,Rhode Island,United States
Gowing,Wayne,Wayne Gowing,-,,"Kitchener, Ontario",1968,1968-69,Kitchener,Ontario,Canada
Gray,Mickey,Mickey Gray,5-9,,"Chatham, Ontario",1968,1968-69,Chatham,Ontario,Canada
Gryp,Bob,Bob Gryp,6-1,5/6/1950,"Chatham, Ontario",1968,1968-69,Chatham,Ontario,Canada
Hatton,Bruce,Bruce Hatton,-,,,1968,1968-69,,,
Holmen,Thomas,Thomas Holmen,-,,"Duluth, Minnesota",1968,1968-69,Duluth,Minnesota,United States
Hyndman,Mike,Mike Hyndman,6-1,12/8/1945,"Quebec, Quebec",1968,1968-69,Quebec,Quebec,Canada
Johnson,Bob,Bob Johnson,-,,,1968,1968-69,,,
Maus,Blaine,Blaine Maus,5-9,,"Westwood, Massachusetts",1968,1968-69,Westwood,Massachusetts,United States
Stirling,Steve,Steve Stirling,5-10,11/19/1949,"Clarkson, Ontario",1968,1968-69,Clarkson,Ontario,Canada
Toomey,Dick,Dick Toomey,5-11,,"Newtonville, Massachusetts",1968,1968-69,Newtonville,Massachusetts,United States
Wakabayashi,Herb,Herb Wakabayashi,5-5,12/23/1944,"Neys, Ontario",1968,1968-69,Neys,Ontario,Canada
Wright,Eddie,Eddie Wright,5-5,,"Chatham, Ontario",1968,1968-69,Chatham,Ontario,Canada
Fennie,Mark,Mark Fennie,5-10,,"Buffalo, New York",1968,1968-69,Buffalo,New York,United States
McCann,Jim,Jim McCann,5-7,,"Dedham, Massachusetts",1968,1968-69,Dedham,Massachusetts,United States
Regan,Tim,Tim Regan,6-2,12/28/1949,"Providence, Rhode Island",1968,1968-69,Providence,Rhode Island,United States
Weiss,Saul,Saul Weiss,-,,,1968,1968-69,,,
Brown,Bob,Bob Brown,6-1,12/18/1950,"Toronto, Ontario",1969,1969-70,Toronto,Ontario,Canada
Bryand,Ted,Ted Bryand,-,,"Cranston, Rhode Island",1969,1969-70,Cranston,Rhode Island,United States
Decker,Wayne,Wayne Decker,5-10,,"Kitchener, Ontario",1969,1969-70,Kitchener,Ontario,Canada
Fenwick,Bill,Bill Fenwick,-,,"London, Ontario",1969,1969-70,London,Ontario,Canada
Murray,Bob,Bob Murray,6-0,7/11/1950,"Boston, Massachusetts",1969,1969-70,Boston,Massachusetts,United States
Richard Jordan,John,Ric Jordan,6-3,3/31/1950,"Toronto, Ontario",1969,1969-70,Toronto,Ontario,Canada
Yetten,Peter,Peter Yetten,-,,"Waltham, Massachusetts",1969,1969-70,Waltham,Massachusetts,United States
Anderson,Ron,Ron Anderson,5-10,1/21/1950,"Moncton, New Brunswick",1969,1969-70,Moncton,New Brunswick,Canada
Burrowes,Guy,Guy Burrowes,5-10,3/4/1948,"Niagara Falls, Ontario",1969,1969-70,Niagara Falls,Ontario,Canada
Cahoon,Don,Don Cahoon,5-9,4/13/1949,"Lynn, Massachusetts",1969,1969-70,Lynn,Massachusetts,United States
Danby,John,John Danby,5-10,7/20/1948,"Toronto, Ontario",1969,1969-70,Toronto,Ontario,Canada
Davenport,Larry,Larry Davenport,5-8,,"Glencoe, Ontario",1969,1969-70,Glencoe,Ontario,Canada
Donaldson,Coleman,Coleman Donaldson,-,,"Princeton, New Jersey",1969,1969-70,Princeton,New Jersey,United States
Donovan,John,John Donovan,-,,"Burbank, California",1969,1969-70,Burbank,California,United States
Giandomenico,Paul,Paul Giandomenico,5-5,10/30/1949,"Boston, Massachusetts",1969,1969-70,Boston,Massachusetts,United States
Gowing,Wayne,Wayne Gowing,-,,"Kitchener, Ontario",1969,1969-70,Kitchener,Ontario,Canada
Gryp,Bob,Bob Gryp,6-1,5/6/1950,"Chatham, Ontario",1969,1969-70,Chatham,Ontario,Canada
Hatton,Bruce,Bruce Hatton,-,,,1969,1969-70,,,
Hyndman,Mike,Mike Hyndman,6-1,12/8/1945,"Quebec, Quebec",1969,1969-70,Quebec,Quebec,Canada
Meehan,Joe,Joe Meehan,-,,"Weston, Ontario",1969,1969-70,Weston,Ontario,Canada
Stirling,Steve,Steve Stirling,5-10,11/19/1949,"Clarkson, Ontario",1969,1969-70,Clarkson,Ontario,Canada
Thornton,Peter,Peter Thornton,5-8,,"Scarborough, Ontario",1969,1969-70,Scarborough,Ontario,Canada
Toomey,Dick,Dick Toomey,5-11,,"Newtonville, Massachusetts",1969,1969-70,Newtonville,Massachusetts,United States
Brady,Dan,Dan Brady,5-11,8/25/1950,"Canton, New York",1969,1969-70,Canton,New York,United States
Brueckner,Stefan,Stefan Brueckner,-,,"Santa Monica, California",1969,1969-70,Santa Monica,California,United States
Regan,Tim,Tim Regan,6-2,12/28/1949,"Providence, Rhode Island",1969,1969-70,Providence,Rhode Island,United States
Abbott,Larry,Larry Abbott,5-10,,"Melrose, Massachusetts",1970,1970-71,Melrose,Massachusetts,United States
Brown,Bob,Bob Brown,6-1,12/18/1950,"Toronto, Ontario",1970,1970-71,Toronto,Ontario,Canada
LaGarde,Mike,Mike LaGarde,-,,"Roxboro, Quebec",1970,1970-71,Roxboro,Quebec,Canada
Murray,Bob,Bob Murray,6-0,7/11/1950,"Boston, Massachusetts",1970,1970-71,Boston,Massachusetts,United States
Jordan,Ric,Ric Jordan,6-3,3/31/1950,"Toronto, Ontario",1970,1970-71,Toronto,Ontario,Canada
Warner,David,David Warner,-,,"Niagara Falls, Ontario",1970,1970-71,Niagara Falls,Ontario,Canada
Yetten,Peter,Peter Yetten,-,,"Waltham, Massachusetts",1970,1970-71,Waltham,Massachusetts,United States
Anderson,Ron,Ron Anderson,5-10,1/21/1950,"Moncton, New Brunswick",1970,1970-71,Moncton,New Brunswick,Canada
Burrowes,Guy,Guy Burrowes,5-10,3/4/1948,"Niagara Falls, Ontario",1970,1970-71,Niagara Falls,Ontario,Canada
Cahoon,Don,Don Cahoon,5-9,4/13/1949,"Lynn, Massachusetts",1970,1970-71,Lynn,Massachusetts,United States
Cournoyea,Ray,Ray Cournoyea,5-9,8/6/1950,"Niagara Falls, Ontario",1970,1970-71,Niagara Falls,Ontario,Canada
Danby,John,John Danby,5-10,7/20/1948,"Toronto, Ontario",1970,1970-71,Toronto,Ontario,Canada
Dolloff,Steve,Steve Dolloff,5-10,,"Melrose, Massachusetts",1970,1970-71,Melrose,Massachusetts,United States
Flynn,Bill,Bill Flynn,5-10,1/31/1951,"Everett, Massachusetts",1970,1970-71,Everett,Massachusetts,United States
Giandomenico,Paul,Paul Giandomenico,5-5,10/30/1949,"Boston, Massachusetts",1970,1970-71,Boston,Massachusetts,United States
Gowing,Wayne,Wayne Gowing,-,,"Kitchener, Ontario",1970,1970-71,Kitchener,Ontario,Canada
Gryp,Bob,Bob Gryp,6-1,5/6/1950,"Chatham, Ontario",1970,1970-71,Chatham,Ontario,Canada
Prechac,Olivier,Olivier Prechac,5-9,1/5/1945,"Versailles, France",1970,1970-71,Versailles,Île-de-France,France
Stirling,Steve,Steve Stirling,5-10,11/19/1949,"Clarkson, Ontario",1970,1970-71,Clarkson,Ontario,Canada
Thornton,Peter,Peter Thornton,5-8,,"Scarborough, Ontario",1970,1970-71,Scarborough,Ontario,Canada
Brady,Dan,Dan Brady,5-11,8/25/1950,"Canton, New York",1970,1970-71,Canton,New York,United States
Brueckner,Stefan,Stefan Brueckner,-,,"Santa Monica, California",1970,1970-71,Santa Monica,California,United States
Regan,Tim,Tim Regan,6-2,12/28/1949,"Providence, Rhode Island",1970,1970-71,Providence,Rhode Island,United States
Abbott,Larry,Larry Abbott,5-10,,"Melrose, Massachusetts",1971,1971-72,Melrose,Massachusetts,United States
Brown,Bob,Bob Brown,6-1,12/18/1950,"Toronto, Ontario",1971,1971-72,Toronto,Ontario,Canada
LaGarde,Mike,Mike LaGarde,-,,"Roxboro, Quebec",1971,1971-72,Roxboro,Quebec,Canada
Murray,Bob,Bob Murray,6-0,7/11/1950,"Boston, Massachusetts",1971,1971-72,Boston,Massachusetts,United States
Jordan,Ric,Ric Jordan,6-3,3/31/1950,"Toronto, Ontario",1971,1971-72,Toronto,Ontario,Canada
Warner,David,David Warner,-,,"Niagara Falls, Ontario",1971,1971-72,Niagara Falls,Ontario,Canada
Anderson,Ron,Ron Anderson,5-10,1/21/1950,"Moncton, New Brunswick",1971,1971-72,Moncton,New Brunswick,Canada
Burrowes,Guy,Guy Burrowes,5-10,3/4/1948,"Niagara Falls, Ontario",1971,1971-72,Niagara Falls,Ontario,Canada
Cahoon,Don,Don Cahoon,5-9,4/13/1949,"Lynn, Massachusetts",1971,1971-72,Lynn,Massachusetts,United States
Connors,Jim,Jim Connors,-,,"Brookline, Massachusetts",1971,1971-72,Brookline,Massachusetts,United States
Cournoyea,Ray,Ray Cournoyea,5-9,8/6/1950,"Niagara Falls, Ontario",1971,1971-72,Niagara Falls,Ontario,Canada
Danby,John,John Danby,5-10,7/20/1948,"Toronto, Ontario",1971,1971-72,Toronto,Ontario,Canada
Dolloff,Steve,Steve Dolloff,5-10,,"Melrose, Massachusetts",1971,1971-72,Melrose,Massachusetts,United States
Flynn,Bill,Bill Flynn,5-10,1/31/1951,"Everett, Massachusetts",1971,1971-72,Everett,Massachusetts,United States
Fowle,Ray,Ray Fowle,-,,"Niagara Falls, Ontario",1971,1971-72,Niagara Falls,Ontario,Canada
Giandomenico,Paul,Paul Giandomenico,5-5,10/30/1949,"Boston, Massachusetts",1971,1971-72,Boston,Massachusetts,United States
Gryp,Bob,Bob Gryp,6-1,5/6/1950,"Chatham, Ontario",1971,1971-72,Chatham,Ontario,Canada
Judge,Alan,Alan Judge,-,,"Niagara Falls, Ontario",1971,1971-72,Niagara Falls,Ontario,Canada
Marek,Dana,Dana Marek,6-0,8/10/1953,"Stoneham, Massachusetts",1971,1971-72,Stoneham,Massachusetts,United States
O'Neil,Paul,Paul O'Neil,6-1,8/24/1953,"Boston, Massachusetts",1971,1971-72,Boston,Massachusetts,United States
Thornton,Peter,Peter Thornton,5-8,,"Scarborough, Ontario",1971,1971-72,Scarborough,Ontario,Canada
Wisener,David,David Wisener,5-10,12/10/1950,"Pictou, Nova Scotia",1971,1971-72,Pictou,Nova Scotia,Canada
Brady,Dan,Dan Brady,5-11,8/25/1950,"Canton, New York",1971,1971-72,Canton,New York,United States
Regan,Tim,Tim Regan,6-2,12/28/1949,"Providence, Rhode Island",1971,1971-72,Providence,Rhode Island,United States
Robillard,Joe,Joe Robillard,-,,"Woburn, Massachusetts",1971,1971-72,Woburn,Massachusetts,United States
Walsh,Ed,Ed Walsh,5-10,8/18/1951,"Somerville, Massachusetts",1971,1971-72,Somerville,Massachusetts,United States
Abbott,Larry,Larry Abbott,5-10,,"Melrose, Massachusetts",1972,1972-73,Melrose,Massachusetts,United States
Brown,Peter,Peter Brown,6-2,5/21/1954,"Boston, Massachusetts",1972,1972-73,Boston,Massachusetts,United States
Gryp,Jerry,Jerry Gryp,5-10,7/27/1952,"Chatham, Ontario",1972,1972-73,Chatham,Ontario,Canada
LaGarde,Mike,Mike LaGarde,-,,"Roxboro, Quebec",1972,1972-73,Roxboro,Quebec,Canada
McCann,Peter,Peter McCann,-,,"Toronto, Ontario",1972,1972-73,Toronto,Ontario,Canada
Stanfield,Vic,Vic Stanfield,5-10,5/12/1951,"Mississauga, Ontario",1972,1972-73,Mississauga,Ontario,Canada
Warner,David,David Warner,-,,"Niagara Falls, Ontario",1972,1972-73,Niagara Falls,Ontario,Canada
Powers,Buddy,Buddy Powers,-,,"Hyde Park, Massachusetts",1972,1972-73,Hyde Park,Massachusetts,United States
Bishop,Bill,Bill Bishop,-,,"Owen Sound, Ontario",1972,1972-73,Owen Sound,Ontario,Canada
Burlington,Bill,Bill Burlington,-,,"Owen Sound, Ontario",1972,1972-73,Owen Sound,Ontario,Canada
Cournoyea,Ray,Ray Cournoyea,5-9,8/6/1950,"Niagara Falls, Ontario",1972,1972-73,Niagara Falls,Ontario,Canada
Decloe,Dick,Dick Decloe,6-4,5/20/1953,"Amsterdam, Netherlands",1972,1972-73,Amsterdam,North Holland,Netherlands
Dolloff,Steve,Steve Dolloff,5-10,,"Melrose, Massachusetts",1972,1972-73,Melrose,Massachusetts,United States
Glover,Jim,Jim Glover,-,,"Mississauga, Ontario",1972,1972-73,Mississauga,Ontario,Canada
Kuzyk,Ken,Ken Kuzyk,6-1,8/11/1953,"Toronto, Ontario",1972,1972-73,Toronto,Ontario,Canada
Lowell,Jim,Jim Lowell,-,,"Glen Head, New York",1972,1972-73,Glen Head,New York,United States
Marzo,Peter,Peter Marzo,-,,"Acton, Ontario",1972,1972-73,Acton,Ontario,Canada
O'Neil,Paul,Paul O'Neil,6-1,8/24/1953,"Boston, Massachusetts",1972,1972-73,Boston,Massachusetts,United States
Robbins,Bill,Bill Robbins,-,11/21/1952,"Belleville, Ontario",1972,1972-73,Belleville,Ontario,Canada
Sennett,Dana,Dana Sennett,-,,"Waterville, Maine",1972,1972-73,Waterville,Maine,United States
Wisener,David,David Wisener,5-10,12/10/1950,"Pictou, Nova Scotia",1972,1972-73,Pictou,Nova Scotia,Canada
Bresnehan,John,John Bresnehan,-,,"Westport, Connecticut",1972,1972-73,Westport,Connecticut,United States
Robillard,Joe,Joe Robillard,-,,"Woburn, Massachusetts",1972,1972-73,Woburn,Massachusetts,United States
Walsh,Ed,Ed Walsh,5-10,8/18/1951,"Somerville, Massachusetts",1972,1972-73,Somerville,Massachusetts,United States
Bannerman,Chris,Chris Bannerman,-,,"Elliot Lake, Ontario",1973,1973-74,Elliot Lake,Ontario,Canada
Brown,Peter,Peter Brown,6-2,5/21/1954,"Boston, Massachusetts",1973,1973-74,Boston,Massachusetts,United States
Fay,Gary,Gary Fay,-,10/23/1955,"Brookline, Massachusetts",1973,1973-74,Brookline,Massachusetts,United States
Gryp,Jerry,Jerry Gryp,5-10,7/27/1952,"Chatham, Ontario",1973,1973-74,Chatham,Ontario,Canada
Stanfield,Vic,Vic Stanfield,5-10,5/12/1951,"Mississauga, Ontario",1973,1973-74,Mississauga,Ontario,Canada
Sunderland,Bob,Bob Sunderland,6-2,3/27/1955,"Braintree, Massachusetts",1973,1973-74,Braintree,Massachusetts,United States
Powers,Francis,Buddy Powers,-,,"Hyde Park, Massachusetts",1973,1973-74,Hyde Park,Massachusetts,United States
Bishop,Bill,Bill Bishop,-,,"Owen Sound, Ontario",1973,1973-74,Owen Sound,Ontario,Canada
Buckton,Bill,Bill Buckton,-,,"Southampton, Ontario",1973,1973-74,Southampton,Ontario,Canada
Burlington,Bill,Bill Burlington,-,,"Owen Sound, Ontario",1973,1973-74,Owen Sound,Ontario,Canada
Cournoyea,Ray,Ray Cournoyea,5-9,8/6/1950,"Niagara Falls, Ontario",1973,1973-74,Niagara Falls,Ontario,Canada
Eruzione,Mike,Mike Eruzione,5-10,10/25/1954,"Winthrop, Massachusetts",1973,1973-74,Winthrop,Massachusetts,United States
Glover,Jim,Jim Glover,-,,"Mississauga, Ontario",1973,1973-74,Mississauga,Ontario,Canada
Kuzyk,Ken,Ken Kuzyk,6-1,8/11/1953,"Toronto, Ontario",1973,1973-74,Toronto,Ontario,Canada
Lowell,Jim,Jim Lowell,-,,"Glen Head, New York",1973,1973-74,Glen Head,New York,United States
Marzo,Peter,Peter Marzo,-,,"Acton, Ontario",1973,1973-74,Acton,Ontario,Canada
McClellan,John,John McClellan,5-11,7/9/1955,"Boston, Massachusetts",1973,1973-74,Boston,Massachusetts,United States
Meagher,Rick,Rick Meagher,5-9,11/2/1953,"Belleville, Ontario",1973,1973-74,Belleville,Ontario,Canada
Meagher,Terry,Terry Meagher,-,,"Belleville, Ontario",1973,1973-74,Belleville,Ontario,Canada
Mescon,Stan,Stan Mescon,-,,,1973,1973-74,,,
Robbins,Bill,Bill Robbins,-,11/21/1952,"Belleville, Ontario",1973,1973-74,Belleville,Ontario,Canada
Sennett,Dana,Dana Sennett,-,,"Waterville, Maine",1973,1973-74,Waterville,Maine,United States
Devlin,Pat,Pat Devlin,-,,"Milton, Ontario",1973,1973-74,Milton,Ontario,Canada
Robillard,Joe,Joe Robillard,-,,"Woburn, Massachusetts",1973,1973-74,Woburn,Massachusetts,United States
Walsh,Ed,Ed Walsh,5-10,8/18/1951,"Somerville, Massachusetts",1973,1973-74,Somerville,Massachusetts,United States
Bannerman,Chris,Chris Bannerman,-,,"Elliot Lake, Ontario",1974,1974-75,Elliot Lake,Ontario,Canada
Brown,Peter,Peter Brown,6-2,5/21/1954,"Boston, Massachusetts",1974,1974-75,Boston,Massachusetts,United States
Dudley,Bob,Bob Dudley,-,10/07/1955,"Belleville, Ontario",1974,1974-75,Belleville,Ontario,Canada
Fay,Gary,Gary Fay,-,10/23/1955,"Brookline, Massachusetts",1974,1974-75,Brookline,Massachusetts,United States
Gryp,Jerry,Jerry Gryp,5-10,7/27/1952,"Chatham, Ontario",1974,1974-75,Chatham,Ontario,Canada
Stanfield,Vic,Vic Stanfield,5-10,5/12/1951,"Mississauga, Ontario",1974,1974-75,Mississauga,Ontario,Canada
Sunderland,Bob,Bob Sunderland,6-2,3/27/1955,"Braintree, Massachusetts",1974,1974-75,Braintree,Massachusetts,United States
Powers,Francis,Buddy Powers,-,,"Hyde Park, Massachusetts",1974,1974-75,Hyde Park,Massachusetts,United States
Allan,Mike,Mike Allan,-,,"Mississauga, Ontario",1974,1974-75,Mississauga,Ontario,Canada
Bishop,Bill,Bill Bishop,-,,"Owen Sound, Ontario",1974,1974-75,Owen Sound,Ontario,Canada
Buckton,Bill,Bill Buckton,-,,"Southampton, Ontario",1974,1974-75,Southampton,Ontario,Canada
Burlington,Bill,Bill Burlington,-,,"Owen Sound, Ontario",1974,1974-75,Owen Sound,Ontario,Canada
Eruzione,Mike,Mike Eruzione,5-10,10/25/1954,"Winthrop, Massachusetts",1974,1974-75,Winthrop,Massachusetts,United States
Fidler,Mike,Mike Fidler,5-11,8/19/1956,"Everett, Massachusetts",1974,1974-75,Everett,Massachusetts,United States
Glover,Jim,Jim Glover,-,,"Mississauga, Ontario",1974,1974-75,Mississauga,Ontario,Canada
Kuzyk,Ken,Ken Kuzyk,6-1,8/11/1953,"Toronto, Ontario",1974,1974-75,Toronto,Ontario,Canada
Lowell,Jim,Jim Lowell,-,,"Glen Head, New York",1974,1974-75,Glen Head,New York,United States
Marzo,Peter,Peter Marzo,-,,"Acton, Ontario",1974,1974-75,Acton,Ontario,Canada
McClellan,John,John McClellan,5-11,7/9/1955,"Boston, Massachusetts",1974,1974-75,Boston,Massachusetts,United States
Meagher,Terry,Terry Meagher,-,,"Belleville, Ontario",1974,1974-75,Belleville,Ontario,Canada
Meagher,Rick,Rick Meagher,5-9,11/2/1953,"Belleville, Ontario",1974,1974-75,Belleville,Ontario,Canada
Robbins,Bill,Bill Robbins,-,11/21/1952,"Belleville, Ontario",1974,1974-75,Belleville,Ontario,Canada
Russell,Bill,Bill Russell,-,,"Billerica, Massachusetts",1974,1974-75,Billerica,Massachusetts,United States
Devlin,Pat,Pat Devlin,-,,"Milton, Ontario",1974,1974-75,Milton,Ontario,Canada
Durocher,Brian,Brian Durocher,-,10/18/1956,"Longmeadow, Massachusetts",1974,1974-75,Longmeadow,Massachusetts,United States
Bannerman,Chris,Chris Bannerman,-,,"Elliot Lake, Ontario",1975,1975-76,Elliot Lake,Ontario,Canada
Boileau,Bob,Bob Boileau,6-0,3/25/1957,"Pointe-Claire, Quebec",1975,1975-76,Pointe-Claire,Quebec,Canada
Brown,Peter,Peter Brown,6-2,5/21/1954,"Boston, Massachusetts",1975,1975-76,Boston,Massachusetts,United States
Dudley,Bob,Bob Dudley,-,10/07/1955,"Belleville, Ontario",1975,1975-76,Belleville,Ontario,Canada
Fay,Gary,Gary Fay,-,10/23/1955,"Brookline, Massachusetts",1975,1975-76,Brookline,Massachusetts,United States
Fox,John,John Fox,-,03/30/1956,"Willowdale, Ontario",1975,1975-76,Willowdale,Ontario,Canada
Gryp,Jerry,Jerry Gryp,5-10,7/27/1952,"Chatham, Ontario",1975,1975-76,Chatham,Ontario,Canada
O'Callahan,Jack,Jack O'Callahan,6-1,6/24/1957,"Charlestown, Massachusetts",1975,1975-76,Charlestown,Massachusetts,United States
O'Neill,Bill,Bill O'Neill,-,,"Lynn, Massachusetts",1975,1975-76,Lynn,Massachusetts,United States
Sunderland,Bob,Bob Sunderland,6-2,3/27/1955,"Braintree, Massachusetts",1975,1975-76,Braintree,Massachusetts,United States
Buckton,Bill,Bill Buckton,-,,"Southampton, Ontario",1975,1975-76,Southampton,Ontario,Canada
Eruzione,Mike,Mike Eruzione,5-10,10/25/1954,"Winthrop, Massachusetts",1975,1975-76,Winthrop,Massachusetts,United States
Fidler,Mike,Mike Fidler,5-11,8/19/1956,"Everett, Massachusetts",1975,1975-76,Everett,Massachusetts,United States
Hetnik,Marc,Marc Hetnik,5-10,11/25/1956,"Meriden, Connecticut",1975,1975-76,Meriden,Connecticut,United States
Kuzyk,Ken,Ken Kuzyk,6-1,8/11/1953,"Toronto, Ontario",1975,1975-76,Toronto,Ontario,Canada
Marden,Matt,Matt Marden,-,06/24/1956,"Malden, Massachusetts",1975,1975-76,Malden,Massachusetts,United States
Marzo,Peter,Peter Marzo,-,,"Acton, Ontario",1975,1975-76,Acton,Ontario,Canada
McClellan,John,John McClellan,5-11,7/9/1955,"Boston, Massachusetts",1975,1975-76,Boston,Massachusetts,United States
Meagher,Terry,Terry Meagher,-,,"Belleville, Ontario",1975,1975-76,Belleville,Ontario,Canada
Meagher,Rick,Rick Meagher,5-9,11/2/1953,"Belleville, Ontario",1975,1975-76,Belleville,Ontario,Canada
Mullen,Mickey,Mickey Mullen,-,06/28/1956,"Sarnia, Ontario",1975,1975-76,Sarnia,Ontario,Canada
Mullins,Vince,Vince Mullins,-,07/22/1955,"Tecumseh, Ontario",1975,1975-76,Tecumseh,Ontario,Canada
Robbins,Bill,Bill Robbins,-,11/21/1952,"Belleville, Ontario",1975,1975-76,Belleville,Ontario,Canada
Devlin,Pat,Pat Devlin,-,,"Milton, Ontario",1975,1975-76,Milton,Ontario,Canada
Durocher,Brian,Brian Durocher,-,10/18/1956,"Longmeadow, Massachusetts",1975,1975-76,Longmeadow,Massachusetts,United States
Boileau,Bob,Bob Boileau,6-0,3/25/1957,"Pointe-Claire, Quebec",1976,1976-77,Pointe-Claire,Quebec,Canada
Dudley,Bob,Bob Dudley,-,10/07/1955,"Belleville, Ontario",1976,1976-77,Belleville,Ontario,Canada
Fay,Gary,Gary Fay,-,10/23/1955,"Brookline, Massachusetts",1976,1976-77,Brookline,Massachusetts,United States
Fox,John,John Fox,-,03/30/1956,"Willowdale, Ontario",1976,1976-77,Willowdale,Ontario,Canada
Lamby,Dick,Dick Lamby,6-1,5/3/1955,"Worcester, Massachusetts",1976,1976-77,Worcester,Massachusetts,United States
McMahon,Pat,Pat McMahon,-,,"Winnetka, Illinois",1976,1976-77,Winnetka,Illinois,United States
Nieland,Scott,Scott Nieland,-,,"Edina, Minnesota",1976,1976-77,Edina,Minnesota,United States
O'Callahan,Jack,Jack O'Callahan,6-1,6/24/1957,"Charlestown, Massachusetts",1976,1976-77,Charlestown,Massachusetts,United States
O'Neill,Bill,Bill O'Neill,-,,"Lynn, Massachusetts",1976,1976-77,Lynn,Massachusetts,United States
Bethel,John,John Bethel,5-11,1/15/1957,"Montreal, Quebec",1976,1976-77,Montreal,Quebec,Canada
Corriveau,John,John Corriveau,6-1,7/1/1955,"Manchester, New Hampshire",1976,1976-77,Manchester,New Hampshire,United States
Eruzione,Mike,Mike Eruzione,5-10,10/25/1954,"Winthrop, Massachusetts",1976,1976-77,Winthrop,Massachusetts,United States
Gibson,Steve,Steve Gibson,-,06/02/1956,"Montreal, Quebec",1976,1976-77,Montreal,Quebec,Canada
Hetnik,Marc,Marc Hetnik,5-10,11/25/1956,"Meriden, Connecticut",1976,1976-77,Meriden,Connecticut,United States
LeBlond,Bill,Bill LeBlond,-,01/11/1957,"New Canaan, Connecticut",1976,1976-77,New Canaan,Connecticut,United States
Marden,Matt,Matt Marden,-,06/24/1956,"Malden, Massachusetts",1976,1976-77,Malden,Massachusetts,United States
McClellan,John,John McClellan,5-11,7/9/1955,"Boston, Massachusetts",1976,1976-77,Boston,Massachusetts,United States
Meagher,Tony,Tony Meagher,5-9,,"Belleville, Ontario",1976,1976-77,Belleville,Ontario,Canada
Meagher,Rick,Rick Meagher,5-9,11/2/1953,"Belleville, Ontario",1976,1976-77,Belleville,Ontario,Canada
Melanson,John,John Melanson,-,03/29/1957,"Wakefield, Massachusetts",1976,1976-77,Wakefield,Massachusetts,United States
Mullen,Mickey,Mickey Mullen,-,06/28/1956,"Sarnia, Ontario",1976,1976-77,Sarnia,Ontario,Canada
Mullins,Vince,Vince Mullins,-,07/22/1955,"Tecumseh, Ontario",1976,1976-77,Tecumseh,Ontario,Canada
Pidgeon,Mike,Mike Pidgeon,6-2,1/27/1958,"Oshawa, Ontario",1976,1976-77,Oshawa,Ontario,Canada
Silk,Dave,Dave Silk,5-11,1/1/1958,"Scituate, Massachusetts",1976,1976-77,Scituate,Massachusetts,United States
Craig,Jim,Jim Craig,6-1,5/31/1957,"Easton, Massachusetts",1976,1976-77,Easton,Massachusetts,United States
Durocher,Brian,Brian Durocher,-,10/18/1956,"Longmeadow, Massachusetts",1976,1976-77,Longmeadow,Massachusetts,United States
Boileau,Bob,Bob Boileau,6-0,3/25/1957,"Pointe-Claire, Quebec",1977,1977-78,Pointe-Claire,Quebec,Canada
Fox,John,John Fox,-,03/30/1956,"Willowdale, Ontario",1977,1977-78,Willowdale,Ontario,Canada
Lamby,Dick,Dick Lamby,6-1,5/3/1955,"Worcester, Massachusetts",1977,1977-78,Worcester,Massachusetts,United States
Nieland,Scott,Scott Nieland,-,,"Edina, Minnesota",1977,1977-78,Edina,Minnesota,United States
O'Callahan,Jack,Jack O'Callahan,6-1,6/24/1957,"Charlestown, Massachusetts",1977,1977-78,Charlestown,Massachusetts,United States
O'Connor,Brian,Brian O'Connor,-,,,1977,1977-78,,,
O'Neill,Bill,Bill O'Neill,-,,"Lynn, Massachusetts",1977,1977-78,Lynn,Massachusetts,United States
Bethel,John,John Bethel,5-11,1/15/1957,"Montreal, Quebec",1977,1977-78,Montreal,Quebec,Canada
Corriveau,John,John Corriveau,6-1,7/1/1955,"Manchester, New Hampshire",1977,1977-78,Manchester,New Hampshire,United States
Cotter,Bill,Bill Cotter,-,4/22/1959,"Charlestown, Massachusetts",1977,1977-78,Charlestown,Massachusetts,United States
Fidler,Mark,Mark Fidler,-,,"Charlestown, Massachusetts",1977,1977-78,Charlestown,Massachusetts,United States
Hetnik,Marc,Marc Hetnik,5-10,11/25/1956,"Meriden, Connecticut",1977,1977-78,Meriden,Connecticut,United States
Johnson,Todd,Todd Johnson,-,4/16/1958,"Wayland, Massachusetts",1977,1977-78,Wayland,Massachusetts,United States
Kimball,Tim,Tim Kimball,-,,"Beverly, Massachusetts",1977,1977-78,Beverly,Massachusetts,United States
LeBlond,Bill,Bill LeBlond,-,01/11/1957,"New Canaan, Connecticut",1977,1977-78,New Canaan,Connecticut,United States
MacLeod,Daryl,Daryl MacLeod,-,2/10/1960,"Charleston, Massachusetts",1977,1977-78,Charleston,Massachusetts,United States
Marden,Matt,Matt Marden,-,06/24/1956,"Malden, Massachusetts",1977,1977-78,Malden,Massachusetts,United States
Meagher,Tony,Tony Meagher,5-9,,"Belleville, Ontario",1977,1977-78,Belleville,Ontario,Canada
Melanson,John,John Melanson,-,03/29/1957,"Wakefield, Massachusetts",1977,1977-78,Wakefield,Massachusetts,United States
Miller,Paul,Paul Miller,5-10,8/21/1959,"Billerica, Massachusetts",1977,1977-78,Billerica,Massachusetts,United States
Mullen,Mickey,Mickey Mullen,-,06/28/1956,"Sarnia, Ontario",1977,1977-78,Sarnia,Ontario,Canada
Silk,Dave,Dave Silk,5-11,1/1/1958,"Scituate, Massachusetts",1977,1977-78,Scituate,Massachusetts,United States
Craig,Jim,Jim Craig,6-1,5/31/1957,"Easton, Massachusetts",1977,1977-78,Easton,Massachusetts,United States
Durocher,Brian,Brian Durocher,-,10/18/1956,"Longmeadow, Massachusetts",1977,1977-78,Longmeadow,Massachusetts,United States
Wels,Robert,Robert Wels,-,,,1977,1977-78,,,
Boileau,Bob,Bob Boileau,6-0,3/25/1957,"Pointe-Claire, Quebec",1978,1978-79,Pointe-Claire,Quebec,Canada
Fox,John,John Fox,-,03/30/1956,"Willowdale, Ontario",1978,1978-79,Willowdale,Ontario,Canada
Nieland,Scott,Scott Nieland,-,,"Edina, Minnesota",1978,1978-79,Edina,Minnesota,United States
O'Callahan,Jack,Jack O'Callahan,6-1,6/24/1957,"Charlestown, Massachusetts",1978,1978-79,Charlestown,Massachusetts,United States
O'Neill,Bill,Bill O'Neill,-,,"Lynn, Massachusetts",1978,1978-79,Lynn,Massachusetts,United States
Whelton,Bill,Bill Whelton,6-1,8/28/1958,"Everett, Massachusetts",1978,1978-79,Everett,Massachusetts,United States
Bethel,John,John Bethel,5-11,1/15/1957,"Montreal, Quebec",1978,1978-79,Montreal,Quebec,Canada
Corriveau,John,John Corriveau,6-1,7/1/1955,"Manchester, New Hampshire",1978,1978-79,Manchester,New Hampshire,United States
Cotter,Bill,Bill Cotter,-,4/22/1959,"Charlestown, Massachusetts",1978,1978-79,Charlestown,Massachusetts,United States
Davies,Rob,Rob Davies,5-9,12/18/1958,"Pointe-Claire, Quebec",1978,1978-79,Pointe-Claire,Quebec,Canada
Fidler,Mark,Mark Fidler,-,,"Charlestown, Massachusetts",1978,1978-79,Charlestown,Massachusetts,United States
Goegan,Grant,Grant Goegan,5-11,1/15/1955,"Victoria, British Columbia",1978,1978-79,Victoria,British Columbia,Canada
Hetnik,Marc,Marc Hetnik,5-10,11/25/1956,"Meriden, Connecticut",1978,1978-79,Meriden,Connecticut,United States
Johnson,Todd,Todd Johnson,-,4/16/1958,"Wayland, Massachusetts",1978,1978-79,Wayland,Massachusetts,United States
Kimball,Tim,Tim Kimball,-,,"Beverly, Massachusetts",1978,1978-79,Beverly,Massachusetts,United States
LeBlond,Bill,Bill LeBlond,-,01/11/1957,"New Canaan, Connecticut",1978,1978-79,New Canaan,Connecticut,United States
MacLeod,Daryl,Daryl MacLeod,-,2/10/1960,"Charleston, Massachusetts",1978,1978-79,Charleston,Massachusetts,United States
Marshall,Dan,Dan Marshall,5-8,,"Hull, Massachusetts",1978,1978-79,Hull,Massachusetts,United States
Meagher,Tony,Tony Meagher,5-9,,"Belleville, Ontario",1978,1978-79,Belleville,Ontario,Canada
Melanson,John,John Melanson,-,03/29/1957,"Wakefield, Massachusetts",1978,1978-79,Wakefield,Massachusetts,United States
Miller,Paul,Paul Miller,5-10,8/21/1959,"Billerica, Massachusetts",1978,1978-79,Billerica,Massachusetts,United States
Mullen,Mickey,Mickey Mullen,-,06/28/1956,"Sarnia, Ontario",1978,1978-79,Sarnia,Ontario,Canada
Silk,Dave,Dave Silk,5-11,1/1/1958,"Scituate, Massachusetts",1978,1978-79,Scituate,Massachusetts,United States
Van Luvan,Ken,Ken Van Luvan,-,,,1978,1978-79,,,
Craig,Jim,Jim Craig,6-1,5/31/1957,"Easton, Massachusetts",1978,1978-79,Easton,Massachusetts,United States
Weisman,Jeff,Jeff Weisman,-,06/16/1959,"Clayton, Missouri",1978,1978-79,Clayton,Missouri,United States
Wels,Robert,Robert Wels,-,,,1978,1978-79,,,
O'Regan,Tom,Tom O'Regan,5-11,12/29/1961,"Cambridge, Massachusetts",1979,1979-80,Cambridge,Massachusetts,United States
Callaghan,Kevin,Kevin Callaghan,-,,,1979,1979-80,,,
Klapes,George,George Klapes,-,11/22/1960,"Brookline, Massachusetts",1979,1979-80,Brookline,Massachusetts,United States
Nieland,Scott,Scott Nieland,-,,"Edina, Minnesota",1979,1979-80,Edina,Minnesota,United States
Simpson,Steve,Steve Simpson,-,05/26/1959,"Boxford, Massachusetts",1979,1979-80,Boxford,Massachusetts,United States
Whelton,Bill,Bill Whelton,6-1,8/28/1958,"Everett, Massachusetts",1979,1979-80,Everett,Massachusetts,United States
August,Jerry,Jerry August,5-11,11/21/1960,"Somerville, Massachusetts",1979,1979-80,Somerville,Massachusetts,United States
Carnevale,Dan,Dan Carnevale,-,12/07/1960,"Beverly, Massachusetts",1979,1979-80,Beverly,Massachusetts,United States
Cotter,Bill,Bill Cotter,-,4/22/1959,"Charlestown, Massachusetts",1979,1979-80,Charlestown,Massachusetts,United States
Davies,Rob,Rob Davies,5-9,12/18/1958,"Pointe-Claire, Quebec",1979,1979-80,Pointe-Claire,Quebec,Canada
Fenton,Paul,Paul Fenton,5-11,12/22/1959,"Springfield, Massachusetts",1979,1979-80,Springfield,Massachusetts,United States
Fidler,Mark,Mark Fidler,-,,"Charlestown, Massachusetts",1979,1979-80,Charlestown,Massachusetts,United States
Goegan,Grant,Grant Goegan,5-11,1/15/1955,"Victoria, British Columbia",1979,1979-80,Victoria,British Columbia,Canada
Johnson,Todd,Todd Johnson,-,4/16/1958,"Wayland, Massachusetts",1979,1979-80,Wayland,Massachusetts,United States
Kimball,Tim,Tim Kimball,-,,"Beverly, Massachusetts",1979,1979-80,Beverly,Massachusetts,United States
LeBlond,Bill,Bill LeBlond,-,01/11/1957,"New Canaan, Connecticut",1979,1979-80,New Canaan,Connecticut,United States
MacLeod,Daryl,Daryl MacLeod,-,2/10/1960,"Charleston, Massachusetts",1979,1979-80,Charleston,Massachusetts,United States
Marshall,Dan,Dan Marshall,5-8,,"Hull, Massachusetts",1979,1979-80,Hull,Massachusetts,United States
Meagher,Tony,Tony Meagher,5-9,,"Belleville, Ontario",1979,1979-80,Belleville,Ontario,Canada
Melanson,John,John Melanson,-,03/29/1957,"Wakefield, Massachusetts",1979,1979-80,Wakefield,Massachusetts,United States
Miller,Paul,Paul Miller,5-10,8/21/1959,"Billerica, Massachusetts",1979,1979-80,Billerica,Massachusetts,United States
Sinclair,Marc,Marc Sinclair,-,04/12/1960,"Mississauga, Ontario",1979,1979-80,Mississauga,Ontario,Canada
Barich,Bob,Bob Barich,-,06/29/1960,"Spring Valley, New York",1979,1979-80,Spring Valley,New York,United States
Weisman,Jeff,Jeff Weisman,-,06/16/1959,"Clayton, Missouri",1979,1979-80,Clayton,Missouri,United States
O'Regan,Tom,Tom O'Regan,5-11,12/29/1961,"Cambridge, Massachusetts",1980,1980-81,Cambridge,Massachusetts,United States
Connolly,T.J.,T.J. Connolly,-,01/10/1962,"Quincy, Massachusetts",1980,1980-81,Quincy,Massachusetts,United States
Dunbar,Dale,Dale Dunbar,6-0,10/14/1961,"Winthrop, Massachusetts",1980,1980-81,Winthrop,Massachusetts,United States
Jantzi,Mike,Mike Jantzi,-,10/19/1962,"Getzville, New York",1980,1980-81,Getzville,New York,United States
Klapes,George,George Klapes,-,11/22/1960,"Brookline, Massachusetts",1980,1980-81,Brookline,Massachusetts,United States
Milton,Bruce,Bruce Milton,6-3,6/24/1962,"Brookline, Massachusetts",1980,1980-81,Brookline,Massachusetts,United States
Simpson,Steve,Steve Simpson,-,05/26/1959,"Boxford, Massachusetts",1980,1980-81,Boxford,Massachusetts,United States
Smith,Les,Les Smith,-,,"Mississauga, Ontario",1980,1980-81,Mississauga,Ontario,Canada
Whelton,Bill,Bill Whelton,6-1,8/28/1958,"Everett, Massachusetts",1980,1980-81,Everett,Massachusetts,United States
August,Jerry,Jerry August,5-11,11/21/1960,"Somerville, Massachusetts",1980,1980-81,Somerville,Massachusetts,United States
Burdett,Danny,Danny Burdett,-,,,1980,1980-81,,,
Carnevale,Dan,Dan Carnevale,-,12/07/1960,"Beverly, Massachusetts",1980,1980-81,Beverly,Massachusetts,United States
Cotter,Bill,Bill Cotter,-,4/22/1959,"Charlestown, Massachusetts",1980,1980-81,Charlestown,Massachusetts,United States
Darling,Bob,Bob Darling,5-11,,"Mississauga, Ontario",1980,1980-81,Mississauga,Ontario,Canada
Davies,Rob,Rob Davies,5-9,12/18/1958,"Pointe-Claire, Quebec",1980,1980-81,Pointe-Claire,Quebec,Canada
Fenton,Paul,Paul Fenton,5-11,12/22/1959,"Springfield, Massachusetts",1980,1980-81,Springfield,Massachusetts,United States
Fidler,Mark,Mark Fidler,-,,"Charlestown, Massachusetts",1980,1980-81,Charlestown,Massachusetts,United States
Johnson,Todd,Todd Johnson,-,4/16/1958,"Wayland, Massachusetts",1980,1980-81,Wayland,Massachusetts,United States
Kimball,Tim,Tim Kimball,-,,"Beverly, Massachusetts",1980,1980-81,Beverly,Massachusetts,United States
Luimes,John,John Luimes,-,,,1980,1980-81,,,
MacLeod,Daryl,Daryl MacLeod,-,2/10/1960,"Charleston, Massachusetts",1980,1980-81,Charleston,Massachusetts,United States
Mays,Chris,Chris Mays,-,02/04/1961,"Weston, Ontario",1980,1980-81,Weston,Ontario,Canada
Pierog,Mark,Mark Pierog,6-0,01/09/1961,"Mississauga, Ontario",1980,1980-81,Mississauga,Ontario,Canada
Sinclair,Marc,Marc Sinclair,-,04/12/1960,"Mississauga, Ontario",1980,1980-81,Mississauga,Ontario,Canada
Barich,Bob,Bob Barich,-,06/29/1960,"Spring Valley, New York",1980,1980-81,Spring Valley,New York,United States
Daskalakis,Cleon,Cleon Daskalakis,5-9,9/29/1962,"Boston, Massachusetts",1980,1980-81,Boston,Massachusetts,United States
Weisman,Jeff,Jeff Weisman,-,06/16/1959,"Clayton, Missouri",1980,1980-81,Clayton,Missouri,United States
O'Regan,Tom,Tom O'Regan,5-11,12/29/1961,"Cambridge, Massachusetts",1981,1981-82,Cambridge,Massachusetts,United States
Connolly,T.J.,T.J. Connolly,-,01/10/1962,"Quincy, Massachusetts",1981,1981-82,Quincy,Massachusetts,United States
Delorey,Joe,Joe Delorey,-,2/9/1963,"Concord, Massachusetts",1981,1981-82,Concord,Massachusetts,United States
Dunbar,Dale,Dale Dunbar,6-0,10/14/1961,"Winthrop, Massachusetts",1981,1981-82,Winthrop,Massachusetts,United States
Jantzi,Mike,Mike Jantzi,-,10/19/1962,"Getzville, New York",1981,1981-82,Getzville,New York,United States
Klapes,George,George Klapes,-,11/22/1960,"Brookline, Massachusetts",1981,1981-82,Brookline,Massachusetts,United States
Milton,Bruce,Bruce Milton,6-3,6/24/1962,"Brookline, Massachusetts",1981,1981-82,Brookline,Massachusetts,United States
August,Jerry,Jerry August,5-11,11/21/1960,"Somerville, Massachusetts",1981,1981-82,Somerville,Massachusetts,United States
Barker,Fred,Fred Barker,-,09/17/1962,"Franklin, Massachusetts",1981,1981-82,Franklin,Massachusetts,United States
Carlacci,Cesare,Cesare Carlacci,5-5,7/14/1960,"Ceprano, Italy",1981,1981-82,Ceprano,Lazio,Italy
Carnevale,Dan,Dan Carnevale,-,12/07/1960,"Beverly, Massachusetts",1981,1981-82,Beverly,Massachusetts,United States
Darling,Bob,Bob Darling,5-11,07/03/1961,"Mississauga, Ontario",1981,1981-82,Mississauga,Ontario,Canada
Davies,Rob,Rob Davies,5-9,12/18/1958,"Pointe-Claire, Quebec",1981,1981-82,Pointe-Claire,Quebec,Canada
Fenton,Paul,Paul Fenton,5-11,12/22/1959,"Springfield, Massachusetts",1981,1981-82,Springfield,Massachusetts,United States
LaGarde,Denis,Denis LaGarde,-,10/29/1960,"Roxboro, Quebec",1981,1981-82,Roxboro,Quebec,Canada
Little,Tim,Tim Little,-,01/07/1961,"Haileybury, Ontario",1981,1981-82,Haileybury,Ontario,Canada
Manty,Scott,Scott Manty,-,11/02/1962,"Walpole, Massachusetts",1981,1981-82,Walpole,Massachusetts,United States
Mays,Chris,Chris Mays,-,02/04/1961,"Weston, Ontario",1981,1981-82,Weston,Ontario,Canada
Mutch,Kevin,Kevin Mutch,-,4/27/1962,"Canton, Massachusetts",1981,1981-82,Canton,Massachusetts,United States
Pierog,Mark,Mark Pierog,6-0,01/09/1961,"Mississauga, Ontario",1981,1981-82,Mississauga,Ontario,Canada
Sinclair,Marc,Marc Sinclair,-,04/12/1960,"Mississauga, Ontario",1981,1981-82,Mississauga,Ontario,Canada
Barich,Bob,Bob Barich,-,06/29/1960,"Spring Valley, New York",1981,1981-82,Spring Valley,New York,United States
Daskalakis,Cleon,Cleon Daskalakis,5-9,9/29/1962,"Boston, Massachusetts",1981,1981-82,Boston,Massachusetts,United States
O'Regan,Tom,Tom O'Regan,5-11,12/29/1961,"Cambridge, Massachusetts",1982,1982-83,Cambridge,Massachusetts,United States
Cappellano,Joe,Joe Cappellano,-,02/29/1964,"Weymouth, Massachusetts",1982,1982-83,Weymouth,Massachusetts,United States
Connolly,T.J.,T.J. Connolly,-,01/10/1962,"Quincy, Massachusetts",1982,1982-83,Quincy,Massachusetts,United States
Delorey,Joe,Joe Delorey,-,2/9/1963,"Concord, Massachusetts",1982,1982-83,Concord,Massachusetts,United States
Dunbar,Dale,Dale Dunbar,6-0,10/14/1961,"Winthrop, Massachusetts",1982,1982-83,Winthrop,Massachusetts,United States
Klapes,George,George Klapes,-,11/22/1960,"Brookline, Massachusetts",1982,1982-83,Brookline,Massachusetts,United States
Matchett,Chris,Chris Matchett,5-9,6/9/1964,"Calgary, Alberta",1982,1982-83,Calgary,Alberta,Canada
August,Jerry,Jerry August,5-11,11/21/1960,"Somerville, Massachusetts",1982,1982-83,Somerville,Massachusetts,United States
Carlacci,Cesare,Cesare Carlacci,5-5,7/14/1960,"Ceprano, Italy",1982,1982-83,Ceprano,Lazio,Italy
Carnevale,Dan,Dan Carnevale,-,12/07/1960,"Beverly, Massachusetts",1982,1982-83,Beverly,Massachusetts,United States
Darling,Bob,Bob Darling,5-11,07/03/1961,"Mississauga, Ontario",1982,1982-83,Mississauga,Ontario,Canada
Gerlitz,Paul,Paul Gerlitz,6-0,3/23/1963,"Calgary, Alberta",1982,1982-83,Calgary,Alberta,Canada
LaGarde,Denis,Denis LaGarde,-,10/29/1960,"Roxboro, Quebec",1982,1982-83,Roxboro,Quebec,Canada
Little,Tim,Tim Little,-,01/07/1961,"Haileybury, Ontario",1982,1982-83,Haileybury,Ontario,Canada
MacGregor,Brad,Brad MacGregor,6-1,7/22/1964,"Edmonton, Alberta",1982,1982-83,Edmonton,Alberta,Canada
Majkozak,Tony,Tony Majkozak,5-8,12/17/1963,"Minneapolis, Minnesota",1982,1982-83,Minneapolis,Minnesota,United States
Marshall,Peter,Peter Marshall,5-8,10/14/1963,"Beverly, Massachusetts",1982,1982-83,Beverly,Massachusetts,United States
Mays,Chris,Chris Mays,-,02/04/1961,"Weston, Ontario",1982,1982-83,Weston,Ontario,Canada
Mutch,Kevin,Kevin Mutch,-,4/27/1962,"Canton, Massachusetts",1982,1982-83,Canton,Massachusetts,United States
Pierog,Mark,Mark Pierog,6-0,01/09/1961,"Mississauga, Ontario",1982,1982-83,Mississauga,Ontario,Canada
Sinclair,Marc,Marc Sinclair,-,04/12/1960,"Mississauga, Ontario",1982,1982-83,Mississauga,Ontario,Canada
Sullivan,Chuck,Chuck Sullivan,-,07/28/1964,"Winthrop, Massachusetts",1982,1982-83,Winthrop,Massachusetts,United States
Tiano,John,John Tiano,5-11,04/25/1964,"Winthrop, Massachusetts",1982,1982-83,Winthrop,Massachusetts,United States
Van Camp,Carl,Carl Van Camp,-,02/07/1963,"Melfort, Saskatchewan",1982,1982-83,Melfort,Saskatchewan,Canada
Barich,Bob,Bob Barich,-,06/29/1960,"Spring Valley, New York",1982,1982-83,Spring Valley,New York,United States
Daskalakis,Cleon,Cleon Daskalakis,5-9,9/29/1962,"Boston, Massachusetts",1982,1982-83,Boston,Massachusetts,United States
Cappellano,Joe,Joe Cappellano,-,02/29/1964,"Weymouth, Massachusetts",1983,1983-84,Weymouth,Massachusetts,United States
Connolly,T.J.,T.J. Connolly,-,01/10/1962,"Quincy, Massachusetts",1983,1983-84,Quincy,Massachusetts,United States
Delorey,Joe,Joe Delorey,-,2/9/1963,"Concord, Massachusetts",1983,1983-84,Concord,Massachusetts,United States
Dunbar,Dale,Dale Dunbar,6-0,10/14/1961,"Winthrop, Massachusetts",1983,1983-84,Winthrop,Massachusetts,United States
Matchett,Chris,Chris Matchett,5-9,6/9/1964,"Calgary, Alberta",1983,1983-84,Calgary,Alberta,Canada
Octeau,Jay,Jay Octeau,5-10,3/24/1965,"Providence, Rhode Island",1983,1983-84,Providence,Rhode Island,United States
Shaunessy,Scott,Scott Shaunessy,6-4,1/22/1964,"Newport, Rhode Island",1983,1983-84,Newport,Rhode Island,United States
Thiesing,David,David Thiesing,5-11,1/14/1965,"Westborough, Massachusetts",1983,1983-84,Westborough,Massachusetts,United States
Carlacci,Cesare,Cesare Carlacci,5-5,7/14/1960,"Ceprano, Italy",1983,1983-84,Ceprano,Lazio,Italy
Crozier,Steve,Steve Crozier,-,,"Niskayuna, New York",1983,1983-84,Niskayuna,New York,United States
Cullen,John,John Cullen,5-10,8/2/1964,"Puslinch, Ontario",1983,1983-84,Puslinch,Ontario,Canada
Darling,Bob,Bob Darling,5-11,07/03/1961,"Mississauga, Ontario",1983,1983-84,Mississauga,Ontario,Canada
Gerlitz,Paul,Paul Gerlitz,6-0,3/23/1963,"Calgary, Alberta",1983,1983-84,Calgary,Alberta,Canada
LaGarde,Denis,Denis LaGarde,-,10/29/1960,"Roxboro, Quebec",1983,1983-84,Roxboro,Quebec,Canada
Lowney,Ed,Ed Lowney,6-2,10/6/1965,"Revere, Massachusetts",1983,1983-84,Revere,Massachusetts,United States
MacGregor,Brad,Brad MacGregor,6-1,7/22/1964,"Edmonton, Alberta",1983,1983-84,Edmonton,Alberta,Canada
Majkozak,Tony,Tony Majkozak,5-8,12/17/1963,"Minneapolis, Minnesota",1983,1983-84,Minneapolis,Minnesota,United States
Marshall,Peter,Peter Marshall,5-8,10/14/1963,"Beverly, Massachusetts",1983,1983-84,Beverly,Massachusetts,United States
Mays,Chris,Chris Mays,-,02/04/1961,"Weston, Ontario",1983,1983-84,Weston,Ontario,Canada
Mutch,Kevin,Kevin Mutch,-,4/27/1962,"Canton, Massachusetts",1983,1983-84,Canton,Massachusetts,United States
Pierog,Mark,Mark Pierog,6-0,01/09/1961,"Mississauga, Ontario",1983,1983-84,Mississauga,Ontario,Canada
Sullivan,Chuck,Chuck Sullivan,-,07/28/1964,"Winthrop, Massachusetts",1983,1983-84,Winthrop,Massachusetts,United States
Tiano,John,John Tiano,5-11,04/25/1964,"Winthrop, Massachusetts",1983,1983-84,Winthrop,Massachusetts,United States
Daskalakis,Cleon,Cleon Daskalakis,5-9,9/29/1962,"Boston, Massachusetts",1983,1983-84,Boston,Massachusetts,United States
Deraney,Bob,Bob Deraney,6-0,3/7/1965,"West Roxbury, Massachusetts",1983,1983-84,West Roxbury,Massachusetts,United States
Taillefer,Terry,Terry Taillefer,6-1,7/23/1965,"Calgary, Alberta",1983,1983-84,Calgary,Alberta,Canada
Cappellano,Joe,Joe Cappellano,-,02/29/1964,"Weymouth, Massachusetts",1984,1984-85,Weymouth,Massachusetts,United States
Delorey,Joe,Joe Delorey,-,2/9/1963,"Concord, Massachusetts",1984,1984-85,Concord,Massachusetts,United States
Dunbar,Dale,Dale Dunbar,6-0,10/14/1961,"Winthrop, Massachusetts",1984,1984-85,Winthrop,Massachusetts,United States
Matchett,Chris,Chris Matchett,5-9,6/9/1964,"Calgary, Alberta",1984,1984-85,Calgary,Alberta,Canada
Octeau,Jay,Jay Octeau,5-10,3/24/1965,"Providence, Rhode Island",1984,1984-85,Providence,Rhode Island,United States
Quinn,David,David Quinn,6-1,7/30/1966,"Cranston, Rhode Island",1984,1984-85,Cranston,Rhode Island,United States
Ryan,Tom,Tom Ryan,5-11,1/12/1966,"West Newton, Massachusetts",1984,1984-85,West Newton,Massachusetts,United States
Shaunessy,Scott,Scott Shaunessy,6-4,1/22/1964,"Newport, Rhode Island",1984,1984-85,Newport,Rhode Island,United States
Thiesing,David,David Thiesing,5-11,1/14/1965,"Westborough, Massachusetts",1984,1984-85,Westborough,Massachusetts,United States
Cullen,John,John Cullen,5-10,8/2/1964,"Puslinch, Ontario",1984,1984-85,Puslinch,Ontario,Canada
Donatelli,Clark,Clark Donatelli,5-10,11/22/1965,"Providence, Rhode Island",1984,1984-85,Providence,Rhode Island,United States
Foreman,Brian,Brian Foreman,6-0,5/24/1966,"Winnipeg, Manitoba",1984,1984-85,Winnipeg,Manitoba,Canada
Gerlitz,Paul,Paul Gerlitz,6-0,3/23/1963,"Calgary, Alberta",1984,1984-85,Calgary,Alberta,Canada
Labrosse,Eric,Eric Labrosse,5-11,2/2/1967,"Montreal, Quebec",1984,1984-85,Montreal,Quebec,Canada
Lowney,Ed,Ed Lowney,6-2,10/6/1965,"Revere, Massachusetts",1984,1984-85,Revere,Massachusetts,United States
MacGregor,Brad,Brad MacGregor,6-1,7/22/1964,"Edmonton, Alberta",1984,1984-85,Edmonton,Alberta,Canada
Majkozak,Tony,Tony Majkozak,5-8,12/17/1963,"Minneapolis, Minnesota",1984,1984-85,Minneapolis,Minnesota,United States
Marshall,Peter,Peter Marshall,5-8,10/14/1963,"Beverly, Massachusetts",1984,1984-85,Beverly,Massachusetts,United States
Mutch,Kevin,Kevin Mutch,-,4/27/1962,"Canton, Massachusetts",1984,1984-85,Canton,Massachusetts,United States
Sanders,Scott,Scott Sanders,5-11,11/3/1965,"Mississauga, Ontario",1984,1984-85,Mississauga,Ontario,Canada
Sullivan,Chuck,Chuck Sullivan,-,07/28/1964,"Winthrop, Massachusetts",1984,1984-85,Winthrop,Massachusetts,United States
Sveen,Jeff,Jeff Sveen,5-11,2/5/1966,"Sherwood Park, Alberta",1984,1984-85,Sherwood Park,Alberta,Canada
Deraney,Bob,Bob Deraney,6-0,3/7/1965,"West Roxbury, Massachusetts",1984,1984-85,West Roxbury,Massachusetts,United States
Fish,Peter,Peter Fish,5-9,1/3/1966,"East Greenwich, Rhode Island",1984,1984-85,East Greenwich,Rhode Island,United States
Taillefer,Terry,Terry Taillefer,6-1,7/23/1965,"Calgary, Alberta",1984,1984-85,Calgary,Alberta,Canada
Ennis,Jim,Jim Ennis,6-0,7/10/1967,"Sherwood Park, Alberta",1985,1985-86,Sherwood Park,Alberta,Canada
Matchett,Chris,Chris Matchett,5-9,6/9/1964,"Calgary, Alberta",1985,1985-86,Calgary,Alberta,Canada
Octeau,Jay,Jay Octeau,5-10,3/24/1965,"Providence, Rhode Island",1985,1985-86,Providence,Rhode Island,United States
Quinn,David,David Quinn,6-1,7/30/1966,"Cranston, Rhode Island",1985,1985-86,Cranston,Rhode Island,United States
Ryan,Tom,Tom Ryan,5-11,1/12/1966,"West Newton, Massachusetts",1985,1985-86,West Newton,Massachusetts,United States
Shaunessy,Scott,Scott Shaunessy,6-4,1/22/1964,"Newport, Rhode Island",1985,1985-86,Newport,Rhode Island,United States
Thiesing,David,David Thiesing,5-11,1/14/1965,"Westborough, Massachusetts",1985,1985-86,Westborough,Massachusetts,United States
Werner,Kris,Kris Werner,6-0,1/21/1966,"Fergus Falls, Minnesota",1985,1985-86,Fergus Falls,Minnesota,United States
Cullen,John,John Cullen,5-10,8/2/1964,"Puslinch, Ontario",1985,1985-86,Puslinch,Ontario,Canada
Donatelli,Clark,Clark Donatelli,5-10,11/22/1965,"Providence, Rhode Island",1985,1985-86,Providence,Rhode Island,United States
Foreman,Brian,Brian Foreman,6-0,5/24/1966,"Winnipeg, Manitoba",1985,1985-86,Winnipeg,Manitoba,Canada
Gerlitz,Paul,Paul Gerlitz,6-0,3/23/1963,"Calgary, Alberta",1985,1985-86,Calgary,Alberta,Canada
Headon,Peter,Peter Headon,6-1,1/18/1967,"Fort McMurray, Alberta",1985,1985-86,Fort McMurray,Alberta,Canada
Kelfer,Mike,Mike Kelfer,5-10,1/2/1967,"Peabody, Massachusetts",1985,1985-86,Peabody,Massachusetts,United States
Labrosse,Eric,Eric Labrosse,5-11,2/2/1967,"Montreal, Quebec",1985,1985-86,Montreal,Quebec,Canada
Lowney,Ed,Ed Lowney,6-2,10/6/1965,"Revere, Massachusetts",1985,1985-86,Revere,Massachusetts,United States
MacGregor,Brad,Brad MacGregor,6-1,7/22/1964,"Edmonton, Alberta",1985,1985-86,Edmonton,Alberta,Canada
Majkozak,Tony,Tony Majkozak,5-8,12/17/1963,"Minneapolis, Minnesota",1985,1985-86,Minneapolis,Minnesota,United States
Marshall,Peter,Peter Marshall,5-8,10/14/1963,"Beverly, Massachusetts",1985,1985-86,Beverly,Massachusetts,United States
Sanders,Scott,Scott Sanders,5-11,11/3/1965,"Mississauga, Ontario",1985,1985-86,Mississauga,Ontario,Canada
Sveen,Jeff,Jeff Sveen,5-11,2/5/1966,"Sherwood Park, Alberta",1985,1985-86,Sherwood Park,Alberta,Canada
Wood,Ian,Ian Wood,5-7,5/22/1966,"Manchester, Massachusetts",1985,1985-86,Manchester,Massachusetts,United States
Young,Scott,Scott Young,6-1,10/1/1967,"Clinton, Massachusetts",1985,1985-86,Clinton,Massachusetts,United States
Deraney,Bob,Bob Deraney,6-0,3/7/1965,"West Roxbury, Massachusetts",1985,1985-86,West Roxbury,Massachusetts,United States
Fish,Peter,Peter Fish,5-9,1/3/1966,"East Greenwich, Rhode Island",1985,1985-86,East Greenwich,Rhode Island,United States
Taillefer,Terry,Terry Taillefer,6-1,7/23/1965,"Calgary, Alberta",1985,1985-86,Calgary,Alberta,Canada
Ennis,Jim,Jim Ennis,6-0,7/10/1967,"Sherwood Park, Alberta",1986,1986-87,Sherwood Park,Alberta,Canada
Octeau,Jay,Jay Octeau,5-10,3/24/1965,"Providence, Rhode Island",1986,1986-87,Providence,Rhode Island,United States
Quinn,David,David Quinn,6-1,7/30/1966,"Cranston, Rhode Island",1986,1986-87,Cranston,Rhode Island,United States
Ryan,Tom,Tom Ryan,5-11,1/12/1966,"West Newton, Massachusetts",1986,1986-87,West Newton,Massachusetts,United States
Shaunessy,Steve,Steve Shaunessy,6-4,5/7/1967,"Reading, Massachusetts",1986,1986-87,Reading,Massachusetts,United States
Shaunessy,Scott,Scott Shaunessy,6-4,1/22/1964,"Newport, Rhode Island",1986,1986-87,Newport,Rhode Island,United States
Thiesing,David,David Thiesing,5-11,1/14/1965,"Westborough, Massachusetts",1986,1986-87,Westborough,Massachusetts,United States
Werner,Kris,Kris Werner,6-0,1/21/1966,"Fergus Falls, Minnesota",1986,1986-87,Fergus Falls,Minnesota,United States
Cullen,John,John Cullen,5-10,8/2/1964,"Puslinch, Ontario",1986,1986-87,Puslinch,Ontario,Canada
Donatelli,Clark,Clark Donatelli,5-10,11/22/1965,"Providence, Rhode Island",1986,1986-87,Providence,Rhode Island,United States
Foreman,Brian,Brian Foreman,6-0,5/24/1966,"Winnipeg, Manitoba",1986,1986-87,Winnipeg,Manitoba,Canada
Headon,Peter,Peter Headon,6-1,1/18/1967,"Fort McMurray, Alberta",1986,1986-87,Fort McMurray,Alberta,Canada
Kelfer,Mike,Mike Kelfer,5-10,1/2/1967,"Peabody, Massachusetts",1986,1986-87,Peabody,Massachusetts,United States
Kentala,Ville,Ville Kentala,5-11,2/21/1966,"Alajarvi, Finland",1986,1986-87,Alajarvi,South Ostrobothnia,Finland
Labrosse,Eric,Eric Labrosse,5-11,2/2/1967,"Montreal, Quebec",1986,1986-87,Montreal,Quebec,Canada
Lowney,Ed,Ed Lowney,6-2,10/6/1965,"Revere, Massachusetts",1986,1986-87,Revere,Massachusetts,United States
Matterazzo,John,John Matterazzo,-,,,1986,1986-87,,,
Pesklewis,Matt,Matt Pesklewis,6-2,5/21/1968,"Edmonton, Alberta",1986,1986-87,Edmonton,Alberta,Canada
Preston,John,John Preston,-,4/4/1968,"Arlington, Massachusetts",1986,1986-87,Arlington,Massachusetts,United States
Regan,Rob,Rob Regan,-,,,1986,1986-87,,,
Sanders,Scott,Scott Sanders,5-11,11/3/1965,"Mississauga, Ontario",1986,1986-87,Mississauga,Ontario,Canada
Sullivan,Mike,Mike Sullivan,6-2,2/27/1968,"Marshfield, Massachusetts",1986,1986-87,Marshfield,Massachusetts,United States
Sveen,Jeff,Jeff Sveen,5-11,2/5/1966,"Sherwood Park, Alberta",1986,1986-87,Sherwood Park,Alberta,Canada
Wood,Ian,Ian Wood,5-7,5/22/1966,"Manchester, Massachusetts",1986,1986-87,Manchester,Massachusetts,United States
Young,Scott,Scott Young,6-1,10/1/1967,"Clinton, Massachusetts",1986,1986-87,Clinton,Massachusetts,United States
Deraney,Bob,Bob Deraney,6-0,3/7/1965,"West Roxbury, Massachusetts",1986,1986-87,West Roxbury,Massachusetts,United States
Fish,Peter,Peter Fish,5-9,1/3/1966,"East Greenwich, Rhode Island",1986,1986-87,East Greenwich,Rhode Island,United States
Taillefer,Terry,Terry Taillefer,6-1,7/23/1965,"Calgary, Alberta",1986,1986-87,Calgary,Alberta,Canada
Dion,Tom,Tom Dion,5-11,4/22/1969,"Massena, New York",1987,1987-88,Massena,New York,United States
Krys,Mark,Mark Krys,6-0,5/29/1969,"Timmins, Ontario",1987,1987-88,Timmins,Ontario,Canada
Lappin,Chris,Chris Lappin,-,8/19/1967,"St. Charles, Illinois",1987,1987-88,St. Charles,Illinois,United States
Quinn,David,David Quinn,6-1,7/30/1966,"Cranston, Rhode Island",1987,1987-88,Cranston,Rhode Island,United States
Ryan,Tom,Tom Ryan,5-11,1/12/1966,"West Newton, Massachusetts",1987,1987-88,West Newton,Massachusetts,United States
Shaunessy,Steve,Steve Shaunessy,6-4,5/7/1967,"Reading, Massachusetts",1987,1987-88,Reading,Massachusetts,United States
Von Stefenelli,Phil,Phil Von Stefenelli,5-11,4/10/1969,"Vancouver, British Columbia",1987,1987-88,Vancouver,British Columbia,Canada
Werner,Kris,Kris Werner,6-0,1/21/1966,"Fergus Falls, Minnesota",1987,1987-88,Fergus Falls,Minnesota,United States
Headon,Peter,Peter Headon,6-1,1/18/1967,"Fort McMurray, Alberta",1987,1987-88,Fort McMurray,Alberta,Canada
Kelfer,Mike,Mike Kelfer,5-10,1/2/1967,"Peabody, Massachusetts",1987,1987-88,Peabody,Massachusetts,United States
Kentala,Ville,Ville Kentala,5-11,2/21/1966,"Alajarvi, Finland",1987,1987-88,Alajarvi,South Ostrobothnia,Finland
Labrosse,Eric,Eric Labrosse,5-11,2/2/1967,"Montreal, Quebec",1987,1987-88,Montreal,Quebec,Canada
Lappin,Mike,Mike Lappin,5-10,1/1/1969,"St. Charles, Illinois",1987,1987-88,St. Charles,Illinois,United States
MacDonald,Darin,Darin MacDonald,6-0,1/30/1970,"Calgary, Alberta",1987,1987-88,Calgary,Alberta,Canada
McCann,Chris,Chris McCann,6-1,10/13/1967,"Woburn, Massachusetts",1987,1987-88,Woburn,Massachusetts,United States
Pesklewis,Matt,Matt Pesklewis,6-2,5/21/1968,"Edmonton, Alberta",1987,1987-88,Edmonton,Alberta,Canada
Regan,Rob,Rob Regan,-,,,1987,1987-88,,,
Ronan,Ed,Ed Ronan,6-0,3/21/1968,"Quincy, Massachusetts",1987,1987-88,Quincy,Massachusetts,United States
Sacco,Joe,Joe Sacco,6-1,2/4/1969,"Medford, Massachusetts",1987,1987-88,Medford,Massachusetts,United States
Sanders,Scott,Scott Sanders,5-11,11/3/1965,"Mississauga, Ontario",1987,1987-88,Mississauga,Ontario,Canada
Sullivan,Mike,Mike Sullivan,6-2,2/27/1968,"Marshfield, Massachusetts",1987,1987-88,Marshfield,Massachusetts,United States
Sveen,Jeff,Jeff Sveen,5-11,2/5/1966,"Sherwood Park, Alberta",1987,1987-88,Sherwood Park,Alberta,Canada
Tomlinson,David,David Tomlinson,5-11,5/8/1969,"Vancouver, British Columbia",1987,1987-88,Vancouver,British Columbia,Canada
Wood,Ian,Ian Wood,5-7,5/22/1966,"Manchester, Massachusetts",1987,1987-88,Manchester,Massachusetts,United States
Bradley,John,John Bradley,6-1,2/5/1968,"Pawtucket, Rhode Island",1987,1987-88,Pawtucket,Rhode Island,United States
Fish,Peter,Peter Fish,5-9,1/3/1966,"East Greenwich, Rhode Island",1987,1987-88,East Greenwich,Rhode Island,United States
Brownschidle,Mark,Mark Brownschidle,6-2,10/26/1970,"Buffalo, New York",1988,1988-89,Buffalo,New York,United States
Dion,Tom,Tom Dion,5-11,4/22/1969,"Massena, New York",1988,1988-89,Massena,New York,United States
Krys,Mark,Mark Krys,6-0,5/29/1969,"Timmins, Ontario",1988,1988-89,Timmins,Ontario,Canada
Lappin,Chris,Chris Lappin,-,8/19/1967,"St. Charles, Illinois",1988,1988-89,St. Charles,Illinois,United States
Shaunessy,Steve,Steve Shaunessy,6-4,5/7/1967,"Reading, Massachusetts",1988,1988-89,Reading,Massachusetts,United States
Von Stefenelli,Phil,Phil Von Stefenelli,5-11,4/10/1969,"Vancouver, British Columbia",1988,1988-89,Vancouver,British Columbia,Canada
Beauchain,Charles,Charles Beauchain,-,,,1988,1988-89,,,
Headon,Peter,Peter Headon,6-1,1/18/1967,"Fort McMurray, Alberta",1988,1988-89,Fort McMurray,Alberta,Canada
Kelfer,Mike,Mike Kelfer,5-10,1/2/1967,"Peabody, Massachusetts",1988,1988-89,Peabody,Massachusetts,United States
Kentala,Ville,Ville Kentala,5-11,2/21/1966,"Alajarvi, Finland",1988,1988-89,Alajarvi,South Ostrobothnia,Finland
Lappin,Mike,Mike Lappin,5-10,1/1/1969,"St. Charles, Illinois",1988,1988-89,St. Charles,Illinois,United States
MacDonald,Darin,Darin MacDonald,6-0,1/30/1970,"Calgary, Alberta",1988,1988-89,Calgary,Alberta,Canada
MacDougall,Jack,Jack MacDougall,5-11,5/8/1966,"Taylor, Michigan",1988,1988-89,Taylor,Michigan,United States
McCann,Chris,Chris McCann,6-1,10/13/1967,"Woburn, Massachusetts",1988,1988-89,Woburn,Massachusetts,United States
McEachern,Shawn,Shawn McEachern,5-11,2/28/1969,"Waltham, Massachusetts",1988,1988-89,Waltham,Massachusetts,United States
Pesklewis,Matt,Matt Pesklewis,6-2,5/21/1968,"Edmonton, Alberta",1988,1988-89,Edmonton,Alberta,Canada
Regan,Rob,Rob Regan,-,,,1988,1988-89,,,
Ronan,Ed,Ed Ronan,6-0,3/21/1968,"Quincy, Massachusetts",1988,1988-89,Quincy,Massachusetts,United States
Sacco,Joe,Joe Sacco,6-1,2/4/1969,"Medford, Massachusetts",1988,1988-89,Medford,Massachusetts,United States
Sacco,David,David Sacco,6-1,7/31/1971,"Malden, Massachusetts",1988,1988-89,Malden,Massachusetts,United States
Sullivan,Mike,Mike Sullivan,6-2,2/27/1968,"Marshfield, Massachusetts",1988,1988-89,Marshfield,Massachusetts,United States
Tomlinson,David,David Tomlinson,5-11,5/8/1969,"Vancouver, British Columbia",1988,1988-89,Vancouver,British Columbia,Canada
Trentini,Ron,Ron Trentini,-,,,1988,1988-89,,,
Wood,Ian,Ian Wood,5-7,5/22/1966,"Manchester, Massachusetts",1988,1988-89,Manchester,Massachusetts,United States
Bradley,John,John Bradley,6-1,2/5/1968,"Pawtucket, Rhode Island",1988,1988-89,Pawtucket,Rhode Island,United States
Fish,Peter,Peter Fish,5-9,1/3/1966,"East Greenwich, Rhode Island",1988,1988-89,East Greenwich,Rhode Island,United States
LaFort,Bryan,Bryan LaFort,-,6/30/1970,"Potsdam, New York",1988,1988-89,Potsdam,New York,United States
Ahola,Peter,Peter Ahola,6-3,5/14/1968,"Helsinki, Finland",1989,1989-90,Helsinki,Uusimaa,Finland
Brownschidle,Mark,Mark Brownschidle,6-2,10/26/1970,"Buffalo, New York",1989,1989-90,Buffalo,New York,United States
Dion,Tom,Tom Dion,5-11,4/22/1969,"Massena, New York",1989,1989-90,Massena,New York,United States
Foster,Stephen,Stephen Foster,6-3,3/21/1971,"Brockton, Massachusetts",1989,1989-90,Brockton,Massachusetts,United States
Krys,Mark,Mark Krys,6-0,5/29/1969,"Timmins, Ontario",1989,1989-90,Timmins,Ontario,Canada
Legault,Alexandre,Alexandre Legault,6-1,12/27/1971,"Chicoutimi, Quebec",1989,1989-90,Chicoutimi,Quebec,Canada
O'Sullivan,Kevin,Kevin O'Sullivan,5-11,11/13/1970,"Boston, Massachusetts",1989,1989-90,Boston,Massachusetts,United States
Von Stefenelli,Phil,Phil Von Stefenelli,5-11,4/10/1969,"Vancouver, British Columbia",1989,1989-90,Vancouver,British Columbia,Canada
Amonte,Tony,Tony Amonte,6-0,8/2/1970,"Hingham, Massachusetts",1989,1989-90,Hingham,Massachusetts,United States
Bavis,Mike,Mike Bavis,6-0,3/13/1970,"Roslindale, Massachusetts",1989,1989-90,Roslindale,Massachusetts,United States
Bavis,Mark,Mark Bavis,6-1,3/13/1970,"Roslindale, Massachusetts",1989,1989-90,Roslindale,Massachusetts,United States
Dahlberg,Dave,Dave Dahlberg,6-0,2/23/1971,"Bloomington, Minnesota",1989,1989-90,Bloomington,Minnesota,United States
Koskimaki,Petteri,Petteri Koskimaki,6-2,5/5/1971,"Helsinki, Finland",1989,1989-90,Helsinki,Uusimaa,Finland
MacDonald,Darin,Darin MacDonald,6-0,1/30/1970,"Calgary, Alberta",1989,1989-90,Calgary,Alberta,Canada
McCann,Chris,Chris McCann,6-1,10/13/1967,"Woburn, Massachusetts",1989,1989-90,Woburn,Massachusetts,United States
McEachern,Shawn,Shawn McEachern,5-11,2/28/1969,"Waltham, Massachusetts",1989,1989-90,Waltham,Massachusetts,United States
Regan,Rob,Rob Regan,-,,,1989,1989-90,,,
Ronan,Ed,Ed Ronan,6-0,3/21/1968,"Quincy, Massachusetts",1989,1989-90,Quincy,Massachusetts,United States
Sacco,Joe,Joe Sacco,6-1,2/4/1969,"Medford, Massachusetts",1989,1989-90,Medford,Massachusetts,United States
Sacco,David,David Sacco,6-1,7/31/1971,"Malden, Massachusetts",1989,1989-90,Malden,Massachusetts,United States
Sullivan,Mike,Mike Sullivan,6-2,2/27/1968,"Marshfield, Massachusetts",1989,1989-90,Marshfield,Massachusetts,United States
Tomlinson,David,David Tomlinson,5-11,5/8/1969,"Vancouver, British Columbia",1989,1989-90,Vancouver,British Columbia,Canada
Trentini,Ron,Ron Trentini,-,,,1989,1989-90,,,
Bradley,John,John Bradley,6-1,2/5/1968,"Pawtucket, Rhode Island",1989,1989-90,Pawtucket,Rhode Island,United States
Cashman,Scott,Scott Cashman,6-2,9/20/1969,"Ottawa, Ontario",1989,1989-90,Ottawa,Ontario,Canada
Ahola,Peter,Peter Ahola,6-3,5/14/1968,"Helsinki, Finland",1990,1990-91,Helsinki,Uusimaa,Finland
Brownschidle,Mark,Mark Brownschidle,6-2,10/26/1970,"Buffalo, New York",1990,1990-91,Buffalo,New York,United States
Dion,Tom,Tom Dion,5-11,4/22/1969,"Massena, New York",1990,1990-91,Massena,New York,United States
Foster,Stephen,Stephen Foster,6-3,3/21/1971,"Brockton, Massachusetts",1990,1990-91,Brockton,Massachusetts,United States
Krys,Mark,Mark Krys,6-0,5/29/1969,"Timmins, Ontario",1990,1990-91,Timmins,Ontario,Canada
Lachance,Scott,Scott Lachance,6-1,10/22/1972,"Charlottesville, Virgina",1990,1990-91,Charlottesville,Virgina,United States
Legault,Alexandre,Alexandre Legault,6-1,12/27/1971,"Chicoutimi, Quebec",1990,1990-91,Chicoutimi,Quebec,Canada
O'Sullivan,Kevin,Kevin O'Sullivan,5-11,11/13/1970,"Boston, Massachusetts",1990,1990-91,Boston,Massachusetts,United States
Von Stefenelli,Phil,Phil Von Stefenelli,5-11,4/10/1969,"Vancouver, British Columbia",1990,1990-91,Vancouver,British Columbia,Canada
Amonte,Tony,Tony Amonte,6-0,8/2/1970,"Hingham, Massachusetts",1990,1990-91,Hingham,Massachusetts,United States
Bavis,Mike,Mike Bavis,6-0,3/13/1970,"Roslindale, Massachusetts",1990,1990-91,Roslindale,Massachusetts,United States
Bavis,Mark,Mark Bavis,6-1,3/13/1970,"Roslindale, Massachusetts",1990,1990-91,Roslindale,Massachusetts,United States
Dahlberg,Dave,Dave Dahlberg,6-0,2/23/1971,"Bloomington, Minnesota",1990,1990-91,Bloomington,Minnesota,United States
Friedman,Doug,Doug Friedman,5-11,9/1/1971,"Cape Elizabeth, Maine",1990,1990-91,Cape Elizabeth,Maine,United States
Koskimaki,Petteri,Petteri Koskimaki,6-2,5/5/1971,"Helsinki, Finland",1990,1990-91,Helsinki,Uusimaa,Finland
MacDonald,Darin,Darin MacDonald,6-0,1/30/1970,"Calgary, Alberta",1990,1990-91,Calgary,Alberta,Canada
McCann,Chris,Chris McCann,6-1,10/13/1967,"Woburn, Massachusetts",1990,1990-91,Woburn,Massachusetts,United States
McEachern,Shawn,Shawn McEachern,5-11,2/28/1969,"Waltham, Massachusetts",1990,1990-91,Waltham,Massachusetts,United States
Pratt,Jon,Jon Pratt,6-1,9/25/1970,"Danvers, Massachusetts",1990,1990-91,Danvers,Massachusetts,United States
Ronan,Ed,Ed Ronan,6-0,3/21/1968,"Quincy, Massachusetts",1990,1990-91,Quincy,Massachusetts,United States
Sacco,David,David Sacco,6-1,7/31/1971,"Malden, Massachusetts",1990,1990-91,Malden,Massachusetts,United States
Tkachuk,Keith,Keith Tkachuk,6-2,3/28/1972,"Melrose, Massachusetts",1990,1990-91,Melrose,Massachusetts,United States
Tomlinson,David,David Tomlinson,5-11,5/8/1969,"Vancouver, British Columbia",1990,1990-91,Vancouver,British Columbia,Canada
Vachon,Nick,Nick Vachon,5-10,7/20/1972,"Montreal, Quebec",1990,1990-91,Montreal,Quebec,Canada
Bise,Chris,Chris Bise,-,,,1990,1990-91,,,
Bradley,John,John Bradley,6-1,2/5/1968,"Pawtucket, Rhode Island",1990,1990-91,Pawtucket,Rhode Island,United States
Cashman,Scott,Scott Cashman,6-2,9/20/1969,"Ottawa, Ontario",1990,1990-91,Ottawa,Ontario,Canada
Aucoin,Adrian,Adrian Aucoin,6-2,7/3/1973,"Ottawa, Ontario",1991,1991-92,Ottawa,Ontario,Canada
Brennan,Rich,Rich Brennan,6-2,11/26/1972,"Schenectady, New York",1991,1991-92,Schenectady,New York,United States
Brownschidle,Mark,Mark Brownschidle,6-2,10/26/1970,"Buffalo, New York",1991,1991-92,Buffalo,New York,United States
Dion,Tom,Tom Dion,5-11,4/22/1969,"Massena, New York",1991,1991-92,Massena,New York,United States
Donato,Dan,Dan Donato,-,05/15/1970,"Dedham, Massachusetts",1991,1991-92,Dedham,Massachusetts,United States
Foster,Stephen,Stephen Foster,6-3,3/21/1971,"Brockton, Massachusetts",1991,1991-92,Brockton,Massachusetts,United States
Linna,Kaj,Kaj Linna,6-2,1/24/1971,"Helsinki, Finland",1991,1991-92,Helsinki,Uusimaa,Finland
O'Sullivan,Kevin,Kevin O'Sullivan,5-11,11/13/1970,"Boston, Massachusetts",1991,1991-92,Boston,Massachusetts,United States
Bavis,Mike,Mike Bavis,6-0,3/13/1970,"Roslindale, Massachusetts",1991,1991-92,Roslindale,Massachusetts,United States
Bavis,Mark,Mark Bavis,6-1,3/13/1970,"Roslindale, Massachusetts",1991,1991-92,Roslindale,Massachusetts,United States
Dahlberg,Dave,Dave Dahlberg,6-0,2/23/1971,"Bloomington, Minnesota",1991,1991-92,Bloomington,Minnesota,United States
Friedman,Doug,Doug Friedman,5-11,9/1/1971,"Cape Elizabeth, Maine",1991,1991-92,Cape Elizabeth,Maine,United States
Jacques,Jon,Jon Jacques,5-11,,"Bellingham, Massachusetts",1991,1991-92,Bellingham,Massachusetts,United States
Jenkins,Jon,Jon Jenkins,5-11,11/6/1970,"Boston, Massachusetts",1991,1991-92,Boston,Massachusetts,United States
Koskimaki,Petteri,Petteri Koskimaki,6-2,5/5/1971,"Helsinki, Finland",1991,1991-92,Helsinki,Uusimaa,Finland
Lilley,John,John Lilley,5-9,8/3/1972,"Wakefield, Massachusetts",1991,1991-92,Wakefield,Massachusetts,United States
Pomichter,Mike,Mike Pomichter,6-1,9/10/1973,"New Haven, Connecticut",1991,1991-92,New Haven,Connecticut,United States
Pratt,Jon,Jon Pratt,6-1,9/25/1970,"Danvers, Massachusetts",1991,1991-92,Danvers,Massachusetts,United States
Prendergast,Mike,Mike Prendergast,5-10,10/22/1972,"South Boston, Massachusetts",1991,1991-92,South Boston,Massachusetts,United States
Rausch,Ken,Ken Rausch,6-0,3/26/1973,"Danbury, Connecticut",1991,1991-92,Danbury,Connecticut,United States
Sacco,David,David Sacco,6-1,7/31/1971,"Malden, Massachusetts",1991,1991-92,Malden,Massachusetts,United States
Thornton,Steve,Steve Thornton,5-10,3/8/1973,"Edmonton, Alberta",1991,1991-92,Edmonton,Alberta,Canada
Vachon,Nick,Nick Vachon,5-10,7/20/1972,"Montreal, Quebec",1991,1991-92,Montreal,Quebec,Canada
Bise,Chris,Chris Bise,-,,,1991,1991-92,,,
Cashman,Scott,Scott Cashman,6-2,9/20/1969,"Ottawa, Ontario",1991,1991-92,Ottawa,Ontario,Canada
Herlofsky,Derek,Derek Herlofsky,5-10,10/1/1971,"Minneapolis, Minnesota",1991,1991-92,Minneapolis,Minnesota,United States
McKersie,J.P.,J.P. McKersie,6-1,1/23/1972,"Madison, Wisconsin",1991,1991-92,Madison,Wisconsin,United States
Brennan,Rich,Rich Brennan,6-2,11/26/1972,"Schenectady, New York",1992,1992-93,Schenectady,New York,United States
Donato,Dan,Dan Donato,-,05/15/1970,"Dedham, Massachusetts",1992,1992-93,Dedham,Massachusetts,United States
Foster,Stephen,Stephen Foster,6-3,3/21/1971,"Brockton, Massachusetts",1992,1992-93,Brockton,Massachusetts,United States
Linna,Kaj,Kaj Linna,6-2,1/24/1971,"Helsinki, Finland",1992,1992-93,Helsinki,Uusimaa,Finland
O'Sullivan,Kevin,Kevin O'Sullivan,5-11,11/13/1970,"Boston, Massachusetts",1992,1992-93,Boston,Massachusetts,United States
O'Sullivan,Chris,Chris O'Sullivan,6-2,5/15/1974,"Dorchester, Massachusetts",1992,1992-93,Dorchester,Massachusetts,United States
Wood,Doug,Doug Wood,6-0,1/7/1974,"Waltham, Massachusetts",1992,1992-93,Waltham,Massachusetts,United States
Bavis,Mike,Mike Bavis,6-0,3/13/1970,"Roslindale, Massachusetts",1992,1992-93,Roslindale,Massachusetts,United States
Bavis,Mark,Mark Bavis,6-1,3/13/1970,"Roslindale, Massachusetts",1992,1992-93,Roslindale,Massachusetts,United States
Friedman,Doug,Doug Friedman,5-11,9/1/1971,"Cape Elizabeth, Maine",1992,1992-93,Cape Elizabeth,Maine,United States
Jenkins,Jon,Jon Jenkins,5-11,11/6/1970,"Boston, Massachusetts",1992,1992-93,Boston,Massachusetts,United States
Joubert,Jacques,Jacques Joubert,6-2,3/23/1971,"South Bend, Indiana",1992,1992-93,South Bend,Indiana,United States
Koskimaki,Petteri,Petteri Koskimaki,6-2,5/5/1971,"Helsinki, Finland",1992,1992-93,Helsinki,Uusimaa,Finland
Lachance,Bob,Bob Lachance,6-0,2/1/1974,"Bristol, Connecticut",1992,1992-93,Bristol,Connecticut,United States
Lilley,John,John Lilley,5-9,8/3/1972,"Wakefield, Massachusetts",1992,1992-93,Wakefield,Massachusetts,United States
Pandolfo,Jay,Jay Pandolfo,6-1,12/27/1974,"Winchester, Massachusetts",1992,1992-93,Winchester,Massachusetts,United States
Pomichter,Mike,Mike Pomichter,6-1,9/10/1973,"New Haven, Connecticut",1992,1992-93,New Haven,Connecticut,United States
Pratt,Jon,Jon Pratt,6-1,9/25/1970,"Danvers, Massachusetts",1992,1992-93,Danvers,Massachusetts,United States
Prendergast,Mike,Mike Prendergast,5-10,10/22/1972,"South Boston, Massachusetts",1992,1992-93,South Boston,Massachusetts,United States
Rausch,Ken,Ken Rausch,6-0,3/26/1973,"Danbury, Connecticut",1992,1992-93,Danbury,Connecticut,United States
Sacco,David,David Sacco,6-1,7/31/1971,"Malden, Massachusetts",1992,1992-93,Malden,Massachusetts,United States
Thornton,Steve,Steve Thornton,5-10,3/8/1973,"Edmonton, Alberta",1992,1992-93,Edmonton,Alberta,Canada
Bise,Chris,Chris Bise,-,,,1992,1992-93,,,
Cashman,Scott,Scott Cashman,6-2,9/20/1969,"Ottawa, Ontario",1992,1992-93,Ottawa,Ontario,Canada
Herlofsky,Derek,Derek Herlofsky,5-10,10/1/1971,"Minneapolis, Minnesota",1992,1992-93,Minneapolis,Minnesota,United States
McKersie,J.P.,J.P. McKersie,6-1,1/23/1972,"Madison, Wisconsin",1992,1992-93,Madison,Wisconsin,United States
Brennan,Rich,Rich Brennan,6-2,11/26/1972,"Schenectady, New York",1993,1993-94,Schenectady,New York,United States
Coleman,Jon,Jon Coleman,6-1,3/9/1975,"Boston, Massachusetts",1993,1993-94,Boston,Massachusetts,United States
Donato,Dan,Dan Donato,-,05/15/1970,"Dedham, Massachusetts",1993,1993-94,Dedham,Massachusetts,United States
Foster,Stephen,Stephen Foster,6-3,3/21/1971,"Brockton, Massachusetts",1993,1993-94,Brockton,Massachusetts,United States
Johnson,Shane,Shane Johnson,5-10,1/1/1974,"Brandon, Manitoba",1993,1993-94,Brandon,Manitoba,Canada
Linna,Kaj,Kaj Linna,6-2,1/24/1971,"Helsinki, Finland",1993,1993-94,Helsinki,Uusimaa,Finland
O'Sullivan,Chris,Chris O'Sullivan,6-2,5/15/1974,"Dorchester, Massachusetts",1993,1993-94,Dorchester,Massachusetts,United States
Wood,Doug,Doug Wood,6-0,1/7/1974,"Waltham, Massachusetts",1993,1993-94,Waltham,Massachusetts,United States
Bates,Shawn,Shawn Bates,6-0,4/3/1975,"Melrose, Massachusetts",1993,1993-94,Melrose,Massachusetts,United States
Dahlberg,Dave,Dave Dahlberg,6-0,2/23/1971,"Bloomington, Minnesota",1993,1993-94,Bloomington,Minnesota,United States
Friedman,Doug,Doug Friedman,5-11,9/1/1971,"Cape Elizabeth, Maine",1993,1993-94,Cape Elizabeth,Maine,United States
Grier,Mike,Mike Grier,6-1,1/5/1975,"Detroit, Michigan",1993,1993-94,Detroit,Michigan,United States
Jenkins,Jon,Jon Jenkins,5-11,11/6/1970,"Boston, Massachusetts",1993,1993-94,Boston,Massachusetts,United States
Joubert,Jacques,Jacques Joubert,6-2,3/23/1971,"South Bend, Indiana",1993,1993-94,South Bend,Indiana,United States
Lachance,Bob,Bob Lachance,6-0,2/1/1974,"Bristol, Connecticut",1993,1993-94,Bristol,Connecticut,United States
Pandolfo,Jay,Jay Pandolfo,6-1,12/27/1974,"Winchester, Massachusetts",1993,1993-94,Winchester,Massachusetts,United States
Pierce,Bill,Bill Pierce,6-1,10/6/1974,"Burlington, Massachusetts",1993,1993-94,Burlington,Massachusetts,United States
Pomichter,Mike,Mike Pomichter,6-1,9/10/1973,"New Haven, Connecticut",1993,1993-94,New Haven,Connecticut,United States
Pratt,Jon,Jon Pratt,6-1,9/25/1970,"Danvers, Massachusetts",1993,1993-94,Danvers,Massachusetts,United States
Prendergast,Mike,Mike Prendergast,5-10,10/22/1972,"South Boston, Massachusetts",1993,1993-94,South Boston,Massachusetts,United States
Rausch,Ken,Ken Rausch,6-0,3/26/1973,"Danbury, Connecticut",1993,1993-94,Danbury,Connecticut,United States
Thornton,Steve,Steve Thornton,5-10,3/8/1973,"Edmonton, Alberta",1993,1993-94,Edmonton,Alberta,Canada
Wright,Matt,Matt Wright,6-0,4/27/1973,"Belmont, Massachusetts",1993,1993-94,Belmont,Massachusetts,United States
Bise,Chris,Chris Bise,-,,,1993,1993-94,,,
Ferullo,Shawn,Shawn Ferullo,5-8,,"Lynnfield, Massachusetts",1993,1993-94,Lynnfield,Massachusetts,United States
Herlofsky,Derek,Derek Herlofsky,5-10,10/1/1971,"Minneapolis, Minnesota",1993,1993-94,Minneapolis,Minnesota,United States
McKersie,J.P.,J.P. McKersie,6-1,1/23/1972,"Madison, Wisconsin",1993,1993-94,Madison,Wisconsin,United States
Alger,Rich,Rich Alger,6-2,,"Barnstable, Massachusetts",1994,1994-95,Barnstable,Massachusetts,United States
Brennan,Rich,Rich Brennan,6-2,11/26/1972,"Schenectady, New York",1994,1994-95,Schenectady,New York,United States
Coleman,Jon,Jon Coleman,6-1,3/9/1975,"Boston, Massachusetts",1994,1994-95,Boston,Massachusetts,United States
Johnson,Shane,Shane Johnson,5-10,1/1/1974,"Brandon, Manitoba",1994,1994-95,Brandon,Manitoba,Canada
Kealty,Jeff,Jeff Kealty,6-4,4/9/1976,"Newton, Massachusetts",1994,1994-95,Newton,Massachusetts,United States
Kelleher,Chris,Chris Kelleher,6-1,3/23/1975,"Belmont, Massachusetts",1994,1994-95,Belmont,Massachusetts,United States
Linna,Kaj,Kaj Linna,6-2,1/24/1971,"Helsinki, Finland",1994,1994-95,Helsinki,Uusimaa,Finland
O'Sullivan,Chris,Chris O'Sullivan,6-2,5/15/1974,"Dorchester, Massachusetts",1994,1994-95,Dorchester,Massachusetts,United States
Wood,Doug,Doug Wood,6-0,1/7/1974,"Waltham, Massachusetts",1994,1994-95,Waltham,Massachusetts,United States
Bates,Shawn,Shawn Bates,6-0,4/3/1975,"Melrose, Massachusetts",1994,1994-95,Melrose,Massachusetts,United States
Donatelli,Peter,Peter Donatelli,5-10,11/05/1975,"North Providence, Rhode Island",1994,1994-95,North Providence,Rhode Island,United States
Drury,Chris,Chris Drury,5-10,8/20/1976,"Trumbull, Connecticut",1994,1994-95,Trumbull,Connecticut,United States
Grier,Mike,Mike Grier,6-1,1/5/1975,"Detroit, Michigan",1994,1994-95,Detroit,Michigan,United States
Hynes,John,John Hynes,5-9,2/10/1975,"Warwick, Rhode Island",1994,1994-95,Warwick,Rhode Island,United States
Joubert,Jacques,Jacques Joubert,6-2,3/23/1971,"South Bend, Indiana",1994,1994-95,South Bend,Indiana,United States
Lachance,Bob,Bob Lachance,6-0,2/1/1974,"Bristol, Connecticut",1994,1994-95,Bristol,Connecticut,United States
Pandolfo,Jay,Jay Pandolfo,6-1,12/27/1974,"Winchester, Massachusetts",1994,1994-95,Winchester,Massachusetts,United States
Pierce,Bill,Bill Pierce,6-1,10/6/1974,"Burlington, Massachusetts",1994,1994-95,Burlington,Massachusetts,United States
Prendergast,Mike,Mike Prendergast,5-10,10/22/1972,"South Boston, Massachusetts",1994,1994-95,South Boston,Massachusetts,United States
Rausch,Ken,Ken Rausch,6-0,3/26/1973,"Danbury, Connecticut",1994,1994-95,Danbury,Connecticut,United States
Sylvia,Mike,Mike Sylvia,-,2/5/1976,"Newton, Massachusetts",1994,1994-95,Newton,Massachusetts,United States
Thornton,Steve,Steve Thornton,5-10,3/8/1973,"Edmonton, Alberta",1994,1994-95,Edmonton,Alberta,Canada
Wright,Matt,Matt Wright,6-0,4/27/1973,"Belmont, Massachusetts",1994,1994-95,Belmont,Massachusetts,United States
Ferullo,Shawn,Shawn Ferullo,5-8,04/03/1975,"Lynnfield, Massachusetts",1994,1994-95,Lynnfield,Massachusetts,United States
Herlofsky,Derek,Derek Herlofsky,5-10,10/1/1971,"Minneapolis, Minnesota",1994,1994-95,Minneapolis,Minnesota,United States
McKersie,J.P.,J.P. McKersie,6-1,1/23/1972,"Madison, Wisconsin",1994,1994-95,Madison,Wisconsin,United States
Noble,Tom,Tom Noble,5-10,3/21/1975,"Hanover, Massachusetts",1994,1994-95,Hanover,Massachusetts,United States
Alger,Rich,Rich Alger,6-2,,"Barnstable, Massachusetts",1995,1995-96,Barnstable,Massachusetts,United States
Coleman,Jon,Jon Coleman,6-1,3/9/1975,"Boston, Massachusetts",1995,1995-96,Boston,Massachusetts,United States
Johnson,Shane,Shane Johnson,5-10,1/1/1974,"Brandon, Manitoba",1995,1995-96,Brandon,Manitoba,Canada
Kealty,Jeff,Jeff Kealty,6-4,4/9/1976,"Newton, Massachusetts",1995,1995-96,Newton,Massachusetts,United States
Kelleher,Chris,Chris Kelleher,6-1,3/23/1975,"Belmont, Massachusetts",1995,1995-96,Belmont,Massachusetts,United States
O'Sullivan,Chris,Chris O'Sullivan,6-2,5/15/1974,"Dorchester, Massachusetts",1995,1995-96,Dorchester,Massachusetts,United States
Ronan,Dan,Dan Ronan,5-11,6/18/1975,"Woburn, Massachusetts",1995,1995-96,Woburn,Massachusetts,United States
Wood,Doug,Doug Wood,6-0,1/7/1974,"Waltham, Massachusetts",1995,1995-96,Waltham,Massachusetts,United States
Bates,Shawn,Shawn Bates,6-0,4/3/1975,"Melrose, Massachusetts",1995,1995-96,Melrose,Massachusetts,United States
Donatelli,Peter,Peter Donatelli,5-10,11/05/1975,"North Providence, Rhode Island",1995,1995-96,North Providence,Rhode Island,United States
Drury,Chris,Chris Drury,5-10,8/20/1976,"Trumbull, Connecticut",1995,1995-96,Trumbull,Connecticut,United States
Grier,Mike,Mike Grier,6-1,1/5/1975,"Detroit, Michigan",1995,1995-96,Detroit,Michigan,United States
Hynes,John,John Hynes,5-9,2/10/1975,"Warwick, Rhode Island",1995,1995-96,Warwick,Rhode Island,United States
King,Scott,Scott King,5-11,1/21/1977,"Saskatoon, Saskatchewan",1995,1995-96,Saskatoon,Saskatchewan,Canada
Lachance,Bob,Bob Lachance,6-0,2/1/1974,"Bristol, Connecticut",1995,1995-96,Bristol,Connecticut,United States
O'Connell,Albie,Albie O'Connell,6-0,5/20/1976,"Watertown, Massachusetts",1995,1995-96,Watertown,Massachusetts,United States
Pandolfo,Jay,Jay Pandolfo,6-1,12/27/1974,"Winchester, Massachusetts",1995,1995-96,Winchester,Massachusetts,United States
Pierce,Bill,Bill Pierce,6-1,10/6/1974,"Burlington, Massachusetts",1995,1995-96,Burlington,Massachusetts,United States
Roy,Travis,Travis Roy,5-11,4/17/1975,"Yarmouth, Maine",1995,1995-96,Yarmouth,Maine,United States
Sylvia,Mike,Mike Sylvia,-,2/5/1976,"Newton, Massachusetts",1995,1995-96,Newton,Massachusetts,United States
Walsh,Brendan,Brendan Walsh,5-10,10/22/1974,"Dorchester, Massachusetts",1995,1995-96,Dorchester,Massachusetts,United States
Wright,Matt,Matt Wright,6-0,4/27/1973,"Belmont, Massachusetts",1995,1995-96,Belmont,Massachusetts,United States
Ferullo,Shawn,Shawn Ferullo,5-8,,"Lynnfield, Massachusetts",1995,1995-96,Lynnfield,Massachusetts,United States
Larocque,Michel,Michel Larocque,5-11,10/3/1976,"Lahr, Germany",1995,1995-96,Lahr,Baden-Württemberg,Germany
McKersie,J.P.,J.P. McKersie,6-1,1/23/1972,"Madison, Wisconsin",1995,1995-96,Madison,Wisconsin,United States
Noble,Tom,Tom Noble,5-10,3/21/1975,"Hanover, Massachusetts",1995,1995-96,Hanover,Massachusetts,United States
Alger,Rich,Rich Alger,6-2,,"Barnstable, Massachusetts",1996,1996-97,Barnstable,Massachusetts,United States
Coleman,Jon,Jon Coleman,6-1,3/9/1975,"Boston, Massachusetts",1996,1996-97,Boston,Massachusetts,United States
Johnson,Shane,Shane Johnson,5-10,1/1/1974,"Brandon, Manitoba",1996,1996-97,Brandon,Manitoba,Canada
Kealty,Jeff,Jeff Kealty,6-4,4/9/1976,"Newton, Massachusetts",1996,1996-97,Newton,Massachusetts,United States
Kelleher,Chris,Chris Kelleher,6-1,3/23/1975,"Belmont, Massachusetts",1996,1996-97,Belmont,Massachusetts,United States
Poti,Tom,Tom Poti,6-3,3/22/1977,"Worcester, Massachusetts",1996,1996-97,Worcester,Massachusetts,United States
Ronan,Dan,Dan Ronan,5-11,6/18/1975,"Woburn, Massachusetts",1996,1996-97,Woburn,Massachusetts,United States
Bates,Shawn,Shawn Bates,6-0,4/3/1975,"Melrose, Massachusetts",1996,1996-97,Melrose,Massachusetts,United States
Degerman,Tommi,Tommi Degerman,6-1,2/23/1976,"Helsinki, Finland",1996,1996-97,Helsinki,Uusimaa,Finland
Donatelli,Peter,Peter Donatelli,5-10,,"North Providence, Rhode Island",1996,1996-97,North Providence,Rhode Island,United States
Drury,Chris,Chris Drury,5-10,8/20/1976,"Trumbull, Connecticut",1996,1996-97,Trumbull,Connecticut,United States
Hanson,Bobby,Bobby Hanson,6-0,2/26/1977,"Peabody, Massachusetts",1996,1996-97,Peabody,Massachusetts,United States
Heron,Chris,Chris Heron,5-10,4/8/1979,"Mississauga, Ontario",1996,1996-97,Mississauga,Ontario,Canada
Hynes,John,John Hynes,5-9,2/10/1975,"Warwick, Rhode Island",1996,1996-97,Warwick,Rhode Island,United States
LaCouture,Dan,Dan LaCouture,6-3,4/18/1977,"Hyannis, Massachusetts",1996,1996-97,Hyannis,Massachusetts,United States
O'Connell,Albie,Albie O'Connell,6-0,5/20/1976,"Watertown, Massachusetts",1996,1996-97,Watertown,Massachusetts,United States
Pierce,Bill,Bill Pierce,6-1,10/6/1974,"Burlington, Massachusetts",1996,1996-97,Burlington,Massachusetts,United States
Quebec,Greg,Greg Quebec,6-0,2/2/1978,"Acton, Massachusetts",1996,1996-97,Acton,Massachusetts,United States
Sylvia,Mike,Mike Sylvia,-,2/5/1976,"Newton, Massachusetts",1996,1996-97,Newton,Massachusetts,United States
Walsh,Brendan,Brendan Walsh,5-10,10/22/1974,"Dorchester, Massachusetts",1996,1996-97,Dorchester,Massachusetts,United States
Wright,Matt,Matt Wright,6-0,4/27/1973,"Belmont, Massachusetts",1996,1996-97,Belmont,Massachusetts,United States
Ferullo,Shawn,Shawn Ferullo,5-8,,"Lynnfield, Massachusetts",1996,1996-97,Lynnfield,Massachusetts,United States
Larocque,Michel,Michel Larocque,5-11,10/3/1976,"Lahr, Germany",1996,1996-97,Lahr,Baden-Württemberg,Germany
Noble,Tom,Tom Noble,5-10,3/21/1975,"Hanover, Massachusetts",1996,1996-97,Hanover,Massachusetts,United States
DiPenta,Joe,Joe DiPenta,6-2,2/25/1979,"Barrie, Ontario",1997,1997-98,Barrie,Ontario,Canada
Emery,Keith,Keith Emery,6-0,3/30/1978,"Belmont, Massachusetts",1997,1997-98,Belmont,Massachusetts,United States
Kealty,Jeff,Jeff Kealty,6-4,4/9/1976,"Newton, Massachusetts",1997,1997-98,Newton,Massachusetts,United States
Kelleher,Chris,Chris Kelleher,6-1,3/23/1975,"Belmont, Massachusetts",1997,1997-98,Belmont,Massachusetts,United States
Poti,Tom,Tom Poti,6-3,3/22/1977,"Worcester, Massachusetts",1997,1997-98,Worcester,Massachusetts,United States
Ronan,Dan,Dan Ronan,5-11,6/18/1975,"Woburn, Massachusetts",1997,1997-98,Woburn,Massachusetts,United States
Sheen,Colin,Colin Sheen,6-1,1/17/1979,"Hopkinton, New Hampshire",1997,1997-98,Hopkinton,New Hampshire,United States
Bartlett,Russ,Russ Bartlett,6-2,2/10/1978,"Windham, New Hampshire",1997,1997-98,Windham,New Hampshire,United States
Campbell,Ryan,Ryan Campbell,6-2,,"Medford, New Jersey",1997,1997-98,Medford,New Jersey,United States
Corazzini,Carl,Carl Corazzini,5-9,4/21/1979,"Framingham, Massachusetts",1997,1997-98,Framingham,Massachusetts,United States
Degerman,Tommi,Tommi Degerman,6-1,2/23/1976,"Helsinki, Finland",1997,1997-98,Helsinki,Uusimaa,Finland
Donatelli,Peter,Peter Donatelli,5-10,,"North Providence, Rhode Island",1997,1997-98,North Providence,Rhode Island,United States
Drury,Chris,Chris Drury,5-10,8/20/1976,"Trumbull, Connecticut",1997,1997-98,Trumbull,Connecticut,United States
Gillis,Nick,Nick Gillis,6-0,2/20/1978,"Winthrop, Massachusetts",1997,1997-98,Winthrop,Massachusetts,United States
Hanson,Bobby,Bobby Hanson,6-0,2/26/1977,"Peabody, Massachusetts",1997,1997-98,Peabody,Massachusetts,United States
Perry,Scott,Scott Perry,6-0,10/12/1978,"Dorchester, Massachusetts",1997,1997-98,Dorchester,Massachusetts,United States
Quebec,Greg,Greg Quebec,6-0,2/2/1978,"Acton, Massachusetts",1997,1997-98,Acton,Massachusetts,United States
Sylvia,Mike,Mike Sylvia,-,2/5/1976,"Newton, Massachusetts",1997,1997-98,Newton,Massachusetts,United States
Vuori,Juha,Juha Vuori,6-0,3/21/1975,"Ulvila, Finland",1997,1997-98,Ulvila,Satakunta,Finland
Weston,Bob,Bob Weston,5-11,,"East Amherst, New York",1997,1997-98,East Amherst,New York,United States
Ferullo,Shawn,Shawn Ferullo,5-8,,"Lynnfield, Massachusetts",1997,1997-98,Lynnfield,Massachusetts,United States
Larocque,Michel,Michel Larocque,5-11,10/3/1976,"Lahr, Germany",1997,1997-98,Lahr,Baden-Württemberg,Germany
Noble,Tom,Tom Noble,5-10,3/21/1975,"Hanover, Massachusetts",1997,1997-98,Hanover,Massachusetts,United States
Aufiero,Pat,Pat Aufiero,6-0,7/1/1980,"Winchester, Massachusetts",1998,1998-99,Winchester,Massachusetts,United States
DiPenta,Joe,Joe DiPenta,6-2,2/25/1979,"Barrie, Ontario",1998,1998-99,Barrie,Ontario,Canada
Dyment,Chris,Chris Dyment,6-3,10/24/1979,"Reading, Massachusetts",1998,1998-99,Reading,Massachusetts,United States
Emery,Keith,Keith Emery,6-0,3/30/1978,"Belmont, Massachusetts",1998,1998-99,Belmont,Massachusetts,United States
LoPresti,David,David LoPresti,6-0,2/23/1978,"East Boston, Massachusetts",1998,1998-99,East Boston,Massachusetts,United States
Ronan,Dan,Dan Ronan,5-11,6/18/1975,"Woburn, Massachusetts",1998,1998-99,Woburn,Massachusetts,United States
Sheen,Colin,Colin Sheen,6-1,1/17/1979,"Hopkinton, New Hampshire",1998,1998-99,Hopkinton,New Hampshire,United States
Baker,Jack,Jack Baker,5-7,2/21/1980,"Boston, Massachusetts",1998,1998-99,Boston,Massachusetts,United States
Bartlett,Russ,Russ Bartlett,6-2,2/10/1978,"Windham, New Hampshire",1998,1998-99,Windham,New Hampshire,United States
Cavanaugh,Dan,Dan Cavanaugh,6-2,3/3/1980,"Springfield, Massachusetts",1998,1998-99,Springfield,Massachusetts,United States
Corazzini,Carl,Carl Corazzini,5-9,4/21/1979,"Framingham, Massachusetts",1998,1998-99,Framingham,Massachusetts,United States
Degerman,Tommi,Tommi Degerman,6-1,2/23/1976,"Helsinki, Finland",1998,1998-99,Helsinki,Uusimaa,Finland
DiMella,Mike,Mike DiMella,5-9,7/18/1979,"Medford, Massachusetts",1998,1998-99,Medford,Massachusetts,United States
Gillis,Nick,Nick Gillis,6-0,2/20/1978,"Winthrop, Massachusetts",1998,1998-99,Winthrop,Massachusetts,United States
Hanson,Bobby,Bobby Hanson,6-0,2/26/1977,"Peabody, Massachusetts",1998,1998-99,Peabody,Massachusetts,United States
Heron,Chris,Chris Heron,5-10,4/8/1979,"Mississauga, Ontario",1998,1998-99,Mississauga,Ontario,Canada
O'Connell,Albie,Albie O'Connell,6-0,5/20/1976,"Watertown, Massachusetts",1998,1998-99,Watertown,Massachusetts,United States
Pandolfo,Mike,Mike Pandolfo,6-3,9/15/1979,"Burlington, Massachusetts",1998,1998-99,Burlington,Massachusetts,United States
Perry,Scott,Scott Perry,6-0,10/12/1978,"Dorchester, Massachusetts",1998,1998-99,Dorchester,Massachusetts,United States
Quebec,Greg,Greg Quebec,6-0,2/2/1978,"Acton, Massachusetts",1998,1998-99,Acton,Massachusetts,United States
Vuori,Juha,Juha Vuori,6-0,3/21/1975,"Ulvila, Finland",1998,1998-99,Ulvila,Satakunta,Finland
Weston,Bob,Bob Weston,5-11,,"East Amherst, New York",1998,1998-99,East Amherst,New York,United States
Larocque,Michel,Michel Larocque,5-11,10/3/1976,"Lahr, Germany",1998,1998-99,Lahr,Baden-Württemberg,Germany
Magid,Dave,Dave Magid,-,,"Orange, Connecticut",1998,1998-99,Orange,Connecticut,United States
Tapp,Jason,Jason Tapp,5-7,4/8/1978,"Kelowna, British Columbia",1998,1998-99,Kelowna,British Columbia,Canada
Aufiero,Pat,Pat Aufiero,6-2,7/1/1980,"Winchester, Massachusetts",1999,1999-00,Winchester,Massachusetts,United States
Bussoli,Mike,Mike Bussoli,6-1,11/6/1978,"Calgary, Alberta",1999,1999-00,Calgary,Alberta,Canada
Cronin,John,John Cronin,6-1,5/1/1980,"Duxbury, Massachusetts",1999,1999-00,Duxbury,Massachusetts,United States
Dyment,Chris,Chris Dyment,6-2,10/24/1979,"Reading, Massachusetts",1999,1999-00,Reading,Massachusetts,United States
Emery,Keith,Keith Emery,6-0,3/30/1978,"Belmont, Massachusetts",1999,1999-00,Belmont,Massachusetts,United States
Meyer,Freddy,Freddy Meyer,,1/4/1981,"Sanbornville, New Hampshire",1999,1999-00,Sanbornville,New Hampshire,United States
Sheen,Colin,Colin Sheen,6-1,1/17/1979,"Hopkinton, New Hampshire",1999,1999-00,Hopkinton,New Hampshire,United States
Baker,Jack,Jack Baker,5-7,2/21/1980,"Boston, Massachusetts",1999,1999-00,Boston,Massachusetts,United States
Cavanaugh,Dan,Dan Cavanaugh,6-1,3/3/1980,"Springfield, Massachusetts",1999,1999-00,Springfield,Massachusetts,United States
Collins,Brian,Brian Collins,6-0,9/13/1980,"Shrewsbury, Massachusetts",1999,1999-00,Shrewsbury,Massachusetts,United States
Corazzini,Carl,Carl Corazzini,5-9,4/21/1979,"Framingham, Massachusetts",1999,1999-00,Framingham,Massachusetts,United States
Degerman,Tommi,Tommi Degerman,6-2,2/23/1976,"Helsinki, Finland",1999,1999-00,Helsinki,Uusimaa,Finland
DiMella,Mike,Mike DiMella,5-10,7/18/1979,"Medford, Massachusetts",1999,1999-00,Medford,Massachusetts,United States
Gillis,Nick,Nick Gillis,6-0,2/20/1978,"Winthrop, Massachusetts",1999,1999-00,Winthrop,Massachusetts,United States
Hanson,Bobby,Bobby Hanson,6-0,2/26/1977,"Peabody, Massachusetts",1999,1999-00,Peabody,Massachusetts,United States
Heron,Chris,Chris Heron,5-11,4/8/1979,"Mississauga, Ontario",1999,1999-00,Mississauga,Ontario,Canada
Pandolfo,Mike,Mike Pandolfo,6-3,9/15/1979,"Burlington, Massachusetts",1999,1999-00,Burlington,Massachusetts,United States
Perry,Scott,Scott Perry,5-11,10/12/1978,"Dorchester, Massachusetts",1999,1999-00,Dorchester,Massachusetts,United States
Priem,Ryan,Ryan Priem,6-1,6/5/1980,"Minnetonka, Minnesota",1999,1999-00,Minnetonka,Minnesota,United States
Quebec,Greg,Greg Quebec,6-0,2/2/1978,"Acton, Massachusetts",1999,1999-00,Acton,Massachusetts,United States
Sabo,John,John Sabo,5-8,9/4/1981,"Harding Township, New Jersey",1999,1999-00,Harding Township,New Jersey,United States
Vuori,Juha,Juha Vuori,6-1,3/21/1975,"Ulvila, Finland",1999,1999-00,Ulvila,Satakunta,Finland
DiPietro,Rick,Rick DiPietro,6-0,9/19/1981,"Ann Arbor, Michigan",1999,1999-00,Ann Arbor,Michigan,United States
Tapp,Jason,Jason Tapp,5-7,4/8/1978,"Kelowna, British Columbia",1999,1999-00,Kelowna,British Columbia,Canada
Warren,Andy,Andy Warren,5-11,6/22/1980,"Princeton Junction, New Jersey",1999,1999-00,Princeton Junction,New Jersey,United States
Aufiero,Pat,Pat Aufiero,6-2,7/1/1980,"Winchester, Massachusetts",2000,2000-01,Winchester,Massachusetts,United States
Bjelajac,Kevin,Kevin Bjelajac,5-10,9/15/1981,"Los Angeles, California",2000,2000-01,Los Angeles,California,United States
Bussoli,Mike,Mike Bussoli,6-2,11/6/1978,"Calgary, Alberta",2000,2000-01,Calgary,Alberta,Canada
Cronin,John,John Cronin,6-1,5/1/1980,"Duxbury, Massachusetts",2000,2000-01,Duxbury,Massachusetts,United States
Dyment,Chris,Chris Dyment,6-3,10/24/1979,"Reading, Massachusetts",2000,2000-01,Reading,Massachusetts,United States
Emery,Keith,Keith Emery,6-0,3/30/1978,"Belmont, Massachusetts",2000,2000-01,Belmont,Massachusetts,United States
Meyer,Freddy,Freddy Meyer,5-10,1/4/1981,"Sanbornville, New Hampshire",2000,2000-01,Sanbornville,New Hampshire,United States
Sheen,Colin,Colin Sheen,6-1,1/17/1979,"Hopkinton, New Hampshire",2000,2000-01,Hopkinton,New Hampshire,United States
Baker,Jack,Jack Baker,5-7,2/21/1980,"Boston, Massachusetts",2000,2000-01,Boston,Massachusetts,United States
Cavanaugh,Dan,Dan Cavanaugh,6-1,3/3/1980,"Springfield, Massachusetts",2000,2000-01,Springfield,Massachusetts,United States
Collins,Brian,Brian Collins,6-0,9/13/1980,"Shrewsbury, Massachusetts",2000,2000-01,Shrewsbury,Massachusetts,United States
Corazzini,Carl,Carl Corazzini,5-9,4/21/1979,"Framingham, Massachusetts",2000,2000-01,Framingham,Massachusetts,United States
DiMella,Mike,Mike DiMella,5-9,7/18/1979,"Medford, Massachusetts",2000,2000-01,Medford,Massachusetts,United States
Gillis,Nick,Nick Gillis,6-0,2/20/1978,"Winthrop, Massachusetts",2000,2000-01,Winthrop,Massachusetts,United States
Greeley,Stephen,Stephen Greeley,5-7,9/26/1980,"Scituate, Massachusetts",2000,2000-01,Scituate,Massachusetts,United States
Johnson,Gregg,Gregg Johnson,5-10,6/18/1982,"Windsor, Connecticut",2000,2000-01,Windsor,Connecticut,United States
Magowan,Ken,Ken Magowan,6-2,7/22/1981,"Kelowna, British Columbia",2000,2000-01,Kelowna,British Columbia,Canada
Mullen,Mark,Mark Mullen,5-11,6/17/1981,"Dorchester, Massachusetts",2000,2000-01,Dorchester,Massachusetts,United States
Pandolfo,Mike,Mike Pandolfo,6-3,9/15/1979,"Burlington, Massachusetts",2000,2000-01,Burlington,Massachusetts,United States
Perry,Scott,Scott Perry,5-11,10/12/1978,"Dorchester, Massachusetts",2000,2000-01,Dorchester,Massachusetts,United States
Priem,Ryan,Ryan Priem,6-1,6/5/1980,"Minnetonka, Minnesota",2000,2000-01,Minnetonka,Minnesota,United States
Sabo,John,John Sabo,5-8,9/4/1981,"Harding Township, New Jersey",2000,2000-01,Harding Township,New Jersey,United States
Skladany,Frantisek,Frantisek Skladany,6-0,4/22/1982,"Martin, Slovakia",2000,2000-01,Martin,Žilina,Slovakia
Fields,Sean,Sean Fields,5-11,3/6/1981,"Edmonton, Alberta",2000,2000-01,Edmonton,Alberta,Canada
Tapp,Jason,Jason Tapp,5-8,4/8/1978,"Kelowna, British Columbia",2000,2000-01,Kelowna,British Columbia,Canada
Warren,Andy,Andy Warren,5-11,6/22/1980,"Princeton Junction, New Jersey",2000,2000-01,Princeton Junction,New Jersey,United States
Aufiero,Pat,Pat Aufiero,6-2,7/1/1980,"Winchester, Massachusetts",2001,2001-02,Winchester,Massachusetts,United States
Bjelajac,Kevin,Kevin Bjelajac,5-10,9/15/1981,"Los Angeles, California",2001,2001-02,Los Angeles,California,United States
Bussoli,Mike,Mike Bussoli,6-2,11/6/1978,"Calgary, Alberta",2001,2001-02,Calgary,Alberta,Canada
Cronin,John,John Cronin,6-1,5/1/1980,"Duxbury, Massachusetts",2001,2001-02,Duxbury,Massachusetts,United States
Dyment,Chris,Chris Dyment,6-3,10/24/1979,"Reading, Massachusetts",2001,2001-02,Reading,Massachusetts,United States
Meyer,Freddy,Freddy Meyer,5-10,1/4/1981,"Sanbornville, New Hampshire",2001,2001-02,Sanbornville,New Hampshire,United States
Miller,Bryan,Bryan Miller,5-10,2/17/1983,"Wayne, New Jersey",2001,2001-02,Wayne,New Jersey,United States
Whitney,Ryan,Ryan Whitney,6-4,2/19/1983,"Scituate, Massachusetts",2001,2001-02,Scituate,Massachusetts,United States
Baker,Jack,Jack Baker,5-7,2/21/1980,"Boston, Massachusetts",2001,2001-02,Boston,Massachusetts,United States
Collins,Brian,Brian Collins,6-0,9/13/1980,"Shrewsbury, Massachusetts",2001,2001-02,Shrewsbury,Massachusetts,United States
Greeley,Stephen,Stephen Greeley,5-7,9/26/1980,"Scituate, Massachusetts",2001,2001-02,Scituate,Massachusetts,United States
Johnson,Gregg,Gregg Johnson,5-10,6/18/1982,"Windsor, Connecticut",2001,2001-02,Windsor,Connecticut,United States
Johnson,Eric,Eric Johnson,6-1,,"Duluth, Minnesota",2001,2001-02,Duluth,Minnesota,United States
Klema,David,David Klema,6-1,4/3/1982,"Roseau, Minnesota",2001,2001-02,Roseau,Minnesota,United States
Magowan,Ken,Ken Magowan,6-2,7/22/1981,"Kelowna, British Columbia",2001,2001-02,Kelowna,British Columbia,Canada
Maiser,Justin,Justin Maiser,6-1,6/29/1983,"Edina, Minnesota",2001,2001-02,Edina,Minnesota,United States
McConnell,Brian,Brian McConnell,6-1,2/1/1983,"Norfolk, Massachusetts",2001,2001-02,Norfolk,Massachusetts,United States
Mullen,Mark,Mark Mullen,5-11,6/17/1981,"Dorchester, Massachusetts",2001,2001-02,Dorchester,Massachusetts,United States
Pandolfo,Mike,Mike Pandolfo,6-3,9/15/1979,"Burlington, Massachusetts",2001,2001-02,Burlington,Massachusetts,United States
Priem,Ryan,Ryan Priem,6-1,6/5/1980,"Minnetonka, Minnesota",2001,2001-02,Minnetonka,Minnesota,United States
Radoslovich,Matt,Matt Radoslovich,5-11,4/16/1983,"Wanaque, New Jersey",2001,2001-02,Wanaque,New Jersey,United States
Sabo,John,John Sabo,5-8,9/4/1981,"Harding Township, New Jersey",2001,2001-02,Harding Township,New Jersey,United States
Skladany,Frantisek,Frantisek Skladany,6-0,4/22/1982,"Martin, Slovakia",2001,2001-02,Martin,Žilina,Slovakia
Fields,Sean,Sean Fields,5-11,3/6/1981,"Edmonton, Alberta",2001,2001-02,Edmonton,Alberta,Canada
Tapp,Jason,Jason Tapp,5-8,4/8/1978,"Kelowna, British Columbia",2001,2001-02,Kelowna,British Columbia,Canada
Warren,Andy,Andy Warren,5-11,6/22/1980,"Princeton Junction, New Jersey",2001,2001-02,Princeton Junction,New Jersey,United States
Bussoli,Mike,Mike Bussoli,6-1,11/6/1978,"Calgary, Alberta",2002,2002-03,Calgary,Alberta,Canada
Cronin,John,John Cronin,6-1,5/1/1980,"Duxbury, Massachusetts",2002,2002-03,Duxbury,Massachusetts,United States
Dunlap,Adam,Adam Dunlap,6-0,11/8/1983,"Minnetonka, Minnesota",2002,2002-03,Minnetonka,Minnesota,United States
Meyer,Freddy,Freddy Meyer,5-10,1/4/1981,"Sanbornville, New Hampshire",2002,2002-03,Sanbornville,New Hampshire,United States
Miller,Bryan,Bryan Miller,5-10,2/17/1983,"Wayne, New Jersey",2002,2002-03,Wayne,New Jersey,United States
Redlihs,Jekabs,Jekabs Redlihs,6-1,3/29/1982,"Riga, Latvia",2002,2002-03,Riga,Riga State City,Latvia
Spang,Dan,Dan Spang,5-11,8/16/1983,"Winchester, Massachusetts",2002,2002-03,Winchester,Massachusetts,United States
Whitney,Ryan,Ryan Whitney,6-4,2/19/1983,"Scituate, Massachusetts",2002,2002-03,Scituate,Massachusetts,United States
Collins,Brian,Brian Collins,6-1,9/13/1980,"Shrewsbury, Massachusetts",2002,2002-03,Shrewsbury,Massachusetts,United States
Greeley,Stephen,Stephen Greeley,5-7,9/26/1980,"Scituate, Massachusetts",2002,2002-03,Scituate,Massachusetts,United States
Johnson,Gregg,Gregg Johnson,5-11,6/18/1982,"Windsor, Connecticut",2002,2002-03,Windsor,Connecticut,United States
Klema,David,David Klema,6-0,4/3/1982,"Roseau, Minnesota",2002,2002-03,Roseau,Minnesota,United States
Laliberte,John,John Laliberte,6-1,8/5/1983,"Saco, Maine",2002,2002-03,Saco,Maine,United States
Magowan,Ken,Ken Magowan,6-2,7/22/1981,"Kelowna, British Columbia",2002,2002-03,Kelowna,British Columbia,Canada
Maiser,Justin,Justin Maiser,6-2,6/29/1983,"Edina, Minnesota",2002,2002-03,Edina,Minnesota,United States
McConnell,Brian,Brian McConnell,6-2,2/1/1983,"Norfolk, Massachusetts",2002,2002-03,Norfolk,Massachusetts,United States
Mullen,Mark,Mark Mullen,6-0,6/17/1981,"Dorchester, Massachusetts",2002,2002-03,Dorchester,Massachusetts,United States
Priem,Ryan,Ryan Priem,6-1,6/5/1980,"Minnetonka, Minnesota",2002,2002-03,Minnetonka,Minnesota,United States
Radoslovich,Matt,Matt Radoslovich,5-11,4/16/1983,"Wanaque, New Jersey",2002,2002-03,Wanaque,New Jersey,United States
Sabo,John,John Sabo,5-8,9/4/1981,"Harding Township, New Jersey",2002,2002-03,Harding Township,New Jersey,United States
Skladany,Frantisek,Frantisek Skladany,6-0,4/22/1982,"Martin, Slovakia",2002,2002-03,Martin,Žilina,Slovakia
Solimine,E.J.,E.J. Solimine,5-10,8/31/1982,"Brookside, New Jersey",2002,2002-03,Brookside,New Jersey,United States
Van der Gulik,David,David Van der Gulik,5-11,4/20/1983,"Abbotsford, British Columbia",2002,2002-03,Abbotsford,British Columbia,Canada
Zancanaro,Brad,Brad Zancanaro,5-5,6/4/1982,"Trenton, Michigan",2002,2002-03,Trenton,Michigan,United States
Fields,Sean,Sean Fields,6-0,3/6/1981,"Edmonton, Alberta",2002,2002-03,Edmonton,Alberta,Canada
Siwiec,Stephen,Stephen Siwiec,6-2,8/7/1982,"Calgary, Alberta",2002,2002-03,Calgary,Alberta,Canada
Warren,Andy,Andy Warren,6-1,6/22/1980,"Princeton Junction, New Jersey",2002,2002-03,Princeton Junction,New Jersey,United States
Dunlap,Adam,Adam Dunlap,6-0,11/8/1983,"Minnetonka, Minnesota",2003,2003-04,Minnetonka,Minnesota,United States
Miller,Bryan,Bryan Miller,5-10,2/17/1983,"Wayne, New Jersey",2003,2003-04,Wayne,New Jersey,United States
Morrow,Thomas,Thomas Morrow,6-6,10/21/1983,"Afton, Minnesota",2003,2003-04,Afton,Minnesota,United States
Redlihs,Jekabs,Jekabs Redlihs,6-1,3/29/1982,"Riga, Latvia",2003,2003-04,Riga,Riga State City,Latvia
Schaeffer,Kevin,Kevin Schaeffer,6-1,10/16/1984,"South Huntington, New York",2003,2003-04,South Huntington,New York,United States
Spang,Dan,Dan Spang,5-11,8/16/1983,"Winchester, Massachusetts",2003,2003-04,Winchester,Massachusetts,United States
Sullivan,Sean,Sean Sullivan,6-0,3/29/1984,"Braintree, Massachusetts",2003,2003-04,Braintree,Massachusetts,United States
Whitney,Ryan,Ryan Whitney,6-4,2/19/1983,"Scituate, Massachusetts",2003,2003-04,Scituate,Massachusetts,United States
Greeley,Stephen,Stephen Greeley,5-7,9/26/1980,"Scituate, Massachusetts",2003,2003-04,Scituate,Massachusetts,United States
Johnson,Gregg,Gregg Johnson,5-11,6/18/1982,"Windsor, Connecticut",2003,2003-04,Windsor,Connecticut,United States
Klema,David,David Klema,6-0,4/3/1982,"Roseau, Minnesota",2003,2003-04,Roseau,Minnesota,United States
Laliberte,John,John Laliberte,6-1,8/5/1983,"Saco, Maine",2003,2003-04,Saco,Maine,United States
Magowan,Ken,Ken Magowan,6-2,7/22/1981,"Kelowna, British Columbia",2003,2003-04,Kelowna,British Columbia,Canada
McConnell,Brian,Brian McConnell,6-2,2/1/1983,"Norfolk, Massachusetts",2003,2003-04,Norfolk,Massachusetts,United States
Mullen,Mark,Mark Mullen,6-0,6/17/1981,"Dorchester, Massachusetts",2003,2003-04,Dorchester,Massachusetts,United States
Radoslovich,Matt,Matt Radoslovich,5-11,4/16/1983,"Wanaque, New Jersey",2003,2003-04,Wanaque,New Jersey,United States
Roche,Kenny,Kenny Roche,6-0,1/2/1984,"South Boston, Massachusetts",2003,2003-04,South Boston,Massachusetts,United States
Skladany,Frantisek,Frantisek Skladany,6-0,4/22/1982,"Martin, Slovakia",2003,2003-04,Martin,Žilina,Slovakia
Solimine,E.J.,E.J. Solimine,5-10,8/31/1982,"Brookside, New Jersey",2003,2003-04,Brookside,New Jersey,United States
Thomassian,Eric,Eric Thomassian,5-11,4/4/1983,"Rye, New York",2003,2003-04,Rye,New York,United States
Van der Gulik,David,David Van der Gulik,5-11,4/20/1983,"Abbotsford, British Columbia",2003,2003-04,Abbotsford,British Columbia,Canada
Zancanaro,Brad,Brad Zancanaro,5-5,6/4/1982,"Trenton, Michigan",2003,2003-04,Trenton,Michigan,United States
Curry,John,John Curry,5-11,2/27/1984,"Shorewood, Minnesota",2003,2003-04,Shorewood,Minnesota,United States
Fields,Sean,Sean Fields,6-0,3/6/1981,"Edmonton, Alberta",2003,2003-04,Edmonton,Alberta,Canada
Siwiec,Stephen,Stephen Siwiec,6-2,8/7/1982,"Calgary, Alberta",2003,2003-04,Calgary,Alberta,Canada
Kielt,Kevin,Kevin Kielt,6-0,7/5/1984,"Brick, New Jersey",2004,2004-05,Brick,New Jersey,United States
McGoff,Dan,Dan McGoff,5-9,3/12/1986,"Winchester, Massachusetts",2004,2004-05,Winchester,Massachusetts,United States
Miller,Bryan,Bryan Miller,5-10,2/17/1983,"Wayne, New Jersey",2004,2004-05,Wayne,New Jersey,United States
Morrow,Thomas,Thomas Morrow,6-7,10/21/1983,"Afton, Minnesota",2004,2004-05,Afton,Minnesota,United States
Redlihs,Jekabs,Jekabs Redlihs,6-2,3/29/1982,"Riga, Latvia",2004,2004-05,Riga,Riga State City,Latvia
Schaeffer,Kevin,Kevin Schaeffer,6-1,10/16/1984,"South Huntington, New York",2004,2004-05,South Huntington,New York,United States
Spang,Dan,Dan Spang,6-0,8/16/1983,"Winchester, Massachusetts",2004,2004-05,Winchester,Massachusetts,United States
Sullivan,Sean,Sean Sullivan,5-11,3/29/1984,"Braintree, Massachusetts",2004,2004-05,Braintree,Massachusetts,United States
Bourque,Chris,Chris Bourque,5-9,1/29/1986,"Topsfield, Massachusetts",2004,2004-05,Topsfield,Massachusetts,United States
Ewing,Bryan,Bryan Ewing,5-10,1/23/1985,"Plymouth, Massachusetts",2004,2004-05,Plymouth,Massachusetts,United States
Laliberte,John,John Laliberte,6-2,8/5/1983,"Saco, Maine",2004,2004-05,Saco,Maine,United States
MacArthur,Pete,Pete MacArthur,5-10,6/20/1985,"Clifton Park, New York",2004,2004-05,Clifton Park,New York,United States
McConnell,Brian,Brian McConnell,6-2,2/1/1983,"Norfolk, Massachusetts",2004,2004-05,Norfolk,Massachusetts,United States
McGuirk,Brian,Brian McGuirk,5-11,7/11/1985,"Danvers, Massachusetts",2004,2004-05,Danvers,Massachusetts,United States
Monaghan,Ryan,Ryan Monaghan,6-3,5/30/1985,"Wilmette, Illinois",2004,2004-05,Wilmette,Illinois,United States
Percella,Pat,Pat Percella,6-0,8/13/1985,"Bayonne, New Jersey",2004,2004-05,Bayonne,New Jersey,United States
Radoslovich,Matt,Matt Radoslovich,6-0,4/16/1983,"Wanaque, New Jersey",2004,2004-05,Wanaque,New Jersey,United States
Roche,Kenny,Kenny Roche,6-0,1/2/1984,"South Boston, Massachusetts",2004,2004-05,South Boston,Massachusetts,United States
Sanders,Craig,Craig Sanders,6-1,1/16/1984,"Wellesley, Massachusetts",2004,2004-05,Wellesley,Massachusetts,United States
Thomassian,Eric,Eric Thomassian,5-11,4/4/1983,"Rye, New York",2004,2004-05,Rye,New York,United States
Van der Gulik,David,David Van der Gulik,6-0,4/20/1983,"Abbotsford, British Columbia",2004,2004-05,Abbotsford,British Columbia,Canada
Weston,Ryan,Ryan Weston,6-2,1/9/1984,"Henniker, New Hampshire",2004,2004-05,Henniker,New Hampshire,United States
Zancanaro,Brad,Brad Zancanaro,5-5,6/4/1982,"Trenton, Michigan",2004,2004-05,Trenton,Michigan,United States
Curry,John,John Curry,5-11,2/27/1984,"Shorewood, Minnesota",2004,2004-05,Shorewood,Minnesota,United States
Gillespie,Karson,Karson Gillespie,5-11,5/31/1983,"Mankota, Saskatchewan",2004,2004-05,Mankota,Saskatchewan,Canada
Siwiec,Stephen,Stephen Siwiec,6-2,8/7/1982,"Calgary, Alberta",2004,2004-05,Calgary,Alberta,Canada
Gilroy,Matt,Matt Gilroy,6-2,7/30/1984,"North Bellmore, New York",2005,2005-06,North Bellmore,New York,United States
Kielt,Kevin,Kevin Kielt,6-0,7/5/1984,"Brick, New Jersey",2005,2005-06,Brick,New Jersey,United States
McGoff,Dan,Dan McGoff,5-9,3/12/1986,"Winchester, Massachusetts",2005,2005-06,Winchester,Massachusetts,United States
Morrow,Thomas,Thomas Morrow,6-7,10/21/1983,"Afton, Minnesota",2005,2005-06,Afton,Minnesota,United States
Redlihs,Jekabs,Jekabs Redlihs,6-2,3/29/1982,"Riga, Latvia",2005,2005-06,Riga,Riga State City,Latvia
Schaeffer,Kevin,Kevin Schaeffer,6-1,10/16/1984,"South Huntington, New York",2005,2005-06,South Huntington,New York,United States
Spang,Dan,Dan Spang,6-0,8/16/1983,"Winchester, Massachusetts",2005,2005-06,Winchester,Massachusetts,United States
Sullivan,Sean,Sean Sullivan,5-11,3/29/1984,"Braintree, Massachusetts",2005,2005-06,Braintree,Massachusetts,United States
Ewing,Bryan,Bryan Ewing,5-10,1/23/1985,"Plymouth, Massachusetts",2005,2005-06,Plymouth,Massachusetts,United States
Higgins,Chris,Chris Higgins,5-10,4/30/1986,"Lynnfield, Massachusetts",2005,2005-06,Lynnfield,Massachusetts,United States
Laliberte,John,John Laliberte,6-2,8/5/1983,"Saco, Maine",2005,2005-06,Saco,Maine,United States
Lawrence,Jason,Jason Lawrence,5-10,2/2/1987,"Saugus, Massachusetts",2005,2005-06,Saugus,Massachusetts,United States
MacArthur,Pete,Pete MacArthur,5-10,6/20/1985,"Clifton Park, New York",2005,2005-06,Clifton Park,New York,United States
McCarthy,John,John McCarthy,6-1,8/9/1986,"Andover, Massachusetts",2005,2005-06,Andover,Massachusetts,United States
McGuirk,Brian,Brian McGuirk,5-11,7/11/1985,"Danvers, Massachusetts",2005,2005-06,Danvers,Massachusetts,United States
Monaghan,Ryan,Ryan Monaghan,6-3,5/30/1985,"Wilmette, Illinois",2005,2005-06,Wilmette,Illinois,United States
Roche,Kenny,Kenny Roche,6-0,1/2/1984,"South Boston, Massachusetts",2005,2005-06,South Boston,Massachusetts,United States
Sanders,Craig,Craig Sanders,6-1,1/16/1984,"Wellesley, Massachusetts",2005,2005-06,Wellesley,Massachusetts,United States
Smolinsky,Steve,Steve Smolinsky,5-11,5/22/1986,"Plymouth, Massachusetts",2005,2005-06,Plymouth,Massachusetts,United States
Thomassian,Eric,Eric Thomassian,5-11,4/4/1983,"Rye, New York",2005,2005-06,Rye,New York,United States
Van der Gulik,David,David Van der Gulik,6-0,4/20/1983,"Abbotsford, British Columbia",2005,2005-06,Abbotsford,British Columbia,Canada
Weston,Ryan,Ryan Weston,6-2,1/9/1984,"Henniker, New Hampshire",2005,2005-06,Henniker,New Hampshire,United States
Yip,Brandon,Brandon Yip,6-1,4/25/1985,"Maple Ridge, British Columbia",2005,2005-06,Maple Ridge,British Columbia,Canada
Zancanaro,Brad,Brad Zancanaro,5-5,6/4/1982,"Trenton, Michigan",2005,2005-06,Trenton,Michigan,United States
Curry,John,John Curry,5-11,2/27/1984,"Shorewood, Minnesota",2005,2005-06,Shorewood,Minnesota,United States
Gillespie,Karson,Karson Gillespie,5-11,5/31/1983,"Mankota, Saskatchewan",2005,2005-06,Mankota,Saskatchewan,Canada
Siwiec,Stephen,Stephen Siwiec,6-2,8/7/1982,"Calgary, Alberta",2005,2005-06,Calgary,Alberta,Canada
Gilroy,Matt,Matt Gilroy,6-2,7/30/1984,"North Bellmore, New York",2006,2006-07,North Bellmore,New York,United States
Gryba,Eric,Eric Gryba,6-3,4/18/1988,"Saskatoon, Saskatchewan",2006,2006-07,Saskatoon,Saskatchewan,Canada
Kielt,Kevin,Kevin Kielt,6-1,7/5/1984,"Brick, New Jersey",2006,2006-07,Brick,New Jersey,United States
McGoff,Dan,Dan McGoff,5-9,3/12/1986,"Winchester, Massachusetts",2006,2006-07,Winchester,Massachusetts,United States
Morrow,Thomas,Thomas Morrow,6-7,10/21/1983,"Afton, Minnesota",2006,2006-07,Afton,Minnesota,United States
Schaeffer,Kevin,Kevin Schaeffer,6-1,10/16/1984,"South Huntington, New York",2006,2006-07,South Huntington,New York,United States
Strait,Brian,Brian Strait,6-1,1/4/1988,"Waltham, Massachusetts",2006,2006-07,Waltham,Massachusetts,United States
Sullivan,Sean,Sean Sullivan,6-0,3/29/1984,"Braintree, Massachusetts",2006,2006-07,Braintree,Massachusetts,United States
Cohen,Zach,Zach Cohen,6-3,2/6/1987,"Schaumburg, Illinois",2006,2006-07,Schaumburg,Illinois,United States
Ewing,Bryan,Bryan Ewing,5-10,1/23/1985,"Plymouth, Massachusetts",2006,2006-07,Plymouth,Massachusetts,United States
Higgins,Chris,Chris Higgins,5-11,4/30/1986,"Lynnfield, Massachusetts",2006,2006-07,Lynnfield,Massachusetts,United States
Lawrence,Jason,Jason Lawrence,5-10,2/2/1987,"Saugus, Massachusetts",2006,2006-07,Saugus,Massachusetts,United States
MacArthur,Pete,Pete MacArthur,5-10,6/20/1985,"Clifton Park, New York",2006,2006-07,Clifton Park,New York,United States
McCarthy,John,John McCarthy,6-1,8/9/1986,"Andover, Massachusetts",2006,2006-07,Andover,Massachusetts,United States
McGuirk,Brian,Brian McGuirk,5-11,7/11/1985,"Danvers, Massachusetts",2006,2006-07,Danvers,Massachusetts,United States
Monaghan,Ryan,Ryan Monaghan,6-3,5/30/1985,"Wilmette, Illinois",2006,2006-07,Wilmette,Illinois,United States
Popko,Luke,Luke Popko,5-10,3/29/1988,"Skillman, New Jersey",2006,2006-07,Skillman,New Jersey,United States
Roche,Kenny,Kenny Roche,6-0,1/2/1984,"South Boston, Massachusetts",2006,2006-07,South Boston,Massachusetts,United States
Sanders,Craig,Craig Sanders,5-11,1/16/1984,"Wellesley, Massachusetts",2006,2006-07,Wellesley,Massachusetts,United States
Smolinsky,Steve,Steve Smolinsky,5-10,5/22/1986,"Plymouth, Massachusetts",2006,2006-07,Plymouth,Massachusetts,United States
Thomassian,Eric,Eric Thomassian,5-11,4/4/1983,"Rye, New York",2006,2006-07,Rye,New York,United States
Weston,Ryan,Ryan Weston,6-2,1/9/1984,"Henniker, New Hampshire",2006,2006-07,Henniker,New Hampshire,United States
Yip,Brandon,Brandon Yip,6-1,4/25/1985,"Maple Ridge, British Columbia",2006,2006-07,Maple Ridge,British Columbia,Canada
Bennett,Brett,Brett Bennett,6-1,3/8/1988,"Williamsville, New York",2006,2006-07,Williamsville,New York,United States
Curry,John,John Curry,5-11,2/27/1984,"Shorewood, Minnesota",2006,2006-07,Shorewood,Minnesota,United States
Gillespie,Karson,Karson Gillespie,5-9,5/31/1983,"Mankota, Saskatchewan",2006,2006-07,Mankota,Saskatchewan,Canada
Cohen,Colby,Colby Cohen,6-3,1/29/1989,"Villanova, Pennsylvania",2007,2007-08,Villanova,Pennsylvania,United States
Gilroy,Matt,Matt Gilroy,6-2,7/30/1984,"North Bellmore, New York",2007,2007-08,North Bellmore,New York,United States
Gryba,Eric,Eric Gryba,6-3,4/18/1988,"Saskatoon, Saskatchewan",2007,2007-08,Saskatoon,Saskatchewan,Canada
Kielt,Kevin,Kevin Kielt,6-1,7/5/1984,"Brick, New Jersey",2007,2007-08,Brick,New Jersey,United States
McGoff,Dan,Dan McGoff,5-9,3/12/1986,"Winchester, Massachusetts",2007,2007-08,Winchester,Massachusetts,United States
Shattenkirk,Kevin,Kevin Shattenkirk,5-11,1/29/1989,"New Rochelle, New York",2007,2007-08,New Rochelle,New York,United States
Strait,Brian,Brian Strait,6-1,1/4/1988,"Waltham, Massachusetts",2007,2007-08,Waltham,Massachusetts,United States
Bonino,Nick,Nick Bonino,6-1,4/20/1988,"Unionville, Connecticut",2007,2007-08,Unionville,Connecticut,United States
Cohen,Zach,Zach Cohen,6-3,2/6/1987,"Schaumburg, Illinois",2007,2007-08,Schaumburg,Illinois,United States
Ewing,Bryan,Bryan Ewing,5-10,1/23/1985,"Plymouth, Massachusetts",2007,2007-08,Plymouth,Massachusetts,United States
Higgins,Chris,Chris Higgins,5-11,4/30/1986,"Lynnfield, Massachusetts",2007,2007-08,Lynnfield,Massachusetts,United States
Lawrence,Jason,Jason Lawrence,5-10,2/2/1987,"Saugus, Massachusetts",2007,2007-08,Saugus,Massachusetts,United States
MacArthur,Pete,Pete MacArthur,5-10,6/20/1985,"Clifton Park, New York",2007,2007-08,Clifton Park,New York,United States
McCarthy,John,John McCarthy,6-1,8/9/1986,"Andover, Massachusetts",2007,2007-08,Andover,Massachusetts,United States
McGuirk,Brian,Brian McGuirk,5-11,7/11/1985,"Danvers, Massachusetts",2007,2007-08,Danvers,Massachusetts,United States
Monaghan,Ryan,Ryan Monaghan,6-4,5/30/1985,"Wilmette, Illinois",2007,2007-08,Wilmette,Illinois,United States
Pereira,Joe,Joe Pereira,5-10,3/28/1987,"West Haven, Connecticut",2007,2007-08,West Haven,Connecticut,United States
Popko,Luke,Luke Popko,5-10,3/29/1988,"Skillman, New Jersey",2007,2007-08,Skillman,New Jersey,United States
Sanders,Craig,Craig Sanders,6-0,1/16/1984,"Wellesley, Massachusetts",2007,2007-08,Wellesley,Massachusetts,United States
Saponari,Victor,Victor Saponari,5-10,11/15/1987,"Powder Springs, Georgia",2007,2007-08,Powder Springs,Georgia,United States
Smolinsky,Steve,Steve Smolinsky,5-10,5/22/1986,"Plymouth, Massachusetts",2007,2007-08,Plymouth,Massachusetts,United States
Weston,Ryan,Ryan Weston,6-2,1/9/1984,"Henniker, New Hampshire",2007,2007-08,Henniker,New Hampshire,United States
Wilson,Colin,Colin Wilson,6-1,10/20/1989,"Winnipeg, Manitoba",2007,2007-08,Winnipeg,Manitoba,Canada
Yip,Brandon,Brandon Yip,6-1,4/25/1985,"Maple Ridge, British Columbia",2007,2007-08,Maple Ridge,British Columbia,Canada
Bennett,Brett,Brett Bennett,6-1,3/8/1988,"Williamsville, New York",2007,2007-08,Williamsville,New York,United States
Gillespie,Karson,Karson Gillespie,5-11,5/31/1983,"Mankota, Saskatchewan",2007,2007-08,Mankota,Saskatchewan,Canada
Kraus,Adam,Adam Kraus,6-3,7/25/1987,"Irving, Texas",2007,2007-08,Irving,Texas,United States
Cohen,Colby,Colby Cohen,6-3,1/29/1989,"Villanova, Pennsylvania",2008,2008-09,Villanova,Pennsylvania,United States
Gilroy,Matt,Matt Gilroy,6-2,7/30/1984,"North Bellmore, New York",2008,2008-09,North Bellmore,New York,United States
Gryba,Eric,Eric Gryba,6-4,4/18/1988,"Saskatoon, Saskatchewan",2008,2008-09,Saskatoon,Saskatchewan,Canada
Ruikka,Ryan,Ryan Ruikka,6-0,3/31/1988,"Chelsea, Michigan",2008,2008-09,Chelsea,Michigan,United States
Shattenkirk,Kevin,Kevin Shattenkirk,5-11,1/29/1989,"New Rochelle, New York",2008,2008-09,New Rochelle,New York,United States
Smolinsky,Steve,Steve Smolinsky,5-10,5/22/1986,"Plymouth, Massachusetts",2008,2008-09,Plymouth,Massachusetts,United States
Strait,Brian,Brian Strait,6-1,1/4/1988,"Waltham, Massachusetts",2008,2008-09,Waltham,Massachusetts,United States
Warsofsky,David,David Warsofsky,5-9,5/30/1990,"Marshfield, Massachusetts",2008,2008-09,Marshfield,Massachusetts,United States
Bonino,Nick,Nick Bonino,6-1,4/20/1988,"Unionville, Connecticut",2008,2008-09,Unionville,Connecticut,United States
Cohen,Zach,Zach Cohen,6-3,2/6/1987,"Schaumburg, Illinois",2008,2008-09,Schaumburg,Illinois,United States
Connolly,Chris,Chris Connolly,5-9,7/23/1987,"Duluth, Minnesota",2008,2008-09,Duluth,Minnesota,United States
Gaudet,Ross,Ross Gaudet,6-0,8/26/1988,"Burlington, Massachusetts",2008,2008-09,Burlington,Massachusetts,United States
Gilroy,Kevin,Kevin Gilroy,6-0,7/8/1987,"North Bellmore, New York",2008,2008-09,North Bellmore,New York,United States
Glass,Andrew,Andrew Glass,5-11,7/14/1989,"Wrentham, Massachusetts",2008,2008-09,Wrentham,Massachusetts,United States
Higgins,Chris,Chris Higgins,5-11,4/30/1986,"Lynnfield, Massachusetts",2008,2008-09,Lynnfield,Massachusetts,United States
Lawrence,Jason,Jason Lawrence,5-10,2/2/1987,"Saugus, Massachusetts",2008,2008-09,Saugus,Massachusetts,United States
McCarthy,John,John McCarthy,6-1,8/9/1986,"Andover, Massachusetts",2008,2008-09,Andover,Massachusetts,United States
Pereira,Joe,Joe Pereira,5-10,3/28/1987,"West Haven, Connecticut",2008,2008-09,West Haven,Connecticut,United States
Popko,Luke,Luke Popko,5-10,3/29/1988,"Skillman, New Jersey",2008,2008-09,Skillman,New Jersey,United States
Saponari,Vinny,Vinny Saponari,6-0,2/15/1990,"Powder Springs, Georgia",2008,2008-09,Powder Springs,Georgia,United States
Saponari,Victor,Victor Saponari,5-10,11/15/1987,"Powder Springs, Georgia",2008,2008-09,Powder Springs,Georgia,United States
Trivino,Corey,Corey Trivino,6-1,1/12/1990,"Toronto, Ontario",2008,2008-09,Toronto,Ontario,Canada
Wilson,Colin,Colin Wilson,6-2,10/20/1989,"Winnipeg, Manitoba",2008,2008-09,Winnipeg,Manitoba,Canada
Yip,Brandon,Brandon Yip,6-1,4/25/1985,"Maple Ridge, British Columbia",2008,2008-09,Maple Ridge,British Columbia,Canada
Kraus,Adam,Adam Kraus,6-3,7/25/1987,"Irving, Texas",2008,2008-09,Irving,Texas,United States
Millan,Kieran,Kieran Millan,6-0,8/31/1989,"Edmonton, Alberta",2008,2008-09,Edmonton,Alberta,Canada
Rollheiser,Grant,Grant Rollheiser,6-4,7/24/1989,"Chilliwack, British Columbia",2008,2008-09,Chilliwack,British Columbia,Canada
Cohen,Colby,Colby Cohen,6-3,1/29/1989,"Villanova, Pennsylvania",2009,2009-10,Villanova,Pennsylvania,United States
Escobedo,Sean,Sean Escobedo,6-0,10/27/1990,"Bayside, New York",2009,2009-10,Bayside,New York,United States
Gryba,Eric,Eric Gryba,6-4,4/18/1988,"Saskatoon, Saskatchewan",2009,2009-10,Saskatoon,Saskatchewan,Canada
Nicastro,Max,Max Nicastro,6-3,3/2/1990,"Thousand Oaks, California",2009,2009-10,Thousand Oaks,California,United States
Rosen,Ben,Ben Rosen,5-11,1/7/1989,"Syosset, New York",2009,2009-10,Syosset,New York,United States
Ruikka,Ryan,Ryan Ruikka,6-0,3/31/1988,"Chelsea, Michigan",2009,2009-10,Chelsea,Michigan,United States
Shattenkirk,Kevin,Kevin Shattenkirk,6-0,1/29/1989,"New Rochelle, New York",2009,2009-10,New Rochelle,New York,United States
Warsofsky,David,David Warsofsky,5-9,5/30/1990,"Marshfield, Massachusetts",2009,2009-10,Marshfield,Massachusetts,United States
Bonino,Nick,Nick Bonino,6-1,4/20/1988,"Unionville, Connecticut",2009,2009-10,Unionville,Connecticut,United States
Chiasson,Alex,Alex Chiasson,6-4,10/1/1990,"St. Augustin, Quebec",2009,2009-10,St. Augustin,Quebec,Canada
Cohen,Zach,Zach Cohen,6-3,2/6/1987,"Schaumburg, Illinois",2009,2009-10,Schaumburg,Illinois,United States
Connolly,Chris,Chris Connolly,5-9,7/23/1987,"Duluth, Minnesota",2009,2009-10,Duluth,Minnesota,United States
Courtnall,Justin,Justin Courtnall,6-3,5/21/1989,"Victoria, British Columbia",2009,2009-10,Victoria,British Columbia,Canada
Gaudet,Ross,Ross Gaudet,6-0,8/26/1988,"Burlington, Massachusetts",2009,2009-10,Burlington,Massachusetts,United States
Gilroy,Kevin,Kevin Gilroy,6-0,7/8/1987,"North Bellmore, New York",2009,2009-10,North Bellmore,New York,United States
Glass,Andrew,Andrew Glass,5-11,7/14/1989,"Wrentham, Massachusetts",2009,2009-10,Wrentham,Massachusetts,United States
Megan,Wade,Wade Megan,6-1,7/22/1990,"Canton, New York",2009,2009-10,Canton,New York,United States
Pereira,Joe,Joe Pereira,5-10,3/28/1987,"West Haven, Connecticut",2009,2009-10,West Haven,Connecticut,United States
Popko,Luke,Luke Popko,5-10,3/29/1988,"Skillman, New Jersey",2009,2009-10,Skillman,New Jersey,United States
Santana,Ryan,Ryan Santana,6-1,11/22/1988,"Yorba Linda, California",2009,2009-10,Yorba Linda,California,United States
Saponari,Vinny,Vinny Saponari,6-0,2/15/1990,"Powder Springs, Georgia",2009,2009-10,Powder Springs,Georgia,United States
Saponari,Victor,Victor Saponari,5-10,11/15/1987,"Powder Springs, Georgia",2009,2009-10,Powder Springs,Georgia,United States
Trivino,Corey,Corey Trivino,6-1,1/12/1990,"Toronto, Ontario",2009,2009-10,Toronto,Ontario,Canada
Kraus,Adam,Adam Kraus,6-3,7/25/1987,"Irving, Texas",2009,2009-10,Irving,Texas,United States
Millan,Kieran,Kieran Millan,6-0,8/31/1989,"Edmonton, Alberta",2009,2009-10,Edmonton,Alberta,Canada
Rollheiser,Grant,Grant Rollheiser,6-4,7/24/1989,"Chilliwack, British Columbia",2009,2009-10,Chilliwack,British Columbia,Canada
Clendening,Adam,Adam Clendening,6-0,10/26/1992,"Wheatfield, New York",2010,2010-11,Wheatfield,New York,United States
Escobedo,Sean,Sean Escobedo,6-0,10/27/1990,"Bayside, New York",2010,2010-11,Bayside,New York,United States
MacGregor,Patrick,Patrick MacGregor,6-4,7/12/1990,"Hamden, Connecticut",2010,2010-11,Hamden,Connecticut,United States
Nicastro,Max,Max Nicastro,6-2,3/2/1990,"Thousand Oaks, California",2010,2010-11,Thousand Oaks,California,United States
Noonan,Garrett,Garrett Noonan,6-2,1/28/1991,"Norfolk, Massachusetts",2010,2010-11,Norfolk,Massachusetts,United States
Rosen,Ben,Ben Rosen,5-11,1/7/1989,"Syosset, New York",2010,2010-11,Syosset,New York,United States
Ruikka,Ryan,Ryan Ruikka,6-0,3/31/1988,"Chelsea, Michigan",2010,2010-11,Chelsea,Michigan,United States
Warsofsky,David,David Warsofsky,5-9,5/30/1990,"Marshfield, Massachusetts",2010,2010-11,Marshfield,Massachusetts,United States
Chiasson,Alex,Alex Chiasson,6-3,10/1/1990,"St. Augustin, Quebec",2010,2010-11,St. Augustin,Quebec,Canada
Cissé,Yasin,Yasin Cissé,6-3,3/11/1992,"Westmount, Quebec",2010,2010-11,Westmount,Quebec,Canada
Connolly,Chris,Chris Connolly,5-9,7/23/1987,"Duluth, Minnesota",2010,2010-11,Duluth,Minnesota,United States
Courtnall,Justin,Justin Courtnall,6-3,5/21/1989,"Victoria, British Columbia",2010,2010-11,Victoria,British Columbia,Canada
Coyle,Charlie,Charlie Coyle,6-2,3/2/1992,"East Weymouth, Massachusetts",2010,2010-11,East Weymouth,Massachusetts,United States
Gaudet,Ross,Ross Gaudet,6-0,8/26/1988,"Burlington, Massachusetts",2010,2010-11,Burlington,Massachusetts,United States
Gill,Sahir,Sahir Gill,5-10,4/21/1992,"Terrace, British Columbia",2010,2010-11,Terrace,British Columbia,Canada
Gilroy,Kevin,Kevin Gilroy,6-0,7/8/1987,"North Bellmore, New York",2010,2010-11,North Bellmore,New York,United States
Glass,Andrew,Andrew Glass,5-11,7/14/1989,"Wrentham, Massachusetts",2010,2010-11,Wrentham,Massachusetts,United States
Megan,Wade,Wade Megan,6-1,7/22/1990,"Canton, New York",2010,2010-11,Canton,New York,United States
Nieto,Matt,Matt Nieto,5-11,11/5/1992,"Long Beach, California",2010,2010-11,Long Beach,California,United States
Pereira,Joe,Joe Pereira,5-10,3/28/1987,"West Haven, Connecticut",2010,2010-11,West Haven,Connecticut,United States
Ronan,Matt,Matt Ronan,5-11,1/2/1990,"Woburn, Massachusetts",2010,2010-11,Woburn,Massachusetts,United States
Santana,Ryan,Ryan Santana,6-1,11/22/1988,"Yorba Linda, California",2010,2010-11,Yorba Linda,California,United States
Trivino,Corey,Corey Trivino,6-1,1/12/1990,"Toronto, Ontario",2010,2010-11,Toronto,Ontario,Canada
Kraus,Adam,Adam Kraus,6-3,7/25/1987,"Irving, Texas",2010,2010-11,Irving,Texas,United States
Millan,Kieran,Kieran Millan,6-0,8/31/1989,"Edmonton, Alberta",2010,2010-11,Edmonton,Alberta,Canada
Rollheiser,Grant,Grant Rollheiser,6-4,7/24/1989,"Chilliwack, British Columbia",2010,2010-11,Chilliwack,British Columbia,Canada
Clendening,Adam,Adam Clendening,6-0,10/26/1992,"Wheatfield, New York",2011,2011-12,Wheatfield,New York,United States
Escobedo,Sean,Sean Escobedo,6-0,10/27/1990,"Bayside, New York",2011,2011-12,Bayside,New York,United States
MacGregor,Patrick,Patrick MacGregor,6-4,7/12/1990,"Hamden, Connecticut",2011,2011-12,Hamden,Connecticut,United States
Nicastro,Max,Max Nicastro,6-2,3/2/1990,"Thousand Oaks, California",2011,2011-12,Thousand Oaks,California,United States
Noonan,Garrett,Garrett Noonan,6-2,1/28/1991,"Norfolk, Massachusetts",2011,2011-12,Norfolk,Massachusetts,United States
Privitera,Alexx,Alexx Privitera,5-11,1/18/1993,"Old Tappan, New Jersey",2011,2011-12,Old Tappan,New Jersey,United States
Rosen,Ben,Ben Rosen,5-11,1/7/1989,"Syosset, New York",2011,2011-12,Syosset,New York,United States
Ruikka,Ryan,Ryan Ruikka,6-0,3/31/1988,"Chelsea, Michigan",2011,2011-12,Chelsea,Michigan,United States
Chiasson,Alex,Alex Chiasson,6-3,10/1/1990,"St. Augustin, Quebec",2011,2011-12,St. Augustin,Quebec,Canada
Cissé,Yasin,Yasin Cissé,6-3,3/11/1992,"Westmount, Quebec",2011,2011-12,Westmount,Quebec,Canada
Connolly,Chris,Chris Connolly,5-9,7/23/1987,"Duluth, Minnesota",2011,2011-12,Duluth,Minnesota,United States
Courtnall,Justin,Justin Courtnall,6-3,5/21/1989,"Victoria, British Columbia",2011,2011-12,Victoria,British Columbia,Canada
Gaudet,Ross,Ross Gaudet,6-0,8/26/1988,"Burlington, Massachusetts",2011,2011-12,Burlington,Massachusetts,United States
Gill,Sahir,Sahir Gill,5-10,4/21/1992,"Terrace, British Columbia",2011,2011-12,Terrace,British Columbia,Canada
Gilroy,Kevin,Kevin Gilroy,6-0,7/8/1987,"North Bellmore, New York",2011,2011-12,North Bellmore,New York,United States
Hohmann,Cason,Cason Hohmann,5-9,1/10/1993,"Plymouth, Michigan",2011,2011-12,Plymouth,Michigan,United States
Megan,Wade,Wade Megan,6-1,7/22/1990,"Canton, New York",2011,2011-12,Canton,New York,United States
Moscatel,Jake,Jake Moscatel,6-0,4/10/1988,"Lexington, Massachusetts",2011,2011-12,Lexington,Massachusetts,United States
Nieto,Matt,Matt Nieto,5-11,11/5/1992,"Long Beach, California",2011,2011-12,Long Beach,California,United States
Rodrigues,Evan,Evan Rodrigues,5-10,7/28/1993,"Etobicoke, Ontario",2011,2011-12,Etobicoke,Ontario,Canada
Ronan,Matt,Matt Ronan,5-11,1/2/1990,"Woburn, Massachusetts",2011,2011-12,Woburn,Massachusetts,United States
Santana,Ryan,Ryan Santana,6-1,11/22/1988,"Yorba Linda, California",2011,2011-12,Yorba Linda,California,United States
Millan,Kieran,Kieran Millan,6-0,8/31/1989,"Edmonton, Alberta",2011,2011-12,Edmonton,Alberta,Canada
Moccia,Anthony,Anthony Moccia,5-9,12/23/1990,"Medford, Massachusetts",2011,2011-12,Medford,Massachusetts,United States
Rollheiser,Grant,Grant Rollheiser,6-4,7/24/1989,"Chilliwack, British Columbia",2011,2011-12,Chilliwack,British Columbia,Canada
Escobedo,Sean,Sean Escobedo,6-0,10/27/1990,"Bayside, New York",2012,2012-13,Bayside,New York,United States
Grzelcyk,Matt,Matt Grzelcyk,5-9,1/5/1994,"Charlestown, Massachusetts",2012,2012-13,Charlestown,Massachusetts,United States
MacGregor,Patrick,Patrick MacGregor,6-4,7/12/1990,"Hamden, Connecticut",2012,2012-13,Hamden,Connecticut,United States
Noonan,Garrett,Garrett Noonan,6-2,1/28/1991,"Norfolk, Massachusetts",2012,2012-13,Norfolk,Massachusetts,United States
Oksanen,Ahti,Ahti Oksanen,6-3,3/10/1993,"Kirkkonummi, Finland",2012,2012-13,Kirkkonummi,Uusimaa,Finland
Privitera,Alexx,Alexx Privitera,5-11,1/18/1993,"Old Tappan, New Jersey",2012,2012-13,Old Tappan,New Jersey,United States
Rosen,Ben,Ben Rosen,5-11,1/7/1989,"Syosset, New York",2012,2012-13,Syosset,New York,United States
Ruikka,Ryan,Ryan Ruikka,6-0,3/31/1988,"Chelsea, Michigan",2012,2012-13,Chelsea,Michigan,United States
Gill,Sahir,Sahir Gill,5-10,4/21/1992,"Terrace, British Columbia",2012,2012-13,Terrace,British Columbia,Canada
Hohmann,Cason,Cason Hohmann,5-9,1/10/1993,"Plymouth, Michigan",2012,2012-13,Plymouth,Michigan,United States
Kurker,Sam,Sam Kurker,6-2,4/8/1994,"Reading, Massachusetts",2012,2012-13,Reading,Massachusetts,United States
Lane,Matt,Matt Lane,5-10,3/15/1994,"Rochester, New York",2012,2012-13,Rochester,New York,United States
Megan,Wade,Wade Megan,6-1,7/22/1990,"Canton, New York",2012,2012-13,Canton,New York,United States
Moran,Mike,Mike Moran,6-1,9/7/1991,"Marshfield, Massachusetts",2012,2012-13,Marshfield,Massachusetts,United States
Moscatel,Jake,Jake Moscatel,6-0,4/10/1988,"Lexington, Massachusetts",2012,2012-13,Lexington,Massachusetts,United States
Nieto,Matt,Matt Nieto,5-11,11/5/1992,"Long Beach, California",2012,2012-13,Long Beach,California,United States
O'Regan,Danny,Danny O'Regan,5-10,1/30/1994,"Needham, Massachusetts",2012,2012-13,Needham,Massachusetts,United States
Rodrigues,Evan,Evan Rodrigues,5-10,7/28/1993,"Etobicoke, Ontario",2012,2012-13,Etobicoke,Ontario,Canada
Ronan,Matt,Matt Ronan,5-11,1/2/1990,"Woburn, Massachusetts",2012,2012-13,Woburn,Massachusetts,United States
Santana,Ryan,Ryan Santana,6-1,11/22/1988,"Yorba Linda, California",2012,2012-13,Yorba Linda,California,United States
Maguire,Sean,Sean Maguire,6-2,2/2/1993,"Powell River, British Columbia",2012,2012-13,Powell River,British Columbia,Canada
Moccia,Anthony,Anthony Moccia,5-9,12/23/1990,"Medford, Massachusetts",2012,2012-13,Medford,Massachusetts,United States
O'Connor,Matt,Matt O'Connor,6-5,2/14/1992,"Toronto, Ontario",2012,2012-13,Toronto,Ontario,Canada
Carrabino,J.D.,J.D. Carrabino,6-6,2/17/1991,"New Canaan, Connecticut",2013,2013-14,New Canaan,Connecticut,United States
Grzelcyk,Matt,Matt Grzelcyk,5-9,1/5/1994,"Charlestown, Massachusetts",2013,2013-14,Charlestown,Massachusetts,United States
MacAfee,Dalton,Dalton MacAfee,6-0,7/8/1994,"Needham, Massachusetts",2013,2013-14,Needham,Massachusetts,United States
MacGregor,Patrick,Patrick MacGregor,6-4,7/12/1990,"Hamden, Connecticut",2013,2013-14,Hamden,Connecticut,United States
Noonan,Garrett,Garrett Noonan,6-1,1/28/1991,"Norfolk, Massachusetts",2013,2013-14,Norfolk,Massachusetts,United States
Oksanen,Ahti,Ahti Oksanen,6-3,3/10/1993,"Kirkkonummi, Finland",2013,2013-14,Kirkkonummi,Uusimaa,Finland
Ryan,T.J.,T.J. Ryan,6-0,11/13/1992,"West Newton, Massachusetts",2013,2013-14,West Newton,Massachusetts,United States
Somerby,Doyle,Doyle Somerby,6-5,7/4/1994,"Marblehead, Massachusetts",2013,2013-14,Marblehead,Massachusetts,United States
Baillargeon,Robbie,Robbie Baillargeon,6-0,11/26/1993,"Enfield, Connecticut",2013,2013-14,Enfield,Connecticut,United States
Collier,Brendan,Brendan Collier,5-9,10/8/1993,"Charlestown, Massachusetts",2013,2013-14,Charlestown,Massachusetts,United States
Duane,Kevin,Kevin Duane,6-5,1/16/1994,"New Canaan, Connecticut",2013,2013-14,New Canaan,Connecticut,United States
Hohmann,Cason,Cason Hohmann,5-9,1/10/1993,"Plymouth, Michigan",2013,2013-14,Plymouth,Michigan,United States
Kelley,Tommy,Tommy Kelley,5-10,9/15/1994,"Natick, Massachusetts",2013,2013-14,Natick,Massachusetts,United States
Lane,Matt,Matt Lane,5-10,3/15/1994,"Rochester, New York",2013,2013-14,Rochester,New York,United States
Lawrence,Dillon,Dillon Lawrence,6-3,3/22/1995,"Toronto, Ontario",2013,2013-14,Toronto,Ontario,Canada
Moran,Mike,Mike Moran,6-1,9/7/1991,"Marshfield, Massachusetts",2013,2013-14,Marshfield,Massachusetts,United States
Moscatel,Jake,Jake Moscatel,6-0,4/10/1988,"Lexington, Massachusetts",2013,2013-14,Lexington,Massachusetts,United States
O'Regan,Danny,Danny O'Regan,5-10,1/30/1994,"Needham, Massachusetts",2013,2013-14,Needham,Massachusetts,United States
Roberto,Nick,Nick Roberto,5-9,4/4/1994,"Wakefield, Massachusetts",2013,2013-14,Wakefield,Massachusetts,United States
Rodrigues,Evan,Evan Rodrigues,5-11,7/28/1993,"Etobicoke, Ontario",2013,2013-14,Etobicoke,Ontario,Canada
Ronan,Matt,Matt Ronan,5-11,1/2/1990,"Woburn, Massachusetts",2013,2013-14,Woburn,Massachusetts,United States
Maguire,Sean,Sean Maguire,6-2,2/2/1993,"Powell River, British Columbia",2013,2013-14,Powell River,British Columbia,Canada
Moccia,Anthony,Anthony Moccia,5-8,12/23/1990,"Medford, Massachusetts",2013,2013-14,Medford,Massachusetts,United States
O'Connor,Matt,Matt O'Connor,6-6,2/14/1992,"Toronto, Ontario",2013,2013-14,Toronto,Ontario,Canada
Carrabino,J.D.,J.D. Carrabino,6-6,2/17/1991,"New Canaan, Connecticut",2014,2014-15,New Canaan,Connecticut,United States
Diffley,Brien,Brien Diffley,6-2,7/8/1995,"Burlington, Massachusetts",2014,2014-15,Burlington,Massachusetts,United States
Fortunato,Brandon,Brandon Fortunato,5-10,6/7/1996,"North Hills, New York",2014,2014-15,North Hills,New York,United States
Grzelcyk,Matt,Matt Grzelcyk,5-9,1/5/1994,"Charlestown, Massachusetts",2014,2014-15,Charlestown,Massachusetts,United States
Hickey,Brandon,Brandon Hickey,6-2,4/13/1996,"Leduc, Alberta",2014,2014-15,Leduc,Alberta,Canada
MacLeod,John,John MacLeod,6-1,6/2/1996,"Dracut, Massachusetts",2014,2014-15,Dracut,Massachusetts,United States
Oksanen,Ahti,Ahti Oksanen,6-3,3/10/1993,"Kirkkonummi, Finland",2014,2014-15,Kirkkonummi,Uusimaa,Finland
Ryan,T.J.,T.J. Ryan,6-0,11/13/1992,"West Newton, Massachusetts",2014,2014-15,West Newton,Massachusetts,United States
Somerby,Doyle,Doyle Somerby,6-5,7/4/1994,"Marblehead, Massachusetts",2014,2014-15,Marblehead,Massachusetts,United States
Baillargeon,Robbie,Robbie Baillargeon,6-0,11/26/1993,"Enfield, Connecticut",2014,2014-15,Enfield,Connecticut,United States
Duane,Kevin,Kevin Duane,6-5,1/16/1994,"New Canaan, Connecticut",2014,2014-15,New Canaan,Connecticut,United States
Eichel,Jack,Jack Eichel,6-1,10/28/1996,"North Chelmsford, Massachusetts",2014,2014-15,North Chelmsford,Massachusetts,United States
Greer,A.J.,A.J. Greer,6-3,12/14/1996,"Joliette, Quebec",2014,2014-15,Joliette,Quebec,Canada
Hohmann,Cason,Cason Hohmann,5-9,1/10/1993,"Plymouth, Michigan",2014,2014-15,Plymouth,Michigan,United States
Kelley,Tommy,Tommy Kelley,5-10,9/15/1994,"Natick, Massachusetts",2014,2014-15,Natick,Massachusetts,United States
Lane,Matt,Matt Lane,5-10,3/15/1994,"Rochester, New York",2014,2014-15,Rochester,New York,United States
Lawrence,Dillon,Dillon Lawrence,6-3,3/22/1995,"Toronto, Ontario",2014,2014-15,Toronto,Ontario,Canada
Moran,Mike,Mike Moran,6-1,9/7/1991,"Marshfield, Massachusetts",2014,2014-15,Marshfield,Massachusetts,United States
O'Regan,Danny,Danny O'Regan,5-10,1/30/1994,"Needham, Massachusetts",2014,2014-15,Needham,Massachusetts,United States
Olsson,Nikolas,Nikolas Olsson,5-11,6/14/1994,"Escondido, California",2014,2014-15,Escondido,California,United States
Phelps,Chase,Chase Phelps,6-0,4/26/1996,"Edina, Minnesota",2014,2014-15,Edina,Minnesota,United States
Piccinich,J.J.,J.J. Piccinich,5-11,6/12/1996,"Paramus, New Jersey",2014,2014-15,Paramus,New Jersey,United States
Roberto,Nick,Nick Roberto,5-9,4/4/1994,"Wakefield, Massachusetts",2014,2014-15,Wakefield,Massachusetts,United States
Rodrigues,Evan,Evan Rodrigues,5-11,7/28/1993,"Etobicoke, Ontario",2014,2014-15,Etobicoke,Ontario,Canada
LaCouvee,Connor,Connor LaCouvee,6-0,5/24/1994,"Qualicum Beach, British Columbia",2014,2014-15,Qualicum Beach,British Columbia,Canada
Moccia,Anthony,Anthony Moccia,5-8,12/23/1990,"Medford, Massachusetts",2014,2014-15,Medford,Massachusetts,United States
O'Connor,Matt,Matt O'Connor,6-6,2/14/1992,"Toronto, Ontario",2014,2014-15,Toronto,Ontario,Canada
Diffley,Brien,Brien Diffley,6-2,7/8/1995,"Burlington, Massachusetts",2015,2015-16,Burlington,Massachusetts,United States
Fortunato,Brandon,Brandon Fortunato,5-10,6/7/1996,"North Hills, New York",2015,2015-16,North Hills,New York,United States
Grzelcyk,Matt,Matt Grzelcyk,5-10,1/5/1994,"Charlestown, Massachusetts",2015,2015-16,Charlestown,Massachusetts,United States
Hickey,Brandon,Brandon Hickey,6-2,4/13/1996,"Leduc, Alberta",2015,2015-16,Leduc,Alberta,Canada
MacLeod,John,John MacLeod,6-1,6/2/1996,"Dracut, Massachusetts",2015,2015-16,Dracut,Massachusetts,United States
McAvoy,Charlie,Charlie McAvoy,6-1,12/21/1997,"Long Beach, New York",2015,2015-16,Long Beach,New York,United States
Somerby,Doyle,Doyle Somerby,6-5,7/4/1994,"Marblehead, Massachusetts",2015,2015-16,Marblehead,Massachusetts,United States
Switzer,Shane,Shane Switzer,6-2,11/13/1995,"Bloomfield Hills, Michigan",2015,2015-16,Bloomfield Hills,Michigan,United States
Andrén,Oskar,Oskar Andrén,6-1,3/29/1995,"Stockholm, Sweden",2015,2015-16,Stockholm,Stockholm,Sweden
Baillargeon,Robbie,Robbie Baillargeon,6-0,11/26/1993,"Enfield, Connecticut",2015,2015-16,Enfield,Connecticut,United States
Carpenter,Bobo,Bobo Carpenter,5-11,8/16/1996,"North Reading, Massachusetts",2015,2015-16,North Reading,Massachusetts,United States
Cloonan,Ryan,Ryan Cloonan,5-10,7/20/1995,"East Longmeadow, Massachusetts",2015,2015-16,East Longmeadow,Massachusetts,United States
Forsbacka Karlsson,Jakob,Jakob Forsbacka Karlsson,6-1,10/31/1996,"Stockholm, Sweden",2015,2015-16,Stockholm,Stockholm,Sweden
Greenway,Jordan,Jordan Greenway,6-5,2/12/1997,"Canton, New York",2015,2015-16,Canton,New York,United States
Kelley,Tommy,Tommy Kelley,5-10,9/15/1994,"Natick, Massachusetts",2015,2015-16,Natick,Massachusetts,United States
Lane,Matt,Matt Lane,5-10,3/15/1994,"Rochester, New York",2015,2015-16,Rochester,New York,United States
Lawrence,Dillon,Dillon Lawrence,6-3,3/22/1995,"Toronto, Ontario",2015,2015-16,Toronto,Ontario,Canada
Moran,Mike,Mike Moran,6-1,9/7/1991,"Marshfield, Massachusetts",2015,2015-16,Marshfield,Massachusetts,United States
O'Regan,Danny,Danny O'Regan,5-10,1/30/1994,"Needham, Massachusetts",2015,2015-16,Needham,Massachusetts,United States
Oksanen,Ahti,Ahti Oksanen,6-3,3/10/1993,"Kirkkonummi, Finland",2015,2015-16,Kirkkonummi,Uusimaa,Finland
Olsson,Nikolas,Nikolas Olsson,6-0,6/14/1994,"Escondido, California",2015,2015-16,Escondido,California,United States
Phelps,Chase,Chase Phelps,6-1,4/26/1996,"Edina, Minnesota",2015,2015-16,Edina,Minnesota,United States
Roberto,Nick,Nick Roberto,5-9,4/4/1994,"Wakefield, Massachusetts",2015,2015-16,Wakefield,Massachusetts,United States
Udahl,Erik,Erik Udahl,5-7,3/31/1996,"East Walpole, Massachusetts",2015,2015-16,East Walpole,Massachusetts,United States
LaCouvee,Connor,Connor LaCouvee,6-0,5/24/1994,"Qualicum Beach, British Columbia",2015,2015-16,Qualicum Beach,British Columbia,Canada
Maguire,Sean,Sean Maguire,6-2,2/2/1993,"Powell River, British Columbia",2015,2015-16,Powell River,British Columbia,Canada
Prawdzik,Max,Max Prawdzik,6-3,2/22/1997,"Andover, Massachusetts",2015,2015-16,Andover,Massachusetts,United States
Diffley,Brien,Brien Diffley,6-2,7/8/1995,"Burlington, Massachusetts",2016,2016-17,Burlington,Massachusetts,United States
Fabbro,Dante,Dante Fabbro,6-1,6/20/1998,"New Westminster, British Columbia",2016,2016-17,New Westminster,British Columbia,Canada
Hickey,Brandon,Brandon Hickey,6-2,4/13/1996,"Leduc, Alberta",2016,2016-17,Leduc,Alberta,Canada
Krys,Chad,Chad Krys,6-0,4/10/1998,"Ridgefield, Connecticut",2016,2016-17,Ridgefield,Connecticut,United States
MacLeod,John,John MacLeod,6-1,6/2/1996,"Dracut, Massachusetts",2016,2016-17,Dracut,Massachusetts,United States
McAvoy,Charlie,Charlie McAvoy,6-1,12/21/1997,"Long Beach, New York",2016,2016-17,Long Beach,New York,United States
Somerby,Doyle,Doyle Somerby,6-5,7/4/1994,"Marblehead, Massachusetts",2016,2016-17,Marblehead,Massachusetts,United States
Switzer,Shane,Shane Switzer,6-2,11/13/1995,"Bloomfield Hills, Michigan",2016,2016-17,Bloomfield Hills,Michigan,United States
Andrén,Oskar,Oskar Andrén,6-1,3/29/1995,"Stockholm, Sweden",2016,2016-17,Stockholm,Stockholm,Sweden
Bellows,Kieffer,Kieffer Bellows,6-1,6/10/1998,"Edina, Minnesota",2016,2016-17,Edina,Minnesota,United States
Carpenter,Bobo,Bobo Carpenter,5-11,8/16/1996,"North Reading, Massachusetts",2016,2016-17,North Reading,Massachusetts,United States
Chabot,Gabriel,Gabriel Chabot,5-8,2/14/1998,"Quebec City, Quebec",2016,2016-17,Quebec City,Quebec,Canada
Cloonan,Ryan,Ryan Cloonan,5-10,7/20/1995,"East Longmeadow, Massachusetts",2016,2016-17,East Longmeadow,Massachusetts,United States
Curry,Patrick,Patrick Curry,5-11,1/9/1996,"Schaumburg, Illinois",2016,2016-17,Schaumburg,Illinois,United States
Forsbacka Karlsson,Jakob,Jakob Forsbacka Karlsson,6-1,10/31/1996,"Stockholm, Sweden",2016,2016-17,Stockholm,Stockholm,Sweden
Greenway,Jordan,Jordan Greenway,6-5,2/12/1997,"Canton, New York",2016,2016-17,Canton,New York,United States
Harper,Patrick,Patrick Harper,5-9,7/29/1998,"New Canaan, Connecticut",2016,2016-17,New Canaan,Connecticut,United States
Keller,Clayton,Clayton Keller,5-10,7/29/1998,"Swansea, Illinois",2016,2016-17,Swansea,Illinois,United States
Kelley,Tommy,Tommy Kelley,5-10,9/15/1994,"Natick, Massachusetts",2016,2016-17,Natick,Massachusetts,United States
McDermott,Johnny,Johnny McDermott,6-2,5/15/1997,"Darien, Connecticut",2016,2016-17,Darien,Connecticut,United States
Olsson,Nikolas,Nikolas Olsson,6-0,6/14/1994,"Escondido, California",2016,2016-17,Escondido,California,United States
Phelps,Chase,Chase Phelps,6-1,4/26/1996,"Edina, Minnesota",2016,2016-17,Edina,Minnesota,United States
Roberto,Nick,Nick Roberto,5-9,4/4/1994,"Wakefield, Massachusetts",2016,2016-17,Wakefield,Massachusetts,United States
LaCouvee,Connor,Connor LaCouvee,6-0,5/24/1994,"Qualicum Beach, British Columbia",2016,2016-17,Qualicum Beach,British Columbia,Canada
Lynch,Nico,Nico Lynch,0,5/9/1998,"Barnstable, Massachusetts",2016,2016-17,Barnstable,Massachusetts,United States
Oettinger,Jake,Jake Oettinger,6-4,12/18/1998,"Lakeville, Minnesota",2016,2016-17,Lakeville,Minnesota,United States
Crotty,Cam,Cam Crotty,6-2,5/5/1999,"Greely, Ontario",2017,2017-18,Greely,Ontario,Canada
Diffley,Brien,Brien Diffley,6-2,7/8/1995,"Burlington, Massachusetts",2017,2017-18,Burlington,Massachusetts,United States
Fabbro,Dante,Dante Fabbro,6-1,6/20/1998,"New Westminster, British Columbia",2017,2017-18,New Westminster,British Columbia,Canada
Farrance,David,David Farrance,5-11,6/23/1999,"Victor, New York",2017,2017-18,Victor,New York,United States
Hickey,Brandon,Brandon Hickey,6-2,4/13/1996,"Leduc, Alberta",2017,2017-18,Leduc,Alberta,Canada
Kotkansalo,Kasper,Kasper Kotkansalo,6-2,11/18/1998,"Espoo, Finland",2017,2017-18,Espoo,Uusimaa,Finland
Krys,Chad,Chad Krys,6-0,4/10/1998,"Ridgefield, Connecticut",2017,2017-18,Ridgefield,Connecticut,United States
MacLeod,John,John MacLeod,6-1,6/2/1996,"Dracut, Massachusetts",2017,2017-18,Dracut,Massachusetts,United States
Switzer,Shane,Shane Switzer,6-2,11/13/1995,"Bloomfield Hills, Michigan",2017,2017-18,Bloomfield Hills,Michigan,United States
Amonte,Ty,Ty Amonte,5-11,1/11/1998,"Norwell, Massachusetts",2017,2017-18,Norwell,Massachusetts,United States
Bowers,Shane,Shane Bowers,6-2,7/30/1999,"Halifax, Nova Scotia",2017,2017-18,Halifax,Nova Scotia,Canada
Carpenter,Bobo,Bobo Carpenter,5-11,8/16/1996,"North Reading, Massachusetts",2017,2017-18,North Reading,Massachusetts,United States
Chabot,Gabriel,Gabriel Chabot,5-8,2/14/1998,"Quebec City, Quebec",2017,2017-18,Quebec City,Quebec,Canada
Cloonan,Ryan,Ryan Cloonan,5-10,7/20/1995,"East Longmeadow, Massachusetts",2017,2017-18,East Longmeadow,Massachusetts,United States
Cockerill,Logan,Logan Cockerill,5-9,3/3/1999,"Brighton, Michigan",2017,2017-18,Brighton,Michigan,United States
Crone,Hank,Hank Crone,5-9,2/19/1998,"Dallas, Texas",2017,2017-18,Dallas,Texas,United States
Curry,Patrick,Patrick Curry,5-11,1/9/1996,"Schaumburg, Illinois",2017,2017-18,Schaumburg,Illinois,United States
Greenway,Jordan,Jordan Greenway,6-5,2/12/1997,"Canton, New York",2017,2017-18,Canton,New York,United States
Harper,Patrick,Patrick Harper,5-9,7/29/1998,"New Canaan, Connecticut",2017,2017-18,New Canaan,Connecticut,United States
Melanson,Drew,Drew Melanson,5-11,1/10/1995,"Paramus, New Jersey",2017,2017-18,Paramus,New Jersey,United States
Olsson,Nikolas,Nikolas Olsson,6-0,6/14/1994,"Escondido, California",2017,2017-18,Escondido,California,United States
Phelps,Chase,Chase Phelps,6-1,4/26/1996,"Edina, Minnesota",2017,2017-18,Edina,Minnesota,United States
Tkachuk,Brady,Brady Tkachuk,6-3,9/16/1999,"St. Louis, Missouri",2017,2017-18,St. Louis,Missouri,United States
Witkowski,Jake,Jake Witkowski,5-10,6/23/1999,"Melrose, Massachusetts",2017,2017-18,Melrose,Massachusetts,United States
Lynch,Nico,Nico Lynch,5-11,5/9/1998,"Barnstable, Massachusetts",2017,2017-18,Barnstable,Massachusetts,United States
Oettinger,Jake,Jake Oettinger,6-4,12/18/1998,"Lakeville, Minnesota",2017,2017-18,Lakeville,Minnesota,United States
Prawdzik,Max,Max Prawdzik,6-3,2/22/1997,"Andover, Massachusetts",2017,2017-18,Andover,Massachusetts,United States
Blixt,Hugo,Hugo Blixt,6-4,1/2/1998,"Linkoping, Sweden",2018,2018-19,Linköping,Östergötland,Sweden
Crotty,Cam,Cam Crotty,6-2,5/5/1999,"Greely, Ontario",2018,2018-19,Greely,Ontario,Canada
Fabbro,Dante,Dante Fabbro,6-1,6/20/1998,"New Westminster, British Columbia",2018,2018-19,New Westminster,British Columbia,Canada
Farrance,David,David Farrance,6-0,6/23/1999,"Victor, New York",2018,2018-19,Victor,New York,United States
Kotkansalo,Kasper,Kasper Kotkansalo,6-3,11/18/1998,"Espoo, Finland",2018,2018-19,Espoo,Uusimaa,Finland
Krys,Chad,Chad Krys,6-0,4/10/1998,"Ridgefield, Connecticut",2018,2018-19,Ridgefield,Connecticut,United States
Switzer,Shane,Shane Switzer,6-2,11/13/1995,"Bloomfield Hills, Michigan",2018,2018-19,Bloomfield Hills,Michigan,United States
Amonte,Ty,Ty Amonte,5-11,1/11/1998,"Norwell, Massachusetts",2018,2018-19,Norwell,Massachusetts,United States
Bowers,Shane,Shane Bowers,6-2,7/30/1999,"Halifax, Nova Scotia",2018,2018-19,Halifax,Nova Scotia,Canada
Carpenter,Bobo,Bobo Carpenter,5-11,8/16/1996,"North Reading, Massachusetts",2018,2018-19,North Reading,Massachusetts,United States
Chabot,Gabriel,Gabriel Chabot,5-8,2/14/1998,"Quebec City, Quebec",2018,2018-19,Quebec City,Quebec,Canada
Cheremeta,Mark,Mark Cheremeta,5-11,7/12/1999,"Parkland, Florida",2018,2018-19,Parkland,Florida,United States
Cloonan,Ryan,Ryan Cloonan,5-10,7/20/1995,"East Longmeadow, Massachusetts",2018,2018-19,East Longmeadow,Massachusetts,United States
Cockerill,Logan,Logan Cockerill,5-9,3/3/1999,"Brighton, Michigan",2018,2018-19,Brighton,Michigan,United States
Curry,Patrick,Patrick Curry,6-0,1/9/1996,"Schaumburg, Illinois",2018,2018-19,Schaumburg,Illinois,United States
DeBoer,Jack,Jack DeBoer,6-3,8/17/2000,"Madison, New Jersey",2018,2018-19,Madison,New Jersey,United States
Farabee,Joel,Joel Farabee,6-1,2/25/2000,"Cicero, New York",2018,2018-19,Cicero,New York,United States
Harper,Patrick,Patrick Harper,5-9,7/29/1998,"New Canaan, Connecticut",2018,2018-19,New Canaan,Connecticut,United States
Quercia,Matthew,Matthew Quercia,6-3,2/24/1999,"Andover, Massachusetts",2018,2018-19,Andover,Massachusetts,United States
Willman,Max,Max Willman,6-0,2/13/1995,"Barnstable, Massachusetts",2018,2018-19,Barnstable,Massachusetts,United States
Wise,Jake,Jake Wise,5-11,2/28/2000,"Reading, Massachusetts",2018,2018-19,Reading,Massachusetts,United States
Witkowski,Jake,Jake Witkowski,5-10,6/23/1999,"Melrose, Massachusetts",2018,2018-19,Melrose,Massachusetts,United States
Lynch,Nico,Nico Lynch,5-11,5/9/1998,"Barnstable, Massachusetts",2018,2018-19,Barnstable,Massachusetts,United States
Oettinger,Jake,Jake Oettinger,6-5,12/18/1998,"Lakeville, Minnesota",2018,2018-19,Lakeville,Minnesota,United States
Prawdzik,Max,Max Prawdzik,6-3,2/22/1997,"Andover, Massachusetts",2018,2018-19,Andover,Massachusetts,United States
Purpura,Vinnie,Vinnie Purpura,6-3,10/29/1998,"Lemont, Illinois",2018,2018-19,Lemont,Illinois,United States
Blixt,Hugo,Hugo Blixt,6-4,1/2/1998,"Linköping, Sweden",2019,2019-20,Linköping,Östergötland,Sweden
Crotty,Cam,Cam Crotty,6-2,5/5/1999,"Greely, Ontario",2019,2019-20,Greely,Ontario,Canada
Driscoll,Sean,Sean Driscoll,6-2,7/2/1998,"Mequon, Wisconsin",2019,2019-20,Mequon,Wisconsin,United States
Farrance,David,David Farrance,6-0,6/23/1999,"Victor, New York",2019,2019-20,Victor,New York,United States
Fensore,Domenick,Domenick Fensore,5-7,9/7/2001,"Thornwood, New York",2019,2019-20,Thornwood,New York,United States
Kotkansalo,Kasper,Kasper Kotkansalo,6-3,11/18/1998,"Espoo, Finland",2019,2019-20,Espoo,Uusimaa,Finland
McCarthy,Case,Case McCarthy,6-1,1/9/2001,"Clarence Center, New York",2019,2019-20,Clarence Center,New York,United States
Vlasic,Alex,Alex Vlasic,6-6,6/5/2001,"Wilmette, Illinois",2019,2019-20,Wilmette,Illinois,United States
Amonte,Ty,Ty Amonte,5-11,1/11/1998,"Norwell, Massachusetts",2019,2019-20,Norwell,Massachusetts,United States
Armstrong,Jamie,Jamie Armstrong,6-2,8/7/1998,"Warwick, Rhode Island",2019,2019-20,Warwick,Rhode Island,United States
Boguslavsky,Markus,Markus Boguslavsky,6-1,5/15/1999,"Calgary, Alberta",2019,2019-20,Calgary,Alberta,Canada
Brink,Alex,Alex Brink,6-0,6/12/1994,"Hamilton, New York",2019,2019-20,Hamilton,New York,United States
Chabot,Gabriel,Gabriel Chabot,5-8,2/14/1998,"Quebec City, Quebec",2019,2019-20,Quebec City,Quebec,Canada
Cockerill,Logan,Logan Cockerill,5-9,3/3/1999,"Brighton, Michigan",2019,2019-20,Brighton,Michigan,United States
Copeland,John,John Copeland,6-6,3/3/1999,"Wellesley, Massachusetts",2019,2019-20,Wellesley,Massachusetts,United States
Curry,Patrick,Patrick Curry,6-0,1/9/1996,"Schaumburg, Illinois",2019,2019-20,Schaumburg,Illinois,United States
DeBoer,Jack,Jack DeBoer,6-3,8/17/2000,"Madison, New Jersey",2019,2019-20,Madison,New Jersey,United States
Harper,Patrick,Patrick Harper,5-9,7/29/1998,"New Canaan, Connecticut",2019,2019-20,New Canaan,Connecticut,United States
Mastrosimone,Robert,Robert Mastrosimone,5-10,1/24/2001,"East Islip, New York",2019,2019-20,East Islip,New York,United States
Phillips,Ethan,Ethan Phillips,5-9,5/7/2001,"Dartmouth, Nova Scotia",2019,2019-20,Dartmouth,Nova Scotia,Canada
Quercia,Matthew,Matthew Quercia,6-3,2/24/1999,"Andover, Massachusetts",2019,2019-20,Andover,Massachusetts,United States
Skoog,Wilmer,Wilmer Skoog,6-2,7/17/1999,"Tyresö, Sweden",2019,2019-20,Tyresö,Stockholm,Sweden
Stevens,Sam,Sam Stevens,6-1,4/27/2000,"Montreal, Quebec",2019,2019-20,Montreal,Quebec,Canada
Wise,Jake,Jake Wise,5-11,2/28/2000,"Reading, Massachusetts",2019,2019-20,Reading,Massachusetts,United States
Witkowski,Jake,Jake Witkowski,5-10,6/23/1999,"Melrose, Massachusetts",2019,2019-20,Melrose,Massachusetts,United States
Zegras,Trevor,Trevor Zegras,6-0,3/20/2001,"Bedford, New York",2019,2019-20,Bedford,New York,United States
Abel,Ashton,Ashton Abel,6-0,10/22/1999,"Fort McMurray, Alberta",2019,2019-20,Fort McMurray,Alberta,Canada
Lynch,Nico,Nico Lynch,5-11,5/9/1998,"Barnstable, Massachusetts",2019,2019-20,Barnstable,Massachusetts,United States
Purpura,Vinnie,Vinnie Purpura,6-6,10/29/1998,"Lemont, Illinois",2019,2019-20,Lemont,Illinois,United States
Tucker,Sam,Sam Tucker,6-2,4/16/1996,"Wilton, Connecticut",2019,2019-20,Wilton,Connecticut,United States
Campolieto,Joseph,Joseph Campolieto,6-0,4/29/1998,"Eynon, Pennsylvania",2020,2020-21,Eynon,Pennsylvania,United States
Driscoll,Sean,Sean Driscoll,6-2,7/2/1998,"Mequon, Wisconsin",2020,2020-21,Mequon,Wisconsin,United States
Farrance,David,David Farrance,6-0,6/23/1999,"Victor, New York",2020,2020-21,Victor,New York,United States
Fensore,Domenick,Domenick Fensore,5-7,9/7/2001,"Thornwood, New York",2020,2020-21,Thornwood,New York,United States
Jarman,Thomas,Thomas Jarman,6-3,4/9/2001,"Gibsonia, Pennsylvania",2020,2020-21,Gibsonia,Pennsylvania,United States
McCarthy,Case,Case McCarthy,6-1,1/9/2001,"Clarence Center, New York",2020,2020-21,Clarence Center,New York,United States
Vlasic,Alex,Alex Vlasic,6-6,6/5/2001,"Wilmette, Illinois",2020,2020-21,Wilmette,Illinois,United States
Webber,Cade,Cade Webber,6-7,1/5/2001,"Meadville, Pennsylvania",2020,2020-21,Meadville,Pennsylvania,United States
Amonte,Ty,Ty Amonte,5-11,1/11/1998,"Norwell, Massachusetts",2020,2020-21,Norwell,Massachusetts,United States
Armstrong,Jamie,Jamie Armstrong,6-2,8/7/1998,"Warwick, Rhode Island",2020,2020-21,Warwick,Rhode Island,United States
Boguslavsky,Markus,Markus Boguslavsky,6-1,5/15/1999,"Calgary, Alberta",2020,2020-21,Calgary,Alberta,Canada
Cockerill,Logan,Logan Cockerill,5-9,3/3/1999,"Brighton, Michigan",2020,2020-21,Brighton,Michigan,United States
Copeland,John,John Copeland,6-6,3/3/1999,"Wellesley, Massachusetts",2020,2020-21,Wellesley,Massachusetts,United States
DeBoer,Jack,Jack DeBoer,6-3,8/17/2000,"Madison, New Jersey",2020,2020-21,Madison,New Jersey,United States
Kaufman,Max,Max Kaufman,5-8,6/26/1996,"Rochester, New York",2020,2020-21,Rochester,New York,United States
Mastrosimone,Robert,Robert Mastrosimone,5-10,1/24/2001,"East Islip, New York",2020,2020-21,East Islip,New York,United States
O'Brien,Jay,Jay O'Brien,6-0,11/4/1999,"Hingham, Massachusetts",2020,2020-21,Hingham,Massachusetts,United States
Peterson,Dylan,Dylan Peterson,6-4,1/8/2002,"Roseville, California",2020,2020-21,Roseville,California,United States
Phillips,Ethan,Ethan Phillips,5-9,5/7/2001,"Dartmouth, Nova Scotia",2020,2020-21,Dartmouth,Nova Scotia,Canada
Quercia,Matthew,Matthew Quercia,6-3,2/24/1999,"Andover, Massachusetts",2020,2020-21,Andover,Massachusetts,United States
Skoog,Wilmer,Wilmer Skoog,6-2,7/17/1999,"Tyresö, Sweden",2020,2020-21,Tyresö,Stockholm,Sweden
Stevens,Sam,Sam Stevens,6-1,4/27/2000,"Montreal, Quebec",2020,2020-21,Montreal,Quebec,Canada
Tuch,Luke,Luke Tuch,6-2,3/7/2002,"Baldwinsville, New York",2020,2020-21,Baldwinsville,New York,United States
Wise,Jake,Jake Wise,5-11,2/28/2000,"Reading, Massachusetts",2020,2020-21,Reading,Massachusetts,United States
Witkowski,Jake,Jake Witkowski,5-10,6/23/1999,"Melrose, Massachusetts",2020,2020-21,Melrose,Massachusetts,United States
Zabaneh,Nick,Nick Zabaneh,5-10,3/27/2001,"Toronto, Ontario",2020,2020-21,Toronto,Ontario,Canada
Abel,Ashton,Ashton Abel,6-0,10/22/1999,"Fort McMurray, Alberta",2020,2020-21,Fort McMurray,Alberta,Canada
Commesso,Drew,Drew Commesso,6-2,7/19/2002,"Norwell, Massachusetts",2020,2020-21,Norwell,Massachusetts,United States
Duplessis,Vinny,Vinny Duplessis,6-1,3/19/1999,"Quebec City, Quebec",2020,2020-21,Quebec City,Quebec,Canada
Campolieto,Joseph,Joseph Campolieto,6-0,4/29/1998,"Eynon, Pennsylvania",2021,2021-22,Eynon,Pennsylvania,United States
Driscoll,Sean,Sean Driscoll,6-2,7/2/1998,"Mequon, Wisconsin",2021,2021-22,Mequon,Wisconsin,United States
Fensore,Domenick,Domenick Fensore,5-7,9/7/2001,"Thornwood, New York",2021,2021-22,Thornwood,New York,United States
Gallagher,Ty,Ty Gallagher,6-0,3/6/2003,"Clarkston, Michigan",2021,2021-22,Clarkston,Michigan,United States
Jarman,Thomas,Thomas Jarman,6-3,4/9/2001,"Gibsonia, Pennsylvania",2021,2021-22,Gibsonia,Pennsylvania,United States
McCarthy,Case,Case McCarthy,6-1,1/9/2001,"Clarence Center, New York",2021,2021-22,Clarence Center,New York,United States
Page,Jack,Jack Page,6-4,11/27/2001,"West Chester, Pennsylvania",2021,2021-22,West Chester,Pennsylvania,United States
Vlasic,Alex,Alex Vlasic,6-6,6/5/2001,"Wilmette, Illinois",2021,2021-22,Wilmette,Illinois,United States
Webber,Cade,Cade Webber,6-7,1/5/2001,"Meadville, Pennsylvania",2021,2021-22,Meadville,Pennsylvania,United States
Amonte,Ty,Ty Amonte,5-11,1/11/1998,"Norwell, Massachusetts",2021,2021-22,Norwell,Massachusetts,United States
Amonte,Tristan,Tristan Amonte,6-0,2/1/2000,"Norwell, Massachusetts",2021,2021-22,Norwell,Massachusetts,United States
Armstrong,Jamie,Jamie Armstrong,6-2,8/7/1998,"Warwick, Rhode Island",2021,2021-22,Warwick,Rhode Island,United States
Boguslavsky,Markus,Markus Boguslavsky,6-1,5/15/1999,"Calgary, Alberta",2021,2021-22,Calgary,Alberta,Canada
Brown,Matt,Matt Brown,5-9,8/9/1999,"Wood Ridge, New Jersey",2021,2021-22,Wood Ridge,New Jersey,United States
Carrabes,Brian,Brian Carrabes,5-10,8/1/2001,"North Andover, Massachusetts",2021,2021-22,North Andover,Massachusetts,United States
Cockerill,Logan,Logan Cockerill,5-9,3/3/1999,"Brighton, Michigan",2021,2021-22,Brighton,Michigan,United States
Copeland,John,John Copeland,6-6,3/3/1999,"Wellesley, Massachusetts",2021,2021-22,Wellesley,Massachusetts,United States
Kaufman,Max,Max Kaufman,5-8,6/26/1996,"Rochester, New York",2021,2021-22,Rochester,New York,United States
Mastrosimone,Robert,Robert Mastrosimone,5-10,1/24/2001,"East Islip, New York",2021,2021-22,East Islip,New York,United States
O'Brien,Jay,Jay O'Brien,6-0,11/4/1999,"Hingham, Massachusetts",2021,2021-22,Hingham,Massachusetts,United States
Peterson,Dylan,Dylan Peterson,6-4,1/8/2002,"Roseville, California",2021,2021-22,Roseville,California,United States
Phillips,Ethan,Ethan Phillips,5-9,5/7/2001,"Dartmouth, Nova Scotia",2021,2021-22,Dartmouth,Nova Scotia,Canada
Skoog,Wilmer,Wilmer Skoog,6-2,7/17/1999,"Tyresö, Sweden",2021,2021-22,Tyresö,Stockholm,Sweden
Stevens,Sam,Sam Stevens,6-1,4/27/2000,"Montreal, Quebec",2021,2021-22,Montreal,Quebec,Canada
Tuch,Luke,Luke Tuch,6-2,3/7/2002,"Baldwinsville, New York",2021,2021-22,Baldwinsville,New York,United States
Zabaneh,Nick,Nick Zabaneh,5-10,3/27/2001,"Toronto, Ontario",2021,2021-22,Toronto,Ontario,Canada
Abel,Ashton,Ashton Abel,6-0,10/22/1999,"Fort McMurray, Alberta",2021,2021-22,Fort McMurray,Alberta,Canada
Commesso,Drew,Drew Commesso,6-2,7/19/2002,"Norwell, Massachusetts",2021,2021-22,Norwell,Massachusetts,United States
Duplessis,Vinny,Vinny Duplessis,6-1,3/19/1999,"Quebec City, Quebec",2021,2021-22,Quebec City,Quebec,Canada
Driscoll,Sean,Sean Driscoll,6-2,7/2/1998,"Mequon, Wisconsin",2022,2022-23,Mequon,Wisconsin,United States
Fensore,Domenick,Domenick Fensore,5-7,9/7/2001,"Thornwood, New York",2022,2022-23,Thornwood,New York,United States
Gallagher,Ty,Ty Gallagher,6-0,3/6/2003,"Clarkston, Michigan",2022,2022-23,Clarkston,Michigan,United States
Getz,Lachlan,Lachlan Getz,6-3,2/1/2002,"Northfield, Illinois",2022,2022-23,Northfield,Illinois,United States
Hutson,Lane,Lane Hutson,5-9,2/14/2004,"North Barrington, Illinois",2022,2022-23,North Barrington,Illinois,United States
Jarman,Thomas,Thomas Jarman,6-3,4/9/2001,"Gibsonia, Pennsylvania",2022,2022-23,Gibsonia,Pennsylvania,United States
McCarthy,Case,Case McCarthy,6-1,1/9/2001,"Clarence Center, New York",2022,2022-23,Clarence Center,New York,United States
Page,Jack,Jack Page,6-4,11/27/2001,"West Chester, Pennsylvania",2022,2022-23,West Chester,Pennsylvania,United States
Webber,Cade,Cade Webber,6-7,1/5/2001,"Meadville, Pennsylvania",2022,2022-23,Meadville,Pennsylvania,United States
Amonte,Tristan,Tristan Amonte,6-0,2/1/2000,"Norwell, Massachusetts",2022,2022-23,Norwell,Massachusetts,United States
Armstrong,Jamie,Jamie Armstrong,6-2,8/7/1998,"Warwick, Rhode Island",2022,2022-23,Warwick,Rhode Island,United States
Brown,Matt,Matt Brown,5-9,8/9/1999,"Wood Ridge, New Jersey",2022,2022-23,Wood Ridge,New Jersey,United States
Carrabes,Brian,Brian Carrabes,5-10,8/1/2001,"North Andover, Massachusetts",2022,2022-23,North Andover,Massachusetts,United States
Copeland,John,John Copeland,6-6,3/3/1999,"Wellesley, Massachusetts",2022,2022-23,Wellesley,Massachusetts,United States
Greene,Ryan,Ryan Greene,6-1,10/21/2003,"Paradise, Newfoundland and Labrador",2022,2022-23,Paradise,Newfoundland and Labrador,Canada
Hutson,Quinn,Quinn Hutson,5-10,1/1/2002,"North Barrington, Illinois",2022,2022-23,North Barrington,Illinois,United States
Kaplan,Devin,Devin Kaplan,6-3,1/10/2004,"Bridgewater, New Jersey",2022,2022-23,Bridgewater,New Jersey,United States
O'Brien,Jay,Jay O'Brien,6-0,11/4/1999,"Hingham, Massachusetts",2022,2022-23,Hingham,Massachusetts,United States
Peterson,Dylan,Dylan Peterson,6-4,1/8/2002,"Roseville, California",2022,2022-23,Roseville,California,United States
Phillips,Ethan,Ethan Phillips,5-9,5/7/2001,"Dartmouth, Nova Scotia",2022,2022-23,Dartmouth,Nova Scotia,Canada
Skoog,Wilmer,Wilmer Skoog,6-2,7/17/1999,"Tyresö, Sweden",2022,2022-23,Tyresö,Stockholm,Sweden
Stevens,Sam,Sam Stevens,6-1,4/27/2000,"Montreal, Quebec",2022,2022-23,Montreal,Quebec,Canada
Tuch,Luke,Luke Tuch,6-2,3/7/2002,"Baldwinsville, New York",2022,2022-23,Baldwinsville,New York,United States
Wilmer,Jeremy,Jeremy Wilmer,5-8,8/16/2003,"Rockville Centre, New York",2022,2022-23,Rockville Centre,New York,United States
Zabaneh,Nick,Nick Zabaneh,5-10,3/27/2001,"Toronto, Ontario",2022,2022-23,Toronto,Ontario,Canada
Commesso,Drew,Drew Commesso,6-2,7/19/2002,"Norwell, Massachusetts",2022,2022-23,Norwell,Massachusetts,United States
Duplessis,Vinny,Vinny Duplessis,6-1,3/19/1999,"Quebec City, Quebec",2022,2022-23,Quebec City,Quebec,Canada
Schena,Patrick,Patrick Schena,6-1,1/13/1998,"Andover, Massachusetts",2022,2022-23,Andover,Massachusetts,United States
Celebrini,Aiden,Aiden Celebrini,6-1,10/26/2004,"Vancouver, British Columbia",2023,2023-24,Vancouver,British Columbia,Canada
Frechette,Mick,Mick Frechette,6-2,10/27/2003,"Weston, Massachusetts",2023,2023-24,Weston,Massachusetts,United States
Gallagher,Ty,Ty Gallagher,6-0,3/6/2003,"Clarkston, Michigan",2023,2023-24,Clarkston,Michigan,United States
Hutson,Lane,Lane Hutson,5-10,2/14/2004,"North Barrington, Illinois",2023,2023-24,North Barrington,Illinois,United States
Jarman,Thomas,Thomas Jarman,6-3,4/9/2001,"Gibsonia, Pennsylvania",2023,2023-24,Gibsonia,Pennsylvania,United States
McCarthy,Case,Case McCarthy,6-1,1/9/2001,"Clarence Center, New York",2023,2023-24,Clarence Center,New York,United States
McCarthy,Gavin,Gavin McCarthy,6-2,6/2/2005,"Clarence Center, New York",2023,2023-24,Clarence Center,New York,United States
Page,Jack,Jack Page,6-4,11/27/2001,"West Chester, Pennsylvania",2023,2023-24,West Chester,Pennsylvania,United States
Webber,Cade,Cade Webber,6-7,1/5/2001,"Meadville, Pennsylvania",2023,2023-24,Meadville,Pennsylvania,United States
Willander,Tom,Tom Willander,6-1,2/9/2005,"Stockholm, Sweden",2023,2023-24,Stockholm,Stockholm,Sweden
Amonte,Tristan,Tristan Amonte,6-0,2/1/2000,"Norwell, Massachusetts",2023,2023-24,Norwell,Massachusetts,United States
Celebrini,Macklin,Macklin Celebrini,6-0,6/13/2006,"Vancouver, British Columbia",2023,2023-24,Vancouver,British Columbia,Canada
Gorton,Jack,Jack Gorton,6-3,2/13/2002,"New York, New York",2023,2023-24,New York,New York,United States
Greene,Ryan,Ryan Greene,6-1,10/21/2003,"Paradise, Newfoundland and Labrador",2023,2023-24,Paradise,Newfoundland and Labrador,Canada
Grimes,Doug,Doug Grimes,6-3,4/18/2002,"Brookline, Massachusetts",2023,2023-24,Brookline,Massachusetts,United States
Harvey,Jack,Jack Harvey,5-10,3/31/2003,"Stacy, Minnesota",2023,2023-24,Stacy,Minnesota,United States
Hughes,Jack,Jack Hughes,6-0,11/2/2003,"Westwood, Massachusetts",2023,2023-24,Westwood,Massachusetts,United States
Hutson,Quinn,Quinn Hutson,5-11,1/1/2002,"North Barrington, Illinois",2023,2023-24,North Barrington,Illinois,United States
Kaplan,Devin,Devin Kaplan,6-3,1/10/2004,"Bridgewater, New Jersey",2023,2023-24,Bridgewater,New Jersey,United States
Lachance,Shane,Shane Lachance,6-5,8/30/2003,"Andover, Massachusetts",2023,2023-24,Andover,Massachusetts,United States
Peterson,Dylan,Dylan Peterson,6-4,1/8/2002,"Roseville, California",2023,2023-24,Roseville,California,United States
Stevens,Sam,Sam Stevens,6-1,4/27/2000,"Montreal, Quebec",2023,2023-24,Montreal,Quebec,Canada
Tuch,Luke,Luke Tuch,6-2,3/7/2002,"Baldwinsville, New York",2023,2023-24,Baldwinsville,New York,United States
Wilmer,Jeremy,Jeremy Wilmer,5-8,8/16/2003,"Rockville Centre, New York",2023,2023-24,Rockville Centre,New York,United States
Zabaneh,Nick,Nick Zabaneh,5-10,3/27/2001,"Toronto, Ontario",2023,2023-24,Toronto,Ontario,Canada
Caron,Mathieu,Mathieu Caron,6-0,3/29/2000,"Abbotsford, British Columbia",2023,2023-24,Abbotsford,British Columbia,Canada
Graham,Henry,Henry Graham,6-0,7/25/2000,"New York, New York",2023,2023-24,New York,New York,United States
Howard,Nick,Nick Howard,6-0,2/1/1998,"Burlington, Massachusetts",2023,2023-24,Burlington,Massachusetts,United States
Lacroix,Max,Max Lacroix,6-0,12/13/2003,"Denver, Colorado",2023,2023-24,Denver,Colorado,United States
Boumedienne,Sascha,Sascha Boumedienne,6-2,1/17/2007,"Stockholm, Sweden",2024,2024-25,Stockholm,Stockholm,Sweden
Celebrini,Aiden,Aiden Celebrini,6-1,10/26/2004,"Vancouver, British Columbia",2024,2024-25,Vancouver,British Columbia,Canada
Engum,Brehdan,Brehdan Engum,6-3,8/10/2000,"Burnsville, Minnesota",2024,2024-25,Burnsville,Minnesota,United States
Frechette,Mick,Mick Frechette,6-2,10/27/2003,"Weston, Massachusetts",2024,2024-25,Weston,Massachusetts,United States
Hutson,Cole,Cole Hutson,5-10,6/28/2006,"Chicago, Illinois",2024,2024-25,Chicago,Illinois,United States
McCarthy,Gavin,Gavin McCarthy,6-2,6/2/2005,"Clarence Center, New York",2024,2024-25,Clarence Center,New York,United States
Page,Jack,Jack Page,6-4,11/27/2001,"West Chester, Pennsylvania",2024,2024-25,West Chester,Pennsylvania,United States
Willander,Tom,Tom Willander,6-1,2/9/2005,"Stockholm, Sweden",2024,2024-25,Stockholm,Stockholm,Sweden
Amonte,Tristan,Tristan Amonte,6-0,2/1/2000,"Norwell, Massachusetts",2024,2024-25,Norwell,Massachusetts,United States
Bednarik,Kamil,Kamil Bednarik,6-1,5/26/2006,"Elmhurst, Illinois",2024,2024-25,Elmhurst,Illinois,United States
Copponi,Matt,Matt Copponi,5-11,6/4/2003,"Mansfield, Massachusetts",2024,2024-25,Mansfield,Massachusetts,United States
Eiserman,Cole,Cole Eiserman,6-0,8/29/2006,"Newburyport, Massachusetts",2024,2024-25,Newburyport,Massachusetts,United States
Gorton,Jack,Jack Gorton,6-3,2/13/2002,"New York, New York",2024,2024-25,New York,New York,United States
Greene,Ryan,Ryan Greene,6-1,10/21/2003,"Paradise, Newfoundland and Labrador",2024,2024-25,Paradise,Newfoundland and Labrador,Canada
Grimes,Doug,Doug Grimes,6-3,4/18/2002,"Brookline, Massachusetts",2024,2024-25,Brookline,Massachusetts,United States
Harvey,Jack,Jack Harvey,5-10,3/31/2003,"Stacy, Minnesota",2024,2024-25,Stacy,Minnesota,United States
Hughes,Jack,Jack Hughes,6-0,11/2/2003,"Westwood, Massachusetts",2024,2024-25,Westwood,Massachusetts,United States
Hutson,Quinn,Quinn Hutson,5-11,1/1/2002,"North Barrington, Illinois",2023,2023-24,North Barrington,Illinois,United States
Kaplan,Devin,Devin Kaplan,6-3,1/10/2004,"Bridgewater, New Jersey",2024,2024-25,Bridgewater,New Jersey,United States
Lachance,Shane,Shane Lachance,6-5,8/30/2003,"Andover, Massachusetts",2024,2024-25,Andover,Massachusetts,United States
Roukounakis,Nick,Nick Roukounakis,6-2,9/8/2003,"Pembroke, Massachusetts",2024,2024-25,Pembroke,Massachusetts,United States
Svoboda,Brandon,Brandon Svoboda,6-3,2/4/2005,"Pittsburgh, Pennsylvania",2024,2024-25,Pittsburgh,Pennsylvania,United States
Zetterberg,Alex,Alex Zetterberg,5-8,4/27/2006,"Sundsvall, Sweden",2024,2024-25,Sundsvall,Västernorrland ,Sweden
Caron,Mathieu,Mathieu Caron,6-0,3/29/2000,"Abbotsford, British Columbia",2024,2024-25,Abbotsford,British Columbia,Canada
Girard IV,Billy,Billy Girard IV,6-1,1/27/1999,"Boca Raton, Florida",2024,2024-25,Boca Raton,Florida,United States
Lacroix,Max,Max Lacroix,6-0,12/13/2003,"Denver, Colorado",2024,2024-25,Denver,Colorado,United States
Yegorov,Mikhail,Mikhail Yegorov,6-5,3/7/2006,"St. Petersburg, Russia",2024,2024-25,St. Petersburg,Russia,Russia
Amico,Carter,Carter Amico,6-5,3/15/2007,"Westbrook, Maine",2025,2025-26,Westbrook,Maine,United States
Boumedienne,Sascha,Sascha Boumedienne,6-2,1/17/2007,"Stockholm, Sweden",2025,2025-26,Stockholm,Stockholm,Sweden
Celebrini,Aiden,Aiden Celebrini,6-1,10/26/2004,"Vancouver, British Columbia",2025,2025-26,Vancouver,British Columbia,Canada
Frechette,Mick,Mick Frechette,6-2,10/27/2003,"Weston, Massachusetts",2025,2025-26,Weston,Massachusetts,United States
Hutson,Cole,Cole Hutson,5-10,6/28/2006,"Chicago, Illinois",2025,2025-26,Chicago,Illinois,United States
Kim,Kyle,Kyle Kim,6-2,1/6/2005,"Seoul, South Korea",2025,2025-26,Seoul,Seoul Metropolitan,South Korea
McCarthy,Gavin,Gavin McCarthy,6-2,6/2/2005,"Clarence Center, New York",2025,2025-26,Clarence Center,New York,United States
Trethewey,Charlie,Charlie Trethewey,6-2,8/2/2007,"Woodbine, Maryland",2025,2025-26,Woodbine,Maryland,United States
Vass,Malte,Malte Vass,6-2,3/28/2007,"Karlstad, Sweden",2025,2025-26,Karlstad,Värmland,Sweden
Willander,Tom,Tom Willander,6-1,2/9/2005,"Stockholm, Sweden",2025,2025-26,Stockholm,Stockholm,Sweden
Bednarik,Kamil,Kamil Bednarik,6-1,5/26/2006,"Elmhurst, Illinois",2025,2025-26,Elmhurst,Illinois,United States
Boisvert,Sacha,Sacha Boisvert,6-2,3/17/2006,"Trois-Rivières, Quebec",2025,2025-26,Trois-Rivières,Quebec,Canada
Eiserman,Cole,Cole Eiserman,6-0,8/29/2006,"Newburyport, Massachusetts",2025,2025-26,Newburyport,Massachusetts,United States
Feldberg,Jay,Jay Feldberg,6-0,2/21/2006,"Toronto, Ontario",2025,2025-26,Toronto,Ontario,Canada
Fondrk,Conrad,Conrad Fondrk,6-0,6/1/2007,"White Bear Lake, Minnesota",2025,2025-26,White Bear Lake,Minnesota,United States
Harvey,Jack,Jack Harvey,5-10,3/31/2003,"Stacy, Minnesota",2025,2025-26,Stacy,Minnesota,United States
McLaughlin,Owen,Owen McLaughlin,6-0,3/25/2003,"Spring City, Pennsylvania",2025,2025-26,Spring City,Pennsylvania,United States
McNelis,John,John McNelis,5-10,1/8/2006,"Potomac, Maryland",2025,2025-26,Potomac,Maryland,United States
Merrill,Ben,Ben Merrill,6-4,11/4/2005,"Hingham, Massachusetts",2025,2025-26,Hingham,Massachusetts,United States
Morello,Jonathan,Jonathan Morello,6-1,7/31/2006,"Toronto, Ontario",2025,2025-26,Toronto,Ontario,Canada
Murtagh,Jack,Jack Murtagh,6-1,8/22/2007,"East Greenbush, New York",2025,2025-26,East Greenbush,New York,United States
Ritchie,Ryder,Ryder Ritchie,6-1,8/3/2006,"Kelowna, British Columbia",2025,2025-26,Kelowna,British Columbia,Canada
Roukounakis,Nick,Nick Roukounakis,6-2,9/8/2003,"Pembroke, Massachusetts",2025,2025-26,Pembroke,Massachusetts,United States
Svoboda,Brandon,Brandon Svoboda,6-3,2/4/2005,"Pittsburgh, Pennsylvania",2025,2025-26,Pittsburgh,Pennsylvania,United States
Lacroix,Max,Max Lacroix,6-0,12/13/2003,"Denver, Colorado",2025,2025-26,Denver,Colorado,United States
Yegorov,Mikhail,Mikhail Yegorov,6-5,3/7/2006,"St. Petersburg, Russia",2025,2025-26,St. Petersburg,Russia,Russia
Lawrence,Tynan,Tynan Lawrence,6-0,8/3/2008,"Fredericton, New Brunswick",2025,2025-26,Fredericton,New Brunswick,Canada
