last,first,name,height,DOB,homeTown,year,team,city,state
Bennett,Luther,Luther Bennett,- ,,,1917,BU,,
Jost,Nelson,Nelson Jost,- ,,,1917,BU,,
Leatherbee,Harold,Harold Leatherbee,- ,,,1917,BU,,
Morton,Vincent,Vincent Morton,- ,,,1917,BU,,
O'Hare,John,John O'Hare,- ,,,1917,BU,,
Pond,Warren,Warren Pond,- ,,,1917,BU,,
Rasmussen,Paul,Paul Rasmussen,- ,,,1917,BU,,
Evers,Andrew,Andrew Evers,- ,,,1919,BU,,
Goodrich,Charles,Charles Goodrich,- ,,,1919,BU,,
Hersey,Edward,Edward Hersey,- ,,,1919,BU,,
Mutty,John,John Mutty,- ,,,1919,BU,,
Pinkham,Clifford,Clifford Pinkham,- ,,,1919,BU,,
Richardson,Philip,Philip Richardson,- ,,,1919,BU,,
Roeske,Henry,Henry Roeske,- ,,,1919,BU,,
Sears,Robert,Robert Sears,- ,,,1919,BU,,
Spinney,Hazen,Hazen Spinney,- ,,,1919,BU,,
Sullivan,Warren,Warren Sullivan,- ,,,1919,BU,,
Almer,Ernest,Ernest Almer,- ,,,1922,BU,,
Anderson,Carl,Carl Anderson,- ,,,1922,BU,,
Beauchemin,Joe,Joe Beauchemin,- ,,,1922,BU,,
Blais,Robert,Robert Blais,- ,,,1922,BU,,
Cochrane,Mickey,Mickey Cochrane,- ,,,1922,BU,,
Diehl,John,John Diehl,- ,,,1922,BU,,
Frazier,X,X Frazier,- ,,,1922,BU,,
Kelley,Peter,Peter Kelley,- ,,,1922,BU,,
Kontoff,Morris,Morris Kontoff,- ,,,1922,BU,,
Ling,Roderick,Roderick Ling,- ,,,1922,BU,,
McArdle,Harry,Harry McArdle,- ,,,1922,BU,,
Provost,Adolphus,Adolphus Provost,- ,,,1922,BU,,
Rosenfield,Louis,Louis Rosenfield,- ,,,1922,BU,,
Sterling,George,George Sterling,- ,,,1922,BU,,
Wennerberg,William,William Wennerberg,- ,,,1922,BU,,
Almer,Ernest,Ernest Almer,- ,,,1923,BU,,
Ashcraft,Arle,Arle Ashcraft,- ,,,1923,BU,,
Blais,Robert,Robert Blais,- ,,,1923,BU,,
Brown,Joe,Joe Brown,- ,,,1923,BU,,
Burke,Edmund,Edmund Burke,- ,,,1923,BU,,
Feldman,George,George Feldman,- ,,,1923,BU,,
Hurteau,Oscar,Oscar Hurteau,- ,,,1923,BU,,
Kelley,Peter,Peter Kelley,- ,,,1923,BU,,
Kontoff,Morris,Morris Kontoff,- ,,,1923,BU,,
Ling,Roderick,Roderick Ling,- ,,,1923,BU,,
McRae,X,X McRae,- ,,,1923,BU,,
Morrison,Sanfield,Sanfield Morrison,- ,,,1923,BU,,
Provost,Adolphus,Adolphus Provost,- ,,,1923,BU,,
Robertson,X,X Robertson,- ,,,1923,BU,,
Wennerberg,William,William Wennerberg,- ,,,1923,BU,,
Duane,David,David Duane,- ,,,1924,BU,,
Goldfine,David,David Goldfine,- ,,,1924,BU,,
Gregoire,Ovila,Ovila Gregoire,- ,,,1924,BU,,
Kelley,Peter,Peter Kelley,- ,,,1924,BU,,
Kontoff,Morris,Morris Kontoff,- ,,,1924,BU,,
Kontoff,Julian,Julian Kontoff,- ,,,1924,BU,,
Lawless,John,John Lawless,- ,,,1924,BU,,
Ling,Roderick,Roderick Ling,- ,,,1924,BU,,
Martin,Donald,Donald Martin,- ,,,1924,BU,,
Scott,Chester,Chester Scott,- ,,,1924,BU,,
Scribner,X,X Scribner,- ,,,1924,BU,,
Viano,Charles,Charles Viano,- ,,,1924,BU,,
Wennerberg,William,William Wennerberg,- ,,,1924,BU,,
Cummings,Thomas,Thomas Cummings,- ,,,1925,BU,,
Duane,David,David Duane,- ,,,1925,BU,,
Goodale,William,William Goodale,- ,,,1925,BU,,
Gregoire,Ovila,Ovila Gregoire,- ,,,1925,BU,,
Kontoff,Julian,Julian Kontoff,- ,,,1925,BU,,
Lawless,John,John Lawless,- ,,,1925,BU,,
Ling,Roderick,Roderick Ling,- ,,,1925,BU,,
Martin,Donald,Donald Martin,- ,,,1925,BU,,
McLean,X,X McLean,- ,,,1925,BU,,
Scott,Chester,Chester Scott,- ,,,1925,BU,,
Viano,Charles,Charles Viano,- ,,,1925,BU,,
Wennerberg,William,William Wennerberg,- ,,,1925,BU,,
Silberberg,Sydney,Sydney Silberberg,- ,,,1925,BU,,
Breen,Richard,Richard Breen,- ,,,1926,BU,,
Carnie,John,John Carnie,- ,,,1926,BU,,
Crampton,Junie,Junie Crampton,- ,,,1926,BU,,
Currier,Benjamin,Benjamin Currier,- ,,,1926,BU,,
Gibson,William,William Gibson,- ,,,1926,BU,,
Goodale,William,William Goodale,- ,,,1926,BU,,
Gregoire,Ovila,Ovila Gregoire,- ,,,1926,BU,,
Kimball,Arthur,Arthur Kimball,- ,,,1926,BU,,
Lawless,John,John Lawless,- ,,,1926,BU,,
MacKenzie,Russell,Russell MacKenzie,- ,,,1926,BU,,
Nelson,Hugo,Hugo Nelson,- ,,,1926,BU,,
Viano,Charles,Charles Viano,- ,,,1926,BU,,
Silberberg,Sydney,Sydney Silberberg,- ,,,1926,BU,,
Elliott,Robert,Robert Elliott,- ,10/11/1907,"Medford, Massachusetts",1927,BU,Medford,Massachusetts
Baron,Leo,Leo Baron,- ,,,1927,BU,,
Currier,Benjamin,Benjamin Currier,- ,,,1927,BU,,
Gibson,William,William Gibson,- ,,,1927,BU,,
Goodale,William,William Goodale,- ,,,1927,BU,,
Gregoire,Ovila,Ovila Gregoire,- ,,,1927,BU,,
Grodberg,Burton,Burton Grodberg,- ,,,1927,BU,,
Lawless,John,John Lawless,- ,,,1927,BU,,
Lombard,Richard,Richard Lombard,- ,,,1927,BU,,
Nelson,Hugo,Hugo Nelson,- ,,,1927,BU,,
Viano,Charles,Charles Viano,- ,,,1927,BU,,
Whitmore,Holmes,Holmes Whitmore,- ,,,1927,BU,,
Silberberg,Sydney,Sydney Silberberg,- ,,,1927,BU,,
Elliott,Robert,Robert Elliott,- ,10/11/1907,"Medford, Massachusetts",1928,BU,Medford,Massachusetts
Baron,Leo,Leo Baron,- ,,,1928,BU,,
Bergholtz,Paul,Paul Bergholtz,- ,,,1928,BU,,
Borofsky,Isidore,Isidore Borofsky,- ,,,1928,BU,,
Currier,Benjamin,Benjamin Currier,- ,,,1928,BU,,
Fredrickson,W.,W. Fredrickson,- ,,,1928,BU,,
Gibson,William,William Gibson,- ,,,1928,BU,,
Goddard,Holmes,Holmes Goddard,- ,,,1928,BU,,
Grodberg,Burton,Burton Grodberg,- ,,,1928,BU,,
Lombard,Richard,Richard Lombard,- ,,,1928,BU,,
Nelson,Hugo,Hugo Nelson,- ,,,1928,BU,,
Roblin,Stephen,Stephen Roblin,- ,,,1928,BU,,
Snow,Randell,Randell Snow,- ,,,1928,BU,,
Whitmore,Holmes,Holmes Whitmore,- ,,,1928,BU,,
Silberberg,Sydney,Sydney Silberberg,- ,,,1928,BU,,
Elliott,Robert,Robert Elliott,- ,10/11/1907,"Medford, Massachusetts",1929,BU,Medford,Massachusetts
Arkin,Jacob,Jacob Arkin,- ,,,1929,BU,,
Baron,Leo,Leo Baron,- ,,,1929,BU,,
Bergholtz,Paul,Paul Bergholtz,- ,,,1929,BU,,
Borofsky,Isidore,Isidore Borofsky,- ,,,1929,BU,,
Brown,George,George Brown,- ,,,1929,BU,,
Clem,Carl,Carl Clem,- ,,,1929,BU,,
Currier,Benjamin,Benjamin Currier,- ,,,1929,BU,,
French,Richard,Richard French,- ,,,1929,BU,,
Goddard,Holmes,Holmes Goddard,- ,,,1929,BU,,
Grodberg,Burton,Burton Grodberg,- ,,,1929,BU,,
Lombard,Richard,Richard Lombard,- ,,,1929,BU,,
Nelson,Hugo,Hugo Nelson,- ,,,1929,BU,,
Peterson,Carlton,Carlton Peterson,- ,,,1929,BU,,
Raymond,Albert,Albert Raymond,- ,,,1929,BU,,
Weafer,Ronald,Ronald Weafer,- ,,,1929,BU,,
Whitmore,Holmes,Holmes Whitmore,- ,,,1929,BU,,
Baron,Leo,Leo Baron,- ,,,1930,BU,,
Bender,Walter,Walter Bender,- ,11/1/1910,"Arlington, Massachusetts",1930,BU,Arlington,Massachusetts
Bergholtz,Paul,Paul Bergholtz,- ,,,1930,BU,,
Brown,George,George Brown,- ,,,1930,BU,,
Clem,Carl,Carl Clem,- ,,,1930,BU,,
French,Richard,Richard French,- ,,,1930,BU,,
Grodberg,Burton,Burton Grodberg,- ,,,1930,BU,,
Harrington,Daniel,Daniel Harrington,- ,,,1930,BU,,
Herman,Nathan,Nathan Herman,- ,,,1930,BU,,
Lombard,Richard,Richard Lombard,- ,,,1930,BU,,
Peterson,Carlton,Carlton Peterson,- ,,,1930,BU,,
Raymond,Albert,Albert Raymond,- ,,,1930,BU,,
Toohey,Paul,Paul Toohey,- ,,,1930,BU,,
Walker,John,John Walker,- ,,,1930,BU,,
Weafer,Ronald,Ronald Weafer,- ,,,1930,BU,,
Whitmore,Holmes,Holmes Whitmore,- ,,,1930,BU,,
Wilson,Arthur,Arthur Wilson,- ,,,1930,BU,,
Wight,Russell,Russell Wight,- ,,,1931,BU,,
Bender,Walter,Walter Bender,- ,11/1/1910,"Arlington, Massachusetts",1931,BU,Arlington,Massachusetts
Clem,Carl,Carl Clem,- ,,,1931,BU,,
French,Richard,Richard French,- ,,,1931,BU,,
Harrington,Daniel,Daniel Harrington,- ,,,1931,BU,,
Herman,Nathan,Nathan Herman,- ,,,1931,BU,,
McDonald,Joseph,Joseph McDonald,- ,,,1931,BU,,
Murphy,Jack,Jack Murphy,- ,,,1931,BU,,
Peterson,Carlton,Carlton Peterson,- ,,,1931,BU,,
Rice,Lindsey,Lindsey Rice,- ,,,1931,BU,,
Slade,Kenneth,Kenneth Slade,- ,,,1931,BU,,
Smith,James,James Smith,- ,,,1931,BU,,
Ullman,John,John Ullman,- ,,,1931,BU,,
Walker,John,John Walker,- ,,,1931,BU,,
Weafer,Ronald,Ronald Weafer,- ,,,1931,BU,,
Wilson,Arthur,Arthur Wilson,- ,,,1931,BU,,
Wight,Russell,Russell Wight,- ,,,1932,BU,,
Bell,Robert,Robert Bell,- ,,,1932,BU,,
Bender,Walter,Walter Bender,- ,11/1/1910,"Arlington, Massachusetts",1932,BU,Arlington,Massachusetts
Clem,Carl,Carl Clem,- ,,,1932,BU,,
Harrington,Daniel,Daniel Harrington,- ,,,1932,BU,,
Hathaway,Kenneth,Kenneth Hathaway,- ,,,1932,BU,,
Herman,Nathan,Nathan Herman,- ,,,1932,BU,,
Lax,John,John Lax,- ,7/23/1911,"Arlington, Massachusetts",1932,BU,Arlington,Massachusetts
Lucey,Lawrence,Lawrence Lucey,- ,,,1932,BU,,
Nickerson,Robert,Robert Nickerson,- ,,,1932,BU,,
Nickerson,Herman,Herman Nickerson,- ,,,1932,BU,,
Racheotes,George,George Racheotes,- ,,,1932,BU,,
Rice,Lindsey,Lindsey Rice,- ,,,1932,BU,,
Rowe,Paul,Paul Rowe,- ,5/5/1914,"Somerville, Massachusetts",1932,BU,Somerville,Massachusetts
Scammell,Palmer,Palmer Scammell,- ,,,1932,BU,,
Smith,Russell,Russell Smith,- ,,,1932,BU,,
Smith,James,James Smith,- ,,,1932,BU,,
Ullman,John,John Ullman,- ,,,1932,BU,,
Walker,John,John Walker,- ,,,1932,BU,,
Weafer,Ronald,Ronald Weafer,- ,,,1932,BU,,
Wight,Russell,Russell Wight,- ,,,1933,BU,,
Borofsky,Sydney,Sydney Borofsky,- ,,,1933,BU,,
Gaul,Leo,Leo Gaul,- ,,,1933,BU,,
Hartigan,Tom,Tom Hartigan,- ,,,1933,BU,,
James,Herbert,Herbert James,- ,,,1933,BU,,
Lax,John,John Lax,- ,7/23/1911,"Arlington, Massachusetts",1933,BU,Arlington,Massachusetts
Lucey,Lawrence,Lawrence Lucey,- ,,,1933,BU,,
Nickerson,Robert,Robert Nickerson,- ,,,1933,BU,,
Nickerson,Herman,Herman Nickerson,- ,,,1933,BU,,
Pierce,Howard,Howard Pierce,- ,,,1933,BU,,
Racheotes,George,George Racheotes,- ,,,1933,BU,,
Rosenfeld,John,John Rosenfeld,- ,,,1933,BU,,
Rowe,Paul,Paul Rowe,- ,5/5/1914,"Somerville, Massachusetts",1933,BU,Somerville,Massachusetts
Scammell,Palmer,Palmer Scammell,- ,,,1933,BU,,
Smith,Russell,Russell Smith,- ,,,1933,BU,,
Smith,James,James Smith,- ,,,1933,BU,,
Taylor,John,John Taylor,- ,,,1933,BU,,
Ullman,John,John Ullman,- ,,,1933,BU,,
Wesson,Dexter,Dexter Wesson,- ,,,1933,BU,,
Borofsky,Sydney,Sydney Borofsky,- ,,,1934,BU,,
Campbell,X,X Campbell,- ,,,1934,BU,,
Donohue,Joseph,Joseph Donohue,- ,,,1934,BU,,
Hartigan,Tom,Tom Hartigan,- ,,,1934,BU,,
James,Herbert,Herbert James,- ,,,1934,BU,,
Lax,John,John Lax,- ,7/23/1911,"Arlington, Massachusetts",1934,BU,Arlington,Massachusetts
Lucey,Lawrence,Lawrence Lucey,- ,,,1934,BU,,
Lynch,Russell,Russell Lynch,- ,,,1934,BU,,
Miner,X,X Miner,- ,,,1934,BU,,
Neilson,Robert,Robert Neilson,- ,,,1934,BU,,
Nickerson,Herman,Herman Nickerson,- ,,,1934,BU,,
Pierce,Howard,Howard Pierce,- ,,,1934,BU,,
Racheotes,George,George Racheotes,- ,,,1934,BU,,
Rowe,Paul,Paul Rowe,- ,5/5/1914,"Somerville, Massachusetts",1934,BU,Somerville,Massachusetts
Scammell,Palmer,Palmer Scammell,- ,,,1934,BU,,
Sherman,Dick,Dick Sherman,- ,,,1934,BU,,
Smith,Russell,Russell Smith,- ,,,1934,BU,,
Wesson,Dexter,Dexter Wesson,- ,,,1934,BU,,
Borofsky,Sydney,Sydney Borofsky,- ,,,1935,BU,,
Carvelli,Al,Al Carvelli,- ,,,1935,BU,,
Chandler,Carlton,Carlton Chandler,- ,,,1935,BU,,
Cleverly,Harry,Harry Cleverly,- ,,,1935,BU,,
Desrosiers,Gerry,Gerry Desrosiers,5-9 ,,,1935,BU,,
Donohue,Joseph,Joseph Donohue,- ,,,1935,BU,,
Engberg,Carl,Carl Engberg,- ,,,1935,BU,,
Fohlin,Paul,Paul Fohlin,- ,,,1935,BU,,
Hartigan,Tom,Tom Hartigan,- ,,,1935,BU,,
Hauser,William,William Hauser,- ,,,1935,BU,,
Hoar,George,George Hoar,- ,,,1935,BU,,
James,Herbert,Herbert James,- ,,,1935,BU,,
Kelley,Robert,Robert Kelley,- ,,,1935,BU,,
Lynch,Russell,Russell Lynch,- ,,,1935,BU,,
Powell,Neil,Neil Powell,- ,,,1935,BU,,
Warshaw,Bernard,Bernard Warshaw,- ,,,1935,BU,,
Wesson,Dexter,Dexter Wesson,- ,,,1935,BU,,
Woodward,Albert,Albert Woodward,- ,,,1935,BU,,
Chandler,Carlton,Carlton Chandler,- ,,,1936,BU,,
Chilson,Chester,Chester Chilson,- ,,,1936,BU,,
Cleverly,Harry,Harry Cleverly,- ,,,1936,BU,,
Colburn,Robert,Robert Colburn,- ,,,1936,BU,,
Cowdery,Bud,Bud Cowdery,- ,,,1936,BU,,
Desrosiers,Gerry,Gerry Desrosiers,5-9 ,,,1936,BU,,
Dow,Richard,Richard Dow,- ,,,1936,BU,,
Engberg,Carl,Carl Engberg,- ,,,1936,BU,,
Fagerland,John,John Fagerland,- ,,,1936,BU,,
Freeman,William,William Freeman,- ,,,1936,BU,,
Hardiman,William,William Hardiman,- ,,,1936,BU,,
Hauser,William,William Hauser,- ,,,1936,BU,,
Hoar,George,George Hoar,- ,,,1936,BU,,
Kelleher,Frederick,Frederick Kelleher,- ,,,1936,BU,,
Kelley,Robert,Robert Kelley,- ,,,1936,BU,,
Lynch,Russell,Russell Lynch,- ,,,1936,BU,,
Neviackas,Veto,Veto Neviackas,- ,,,1936,BU,,
O'Sullivan,Joseph,Joseph O'Sullivan,- ,,,1936,BU,,
Powell,Neil,Neil Powell,- ,,,1936,BU,,
Woodward,Albert,Albert Woodward,- ,,,1936,BU,,
Carvelli,Al,Al Carvelli,- ,,,1937,BU,,
Chandler,Carlton,Carlton Chandler,- ,,,1937,BU,,
Colburn,Robert,Robert Colburn,- ,,,1937,BU,,
Conaty,Joe,Joe Conaty,- ,,,1937,BU,,
Desrosiers,Gerry,Gerry Desrosiers,5-9 ,,,1937,BU,,
Dewhurst,John,John Dewhurst,- ,,,1937,BU,,
Dow,Richard,Richard Dow,- ,,,1937,BU,,
Elliott,John,John Elliott,- ,,,1937,BU,,
Fagerland,John,John Fagerland,- ,,,1937,BU,,
Hoar,George,George Hoar,- ,,,1937,BU,,
Kelleher,Frederick,Frederick Kelleher,- ,,,1937,BU,,
McCaleb,Clifton,Clifton McCaleb,- ,,,1937,BU,,
Neviackas,Veto,Veto Neviackas,- ,,,1937,BU,,
O'Sullivan,Joseph,Joseph O'Sullivan,- ,,,1937,BU,,
Powell,Neil,Neil Powell,- ,,,1937,BU,,
Richardson,Ed,Ed Richardson,- ,,,1937,BU,,
Warshaw,Bernard,Bernard Warshaw,- ,,,1937,BU,,
Wilkens,Ray,Ray Wilkens,- ,,,1937,BU,,
Williams,Lytle,Lytle Williams,- ,,,1937,BU,,
Woodward,Albert,Albert Woodward,- ,,,1937,BU,,
Brown,Paul,Paul Brown,- ,,,1938,BU,,
Carvelli,Al,Al Carvelli,- ,,,1938,BU,,
Chambers,John,John Chambers,5-9 ,7/9/1917,"Needham, Massachusetts",1938,BU,Needham,Massachusetts
Conaty,Joe,Joe Conaty,- ,,,1938,BU,,
Cummings,Whitley,Whitley Cummings,- ,,,1938,BU,,
Dow,Richard,Richard Dow,- ,,,1938,BU,,
Elliott,John,John Elliott,- ,,,1938,BU,,
Fagerland,John,John Fagerland,- ,,,1938,BU,,
Geary,John,John Geary,- ,,,1938,BU,,
Herrick,Jack,Jack Herrick,- ,,,1938,BU,,
Hiller,X,X Hiller,- ,,,1938,BU,,
Hines,Bud,Bud Hines,- ,,,1938,BU,,
Lacroix,Edouard,Edouard Lacroix,- ,,,1938,BU,,
McCaleb,Clifton,Clifton McCaleb,- ,,,1938,BU,,
Neviackas,Veto,Veto Neviackas,- ,,,1938,BU,,
Nickles,X,X Nickles,- ,,,1938,BU,,
O'Sullivan,Joseph,Joseph O'Sullivan,- ,,,1938,BU,,
Reed,Larry,Larry Reed,- ,,,1938,BU,,
Richardson,Ed,Ed Richardson,- ,,,1938,BU,,
Walker,John,John Walker,- ,,,1938,BU,,
Wilkens,Ray,Ray Wilkens,- ,,,1938,BU,,
Williams,Lytle,Lytle Williams,- ,,,1938,BU,,
Blasenak,Howard,Howard Blasenak,- ,,,1939,BU,,
Bott,David,David Bott,- ,,,1939,BU,,
Brown,Paul,Paul Brown,- ,,,1939,BU,,
Chambers,John,John Chambers,5-9 ,7/9/1917,"Needham, Massachusetts",1939,BU,Needham,Massachusetts
Conaty,Joe,Joe Conaty,- ,,,1939,BU,,
Dewhurst,Dave,Dave Dewhurst,- ,,,1939,BU,,
Elliott,John,John Elliott,- ,,,1939,BU,,
Farrell,Ed,Ed Farrell,- ,,,1939,BU,,
Hall,Robert,Robert Hall,- ,,,1939,BU,,
Hines,Bud,Bud Hines,- ,,,1939,BU,,
Lange,Bob,Bob Lange,- ,,,1939,BU,,
Lind,Bob,Bob Lind,- ,,,1939,BU,,
Reed,Larry,Larry Reed,- ,,,1939,BU,,
Richardson,Ed,Ed Richardson,- ,,,1939,BU,,
Richardson,Earl,Earl Richardson,- ,,,1939,BU,,
Shoemaker,Bill,Bill Shoemaker,- ,,,1939,BU,,
Sullivan,Henry,Henry Sullivan,- ,,,1939,BU,,
Wilkens,Ray,Ray Wilkens,- ,,,1939,BU,,
Blasenak,Howard,Howard Blasenak,- ,,,1940,BU,,
Bott,David,David Bott,- ,,,1940,BU,,
Breeyear,Bill,Bill Breeyear,- ,,,1940,BU,,
Brown,Will,Will Brown,- ,,,1940,BU,,
Brown,Paul,Paul Brown,- ,,,1940,BU,,
Chambers,John,John Chambers,5-9 ,7/9/1917,"Needham, Massachusetts",1940,BU,Needham,Massachusetts
Davidson,James,James Davidson,- ,,,1940,BU,,
Dewhurst,Dave,Dave Dewhurst,- ,,,1940,BU,,
Farrell,Ed,Ed Farrell,- ,,,1940,BU,,
Hines,Bud,Bud Hines,- ,,,1940,BU,,
MacArthur,Burt,Burt MacArthur,- ,8/14/1920,"Halifax, Nova Scotia",1940,BU,Halifax,Nova Scotia
Neilson,George,George Neilson,- ,,,1940,BU,,
Pollard,Bill,Bill Pollard,- ,,,1940,BU,,
Reed,Larry,Larry Reed,- ,,,1940,BU,,
Shoemaker,Bill,Bill Shoemaker,- ,,,1940,BU,,
Sullivan,Henry,Henry Sullivan,- ,,,1940,BU,,
Anderson,Francis,Francis Anderson,- ,,,1941,BU,,
Balmforth,Ed,Ed Balmforth,- ,,,1941,BU,,
Blasenak,Howard,Howard Blasenak,- ,,,1941,BU,,
Breeyear,Bill,Bill Breeyear,- ,,,1941,BU,,
Brown,Will,Will Brown,- ,,,1941,BU,,
Cargill,Philip,Philip Cargill,- ,,,1941,BU,,
Carle,Owen,Owen Carle,- ,,,1941,BU,,
Crowley,Robert,Robert Crowley,- ,,,1941,BU,,
Cugini,Larry,Larry Cugini,- ,,,1941,BU,,
Davidson,James,James Davidson,- ,,,1941,BU,,
Dorr,Ernie,Ernie Dorr,- ,,,1941,BU,,
Fernald,Denny,Denny Fernald,- ,,,1941,BU,,
Gulley,Leo,Leo Gulley,- ,,,1941,BU,,
Kuhn,William,William Kuhn,- ,,,1941,BU,,
MacArthur,Burt,Burt MacArthur,- ,8/14/1920,"Halifax, Nova Scotia",1941,BU,Halifax,Nova Scotia
Neilson,George,George Neilson,- ,,,1941,BU,,
O'Sullivan,Pete,Pete O'Sullivan,- ,,,1941,BU,,
Richey,George,George Richey,- ,,,1941,BU,,
Shoemaker,Bill,Bill Shoemaker,- ,,,1941,BU,,
Spang,John,John Spang,- ,,,1941,BU,,
Sullivan,Henry,Henry Sullivan,- ,,,1941,BU,,
Anderson,Francis,Francis Anderson,- ,,,1942,BU,,
Balmforth,Ed,Ed Balmforth,- ,,,1942,BU,,
Barr,David,David Barr,- ,,,1942,BU,,
Black,Charlie,Charlie Black,- ,,,1942,BU,,
Breeyear,Bill,Bill Breeyear,- ,,,1942,BU,,
Carle,Owen,Owen Carle,- ,,,1942,BU,,
Davidson,James,James Davidson,- ,,,1942,BU,,
Dodge,Jack,Jack Dodge,- ,,,1942,BU,,
Dorr,Ernie,Ernie Dorr,- ,,,1942,BU,,
Dutton,Larry,Larry Dutton,- ,,,1942,BU,,
Figueria,Ed,Ed Figueria,- ,,,1942,BU,,
Keaton,X,X Keaton,- ,,,1942,BU,,
Kuhn,William,William Kuhn,- ,,,1942,BU,,
Lirakis,Alexander,Alexander Lirakis,- ,,,1942,BU,,
MacArthur,Burt,Burt MacArthur,- ,8/14/1920,"Halifax, Nova Scotia",1942,BU,Halifax,Nova Scotia
McCarthy,Robert,Robert McCarthy,- ,,,1942,BU,,
Moran,Jim,Jim Moran,- ,,,1942,BU,,
Neilson,George,George Neilson,- ,,,1942,BU,,
Nesbitt,Jim,Jim Nesbitt,- ,,,1942,BU,,
Page,Guy,Guy Page,- ,,,1942,BU,,
Richey,George,George Richey,- ,,,1942,BU,,
Stone,Walt,Walt Stone,- ,,,1942,BU,,
Sullivan,John,John Sullivan,- ,,,1942,BU,,
Walsh,Jim,Jim Walsh,- ,,,1942,BU,,
Walworth,Walter,Walter Walworth,- ,,,1942,BU,,
Whalen,Thomas,Thomas Whalen,- ,,,1942,BU,,
Anderson,Francis,Francis Anderson,- ,,,1945,BU,,
Brown,Will,Will Brown,- ,,,1945,BU,,
Cleary,Don,Don Cleary,- ,,"Cambridge, Massachusetts",1945,BU,Cambridge,Massachusetts
Dutton,Larry,Larry Dutton,- ,,,1945,BU,,
Fernald,Denny,Denny Fernald,- ,,,1945,BU,,
Figueria,Ed,Ed Figueria,- ,,,1945,BU,,
Foley,Raymond,Raymond Foley,- ,,,1945,BU,,
Forbes,Benjamin,Benjamin Forbes,- ,,,1945,BU,,
Gould,Edward,Edward Gould,- ,,,1945,BU,,
Gray,Bob,Bob Gray,- ,,,1945,BU,,
Kirrane,William,William Kirrane,- ,,,1945,BU,,
Lirakis,Alexander,Alexander Lirakis,- ,,,1945,BU,,
Mains,Charlie,Charlie Mains,- ,,,1945,BU,,
McGinley,Dick,Dick McGinley,- ,,,1945,BU,,
O'Riordan,Ed,Ed O'Riordan,- ,,,1945,BU,,
Quinn,David,David Quinn,- ,,,1945,BU,,
Smith,James,James Smith,- ,,,1945,BU,,
St. Hiliaire,Gene,Gene St. Hiliaire,- ,,,1945,BU,,
Crowley,Dan,Dan Crowley,- ,12/10/1920,"Medford, Massachusetts",1946,BU,Medford,Massachusetts
Anderson,Francis,Francis Anderson,- ,,,1946,BU,,
Cleary,Don,Don Cleary,- ,,"Cambridge, Massachusetts",1946,BU,Cambridge,Massachusetts
Clopeck,Jack,Jack Clopeck,- ,,,1946,BU,,
Dutton,Larry,Larry Dutton,- ,,,1946,BU,,
Figueria,Ed,Ed Figueria,- ,,,1946,BU,,
Forbes,Benjamin,Benjamin Forbes,- ,,,1946,BU,,
Gleason,Jerome,Jerome Gleason,- ,,,1946,BU,,
Haynes,Irving,Irving Haynes,- ,,,1946,BU,,
Hixon,Dana,Dana Hixon,- ,,,1946,BU,,
Jurgelevich,William,William Jurgelevich,- ,,,1946,BU,,
Kirrane,William,William Kirrane,- ,,,1946,BU,,
Maker,Robert,Robert Maker,- ,,,1946,BU,,
Reynolds,James,James Reynolds,- ,,,1946,BU,,
Smith,James,James Smith,- ,,,1946,BU,,
Stone,Walt,Walt Stone,- ,,,1946,BU,,
Bevins,Ralph,Ralph Bevins,- ,10/7/1924,,1946,BU,,
Anderson,Walt,Walt Anderson,- ,,"Waltham, Massachusetts",1947,BU,Waltham,Massachusetts
Bell,Bob,Bob Bell,- ,,"Framingham, Massachusetts",1947,BU,Framingham,Massachusetts
Cleary,Don,Don Cleary,- ,,"Cambridge, Massachusetts",1947,BU,Cambridge,Massachusetts
Clopeck,Jack,Jack Clopeck,- ,,,1947,BU,,
Dockrell,Donald,Donald Dockrell,- ,,,1947,BU,,
Dutton,Larry,Larry Dutton,- ,,,1947,BU,,
Forbes,Benjamin,Benjamin Forbes,- ,,,1947,BU,,
Gibson,Bill,Bill Gibson,- ,,,1947,BU,,
Gleason,Jerome,Jerome Gleason,- ,,,1947,BU,,
Haynes,Irving,Irving Haynes,- ,,,1947,BU,,
Hixon,Dana,Dana Hixon,- ,,,1947,BU,,
Jurgelevich,William,William Jurgelevich,- ,,,1947,BU,,
Kirrane,William,William Kirrane,- ,,,1947,BU,,
Pynchon,John,John Pynchon,- ,,,1947,BU,,
Robinson,Lloyd,Lloyd Robinson,- ,,"Wellesley, Massachusetts",1947,BU,Wellesley,Massachusetts
Smith,James,James Smith,- ,,,1947,BU,,
Bevins,Ralph,Ralph Bevins,- ,10/7/1924,,1947,BU,,
Anderson,Walt,Walt Anderson,- ,,"Waltham, Massachusetts",1948,BU,Waltham,Massachusetts
Bell,Bob,Bob Bell,- ,,"Framingham, Massachusetts",1948,BU,Framingham,Massachusetts
Cahoon,Ed,Ed Cahoon,- ,7/2/1924,"Melrose, Massachusetts",1948,BU,Melrose,Massachusetts
Casali,Mario,Mario Casali,- ,,,1948,BU,,
Cleary,Don,Don Cleary,- ,,"Cambridge, Massachusetts",1948,BU,Cambridge,Massachusetts
Clopeck,Jack,Jack Clopeck,- ,,,1948,BU,,
Czarnota,Joe,Joe Czarnota,- ,3/25/1925,"Wakefield, Massachusetts",1948,BU,Wakefield,Massachusetts
Dupuis,Bob,Bob Dupuis,- ,,,1948,BU,,
Gleason,Jerome,Jerome Gleason,- ,,,1948,BU,,
Grant,Dick,Dick Grant,- ,,"Arlington, Massachusetts",1948,BU,Arlington,Massachusetts
Haynes,Irving,Irving Haynes,- ,,,1948,BU,,
Hixon,Dana,Dana Hixon,- ,,,1948,BU,,
Jurgelevich,William,William Jurgelevich,- ,,,1948,BU,,
Kirrane,William,William Kirrane,- ,,,1948,BU,,
Ray,John,John Ray,- ,,,1948,BU,,
Robinson,Lloyd,Lloyd Robinson,- ,,"Wellesley, Massachusetts",1948,BU,Wellesley,Massachusetts
Wennberg,Carl,Carl Wennberg,- ,,,1948,BU,,
Beecher,Larry,Larry Beecher,- ,,,1948,BU,,
Bevins,Ralph,Ralph Bevins,- ,10/7/1924,,1948,BU,,
Anderson,Walt,Walt Anderson,- ,,"Waltham, Massachusetts",1949,BU,Waltham,Massachusetts
Barnhill,Keith,Keith Barnhill,- ,,,1949,BU,,
Barrett,Bob,Bob Barrett,- ,8/18/1927,"Hingham, Massachusetts",1949,BU,Hingham,Massachusetts
Bell,Bob,Bob Bell,- ,,"Framingham, Massachusetts",1949,BU,Framingham,Massachusetts
Cahoon,Ed,Ed Cahoon,- ,7/2/1924,"Melrose, Massachusetts",1949,BU,Melrose,Massachusetts
Casali,Mario,Mario Casali,- ,,,1949,BU,,
Czarnota,Joe,Joe Czarnota,- ,3/25/1925,"Wakefield, Massachusetts",1949,BU,Wakefield,Massachusetts
Downing,Bill,Bill Downing,- ,,,1949,BU,,
Dupuis,Bob,Bob Dupuis,- ,,,1949,BU,,
Folino,Joe,Joe Folino,- ,1/3/1927,,1949,BU,,
Garrity,Jack,Jack Garrity,- ,4/1/1926,"Woburn, Massachusetts",1949,BU,Woburn,Massachusetts
Haynes,Irving,Irving Haynes,- ,,,1949,BU,,
Hixon,Dana,Dana Hixon,- ,,,1949,BU,,
Jurgelevich,William,William Jurgelevich,- ,,,1949,BU,,
Kelley,Dick,Dick Kelley,- ,,,1949,BU,,
Kelley,Jack,Jack Kelley,- ,7/10/1927,"Medford, Massachusetts",1949,BU,Medford,Massachusetts
Martin,Jack,Jack Martin,- ,,,1949,BU,,
Ray,John,John Ray,- ,,,1949,BU,,
Robinson,Lloyd,Lloyd Robinson,- ,,"Wellesley, Massachusetts",1949,BU,Wellesley,Massachusetts
Wennberg,Carl,Carl Wennberg,- ,,,1949,BU,,
Beecher,Larry,Larry Beecher,- ,,,1949,BU,,
Bevins,Ralph,Ralph Bevins,- ,10/7/1924,,1949,BU,,
Fife,Walter,Walter Fife,- ,,,1950,BU,,
Barnhill,Keith,Keith Barnhill,- ,,,1950,BU,,
Barrett,Bob,Bob Barrett,- ,8/18/1927,"Hingham, Massachusetts",1950,BU,Hingham,Massachusetts
Cahoon,Ed,Ed Cahoon,- ,7/2/1924,"Melrose, Massachusetts",1950,BU,Melrose,Massachusetts
Casali,Mario,Mario Casali,- ,,,1950,BU,,
Cleary,Paul,Paul Cleary,- ,,,1950,BU,,
Cogan,George,George Cogan,- ,,,1950,BU,,
Czarnota,Joe,Joe Czarnota,- ,3/25/1925,"Wakefield, Massachusetts",1950,BU,Wakefield,Massachusetts
Denning,Jerry,Jerry Denning,- ,,,1950,BU,,
Downing,Bill,Bill Downing,- ,,,1950,BU,,
Dupuis,Bob,Bob Dupuis,- ,,,1950,BU,,
Folino,Joe,Joe Folino,- ,1/3/1927,,1950,BU,,
Garrity,Jack,Jack Garrity,- ,4/1/1926,"Woburn, Massachusetts",1950,BU,Woburn,Massachusetts
Kelley,Dick,Dick Kelley,- ,,,1950,BU,,
Kelley,Jack,Jack Kelley,- ,7/10/1927,"Medford, Massachusetts",1950,BU,Medford,Massachusetts
Martin,Jack,Jack Martin,- ,,,1950,BU,,
Merrill,Roger,Roger Merrill,- ,,,1950,BU,,
Ray,John,John Ray,- ,,,1950,BU,,
Fife,Walter,Walter Fife,- ,,,1951,BU,,
Kelley,Raymond,Raymond Kelley,- ,,,1951,BU,,
Lee,Dick,Dick Lee,- ,,,1951,BU,,
Barnhill,Keith,Keith Barnhill,- ,,,1951,BU,,
Barrett,Bob,Bob Barrett,- ,8/18/1927,"Hingham, Massachusetts",1951,BU,Hingham,Massachusetts
Burns,John,John Burns,- ,,"Stoneham, Massachusetts",1951,BU,Stoneham,Massachusetts
Cicoria,Tony,Tony Cicoria,5-8 ,,"Melrose, Massachusetts",1951,BU,Melrose,Massachusetts
Cleary,Paul,Paul Cleary,- ,,,1951,BU,,
Denning,Jerry,Jerry Denning,- ,,,1951,BU,,
Downing,Bill,Bill Downing,- ,,,1951,BU,,
Kelley,Dick,Dick Kelley,- ,,,1951,BU,,
Kelley,Jack,Jack Kelley,- ,7/10/1927,"Medford, Massachusetts",1951,BU,Medford,Massachusetts
Martin,Jack,Jack Martin,- ,,,1951,BU,,
Rodenhiser,Dick,Dick Rodenhiser,- ,10/17/1932,"Malden, Massachusetts",1951,BU,Malden,Massachusetts
Rousseau,Robert,Robert Rousseau,- ,,,1951,BU,,
Toperzer,Frank,Frank Toperzer,- ,,,1951,BU,,
Whalen,Paul,Paul Whalen,- ,,,1951,BU,,
Zanetti,Mario,Mario Zanetti,- ,,,1951,BU,,
Kelley,Paul,Paul Kelley,- ,,,1951,BU,,
Kelley,Raymond,Raymond Kelley,- ,,,1952,BU,,
Lee,Dick,Dick Lee,- ,,,1952,BU,,
Bruno,Joseph,Joseph Bruno,- ,,,1952,BU,,
Burns,John,John Burns,- ,,"Stoneham, Massachusetts",1952,BU,Stoneham,Massachusetts
Cicoria,Tony,Tony Cicoria,5-8 ,,"Melrose, Massachusetts",1952,BU,Melrose,Massachusetts
Cicoria,Andy,Andy Cicoria,- ,,,1952,BU,,
Cleary,Paul,Paul Cleary,- ,,,1952,BU,,
Cogan,George,George Cogan,- ,,,1952,BU,,
Denning,Jerry,Jerry Denning,- ,,,1952,BU,,
Dwyer,Thomas,Thomas Dwyer,- ,,,1952,BU,,
Mills,Bob,Bob Mills,- ,,,1952,BU,,
Rodenhiser,Dick,Dick Rodenhiser,- ,10/17/1932,"Malden, Massachusetts",1952,BU,Malden,Massachusetts
Rousseau,Robert,Robert Rousseau,- ,,,1952,BU,,
Shannon,Art,Art Shannon,- ,,"Watertown, Massachusetts",1952,BU,Watertown,Massachusetts
Toperzer,Frank,Frank Toperzer,- ,,,1952,BU,,
Tutuny,Charles,Charles Tutuny,- ,,,1952,BU,,
Whalen,Paul,Paul Whalen,- ,,,1952,BU,,
Zanetti,Mario,Mario Zanetti,- ,,,1952,BU,,
Bradley,Dick,Dick Bradley,- ,,,1952,BU,,
Hart,Edward,Edward Hart,- ,,"Lynn, Massachusetts",1952,BU,Lynn,Massachusetts
Kelley,Paul,Paul Kelley,- ,,,1952,BU,,
Kelley,Raymond,Raymond Kelley,- ,,,1953,BU,,
Burns,John,John Burns,- ,,"Stoneham, Massachusetts",1953,BU,Stoneham,Massachusetts
Collins,Ralph,Ralph Collins,- ,,,1953,BU,,
Crocker,Bob,Bob Crocker,- ,8/3/1928,"Boston, Massachusetts",1953,BU,Boston,Massachusetts
Driscoll,Len,Len Driscoll,- ,,,1953,BU,,
Dwyer,Thomas,Thomas Dwyer,- ,,,1953,BU,,
Gurberg,Marvin,Marvin Gurberg,- ,,,1953,BU,,
Mills,Bob,Bob Mills,- ,,,1953,BU,,
Murphy,Jack,Jack Murphy,- ,,,1953,BU,,
Rousseau,Robert,Robert Rousseau,- ,,,1953,BU,,
Whiting,Warren,Warren Whiting,- ,,,1953,BU,,
Aiken,Don,Don Aiken,5-11,1/1/1932,"Arlington, Massachusetts",1953,BU,Arlington,Massachusetts
Hart,Edward,Edward Hart,- ,,"Lynn, Massachusetts",1953,BU,Lynn,Massachusetts
Buell,Bob,Bob Buell,- ,4/23/1931,"Wellesley, Massachusetts",1954,BU,Wellesley,Massachusetts
Burns,John,John Burns,- ,,"Stoneham, Massachusetts",1953,BU,Stoneham,Massachusetts
Crocker,Bob,Bob Crocker,- ,8/3/1928,"Boston, Massachusetts",1954,BU,Boston,Massachusetts
Driscoll,Len,Len Driscoll,- ,,,1954,BU,,
Dwyer,Thomas,Thomas Dwyer,- ,,,1954,BU,,
Maddison,David,David Maddison,- ,,,1954,BU,,
Manning,Mike,Mike Manning,5-10,,"Medford, Massachusetts",1954,BU,Medford,Massachusetts
McAdoo,Dick,Dick McAdoo,- ,,,1954,BU,,
McComb,John,John McComb,- ,,,1954,BU,,
Mitchell,Doug,Doug Mitchell,- ,,,1954,BU,,
Murphy,Jack,Jack Murphy,- ,,,1954,BU,,
Quinn,Joe,Joe Quinn,5-10,,"Somerville, Massachusetts",1954,BU,Somerville,Massachusetts
Tellier,Joe,Joe Tellier,- ,,,1954,BU,,
Aiken,Don,Don Aiken,5-11,1/1/1932,"Arlington, Massachusetts",1954,BU,Arlington,Massachusetts
Hart,Edward,Edward Hart,- ,,"Lynn, Massachusetts",1954,BU,Lynn,Massachusetts
Dupuis,Bob,Bob Dupuis,5-8 ,,"Lynn, Massachusetts",1955,BU,Lynn,Massachusetts
MacLeod,Don,Don MacLeod,5-11,,"Charlottetown, Prince Edward Island",1955,BU,Charlottetown,Prince Edward Island
'Sarge' Kinlin,Francis,Sarge Kinlin,6-0 ,,"Waltham, Massachusetts",1955,BU,Waltham,Massachusetts
Carriere,Art,Art Carriere,6-2 ,,"West Roxbury, Massachusetts",1955,BU,West Roxbury,Massachusetts
Carruthers,Jack,Jack Carruthers,5-9 ,,"Calgary, Alberta",1955,BU,Calgary,Alberta
Cicoria,Tony,Tony Cicoria,5-8 ,,"Melrose, Massachusetts",1955,BU,Melrose,Massachusetts
Driscoll,Len,Len Driscoll,- ,,,1955,BU,,
Ford,Curt,Curt Ford,- ,,,1955,BU,,
Keith,Forbes,Forbes Keith,- ,5/17/1936,"Boston, Massachusetts",1955,BU,Boston,Massachusetts
MacLeod,Russ,Russ MacLeod,- ,5/28/1935,"Lowell, Massachusetts",1955,BU,Lowell,Massachusetts
Maddison,David,David Maddison,- ,,,1955,BU,,
Manning,Mike,Mike Manning,5-10,,"Medford, Massachusetts",1955,BU,Medford,Massachusetts
McAdoo,Dick,Dick McAdoo,- ,,,1955,BU,,
McComb,John,John McComb,- ,,,1955,BU,,
Murphy,Jack,Jack Murphy,- ,,,1955,BU,,
Quinn,Joe,Joe Quinn,5-10,,"Somerville, Massachusetts",1955,BU,Somerville,Massachusetts
Sullivan,Bill,Bill Sullivan,5-11,,"East Weymouth, Massachusetts",1955,BU,East Weymouth,Massachusetts
Sweeney,Bill,Bill Sweeney,6-0 ,,"Woburn, Massachusetts",1955,BU,Woburn,Massachusetts
Vito,Ralph,Ralph Vito,- ,,,1955,BU,,
Levin,Henry,Henry Levin,5-6 ,,"Weymouth, Massachusetts",1955,BU,Weymouth,Massachusetts
DiVincenzo,Ron,Ron DiVincenzo,6-0 ,,"Medford, Massachusetts",1956,BU,Medford,Massachusetts
Dupuis,Bob,Bob Dupuis,5-8 ,,"Lynn, Massachusetts",1956,BU,Lynn,Massachusetts
Grant,John,John Grant,6-1 ,,"Roslindale, Massachusetts",1956,BU,Roslindale,Massachusetts
Lovely,Lou,Lou Lovely,6-0 ,,"Haverhill, Massachusetts",1956,BU,Haverhill,Massachusetts
MacLeod,Don,Don MacLeod,5-11,,"Charlottetown, Prince Edward Island",1956,BU,Charlottetown,Prince Edward Island
Sutherland,Alan,Alan Sutherland,6-0 ,,"Brookline, Massachusetts",1956,BU,Brookline,Massachusetts
'Sarge' Kinlin,Francis,Sarge Kinlin,6-0 ,,"Waltham, Massachusetts",1956,BU,Waltham,Massachusetts
Carriere,Art,Art Carriere,6-2 ,,"West Roxbury, Massachusetts",1956,BU,West Roxbury,Massachusetts
Carruthers,Jack,Jack Carruthers,5-9 ,,"Calgary, Alberta",1956,BU,Calgary,Alberta
Cicoria,Tony,Tony Cicoria,5-8 ,,"Melrose, Massachusetts",1956,BU,Melrose,Massachusetts
Creighton,Larry,Larry Creighton,5-9 ,,"Calgary, Alberta",1956,BU,Calgary,Alberta
Dooley,John,John Dooley,- ,,,1956,BU,,
Knight,Bob,Bob Knight,- ,,"Stoneham, Massachusetts",1956,BU,Stoneham,Massachusetts
Lyons,Dick,Dick Lyons,- ,,"Cambridge, Massachusetts",1956,BU,Cambridge,Massachusetts
Maddison,David,David Maddison,- ,,,1956,BU,,
Manning,Mike,Mike Manning,5-10,,"Medford, Massachusetts",1956,BU,Medford,Massachusetts
Quinn,Joe,Joe Quinn,5-10,,"Somerville, Massachusetts",1956,BU,Somerville,Massachusetts
Sullivan,Bill,Bill Sullivan,5-11,,"East Weymouth, Massachusetts",1956,BU,East Weymouth,Massachusetts
Sweeney,Bill,Bill Sweeney,6-0 ,,"Woburn, Massachusetts",1956,BU,Woburn,Massachusetts
DiGuglielmo,Paul,Paul DiGuglielmo,5-8 ,,"Boston, Massachusetts",1956,BU,Boston,Massachusetts
Heffernan,Dan,Dan Heffernan,6-0 ,,"Arlington, Massachusetts",1956,BU,Arlington,Massachusetts
Levin,Henry,Henry Levin,5-6 ,,"Weymouth, Massachusetts",1956,BU,Weymouth,Massachusetts
DiVincenzo,Ron,Ron DiVincenzo,6-0 ,,"Medford, Massachusetts",1957,BU,Medford,Massachusetts
Dupuis,Bob,Bob Dupuis,5-8 ,,"Lynn, Massachusetts",1957,BU,Lynn,Massachusetts
Enright,Pat,Pat Enright,5-11,,"Cambridge, Massachusetts",1957,BU,Cambridge,Massachusetts
MacLeod,Don,Don MacLeod,5-11,,"Charlottetown, Prince Edward Island",1957,BU,Charlottetown,Prince Edward Island
'Sarge' Kinlin,Francis,Sarge Kinlin,6-0 ,,"Waltham, Massachusetts",1957,BU,Waltham,Massachusetts
Carriere,Art,Art Carriere,6-2 ,,"West Roxbury, Massachusetts",1957,BU,West Roxbury,Massachusetts
Carruthers,Jack,Jack Carruthers,5-9 ,,"Calgary, Alberta",1957,BU,Calgary,Alberta
Cicoria,Tony,Tony Cicoria,5-8 ,,"Melrose, Massachusetts",1957,BU,Melrose,Massachusetts
Creighton,Larry,Larry Creighton,5-9 ,,"Calgary, Alberta",1957,BU,Calgary,Alberta
Giuliotti,Andy,Andy Giuliotti,5-9 ,,"East Boston, Massachusetts",1957,BU,East Boston,Massachusetts
Jarasitis,Allen,Allen Jarasitis,6-1 ,,"Charlestown, Massachusetts",1957,BU,Charlestown,Massachusetts
Keith,Forbes,Forbes Keith,- ,5/17/1936,"Boston, Massachusetts",1957,BU,Boston,Massachusetts
MacKay,Jim,Jim MacKay,- ,,,1957,BU,,
MacLeod,Dave,Dave MacLeod,6-1 ,,"Charlottetown, Prince Edward Island",1957,BU,Charlottetown,Prince Edward Island
Marquis,Bob,Bob Marquis,5-9 ,,"Montreal, Quebec",1957,BU,Montreal,Quebec
McCormack,Bill,Bill McCormack,5-11,,"Malden, Massachusetts",1957,BU,Malden,Massachusetts
Sullivan,Bill,Bill Sullivan,5-11,,"East Weymouth, Massachusetts",1957,BU,East Weymouth,Massachusetts
Sweeney,Bill,Bill Sweeney,6-0 ,,"Woburn, Massachusetts",1957,BU,Woburn,Massachusetts
Levin,Henry,Henry Levin,5-6 ,,"Weymouth, Massachusetts",1957,BU,Weymouth,Massachusetts
Tansey,Bill,Bill Tansey,5-11,,"Cambridge, Massachusetts",1957,BU,Cambridge,Massachusetts
DiVincenzo,Ron,Ron DiVincenzo,6-0 ,,"Medford, Massachusetts",1958,BU,Medford,Massachusetts
Enright,Pat,Pat Enright,5-11,,"Cambridge, Massachusetts",1958,BU,Cambridge,Massachusetts
McCann,Pete,Pete McCann,6-0 ,,"Framingham, Massachusetts",1958,BU,Framingham,Massachusetts
McCurdy,Russ,Russ McCurdy,6-2 ,8/18/1939,"Pawtucket, Rhode Island",1958,BU,Pawtucket,Rhode Island
Cornish,Earl,Earl Cornish,- ,,,1958,BU,,
Creighton,Larry,Larry Creighton,5-9 ,,"Calgary, Alberta",1958,BU,Calgary,Alberta
Cross,Jim,Jim Cross,5-7 ,,"Weymouth, Massachusetts",1958,BU,Weymouth,Massachusetts
Dolan,Don,Don Dolan,- ,,,1958,BU,,
Dooley,John,John Dooley,- ,,,1958,BU,,
Flynn,George,George Flynn,- ,,,1958,BU,,
Giuliotti,Andy,Andy Giuliotti,5-9 ,,"East Boston, Massachusetts",1958,BU,East Boston,Massachusetts
Jarasitis,Allen,Allen Jarasitis,6-1 ,,"Charlestown, Massachusetts",1958,BU,Charlestown,Massachusetts
Keith,Forbes,Forbes Keith,- ,5/17/1936,"Boston, Massachusetts",1958,BU,Boston,Massachusetts
Leahy,John,John Leahy,- ,,"Somerville, Massachusetts",1958,BU,Somerville,Massachusetts
MacLeod,Dave,Dave MacLeod,6-1 ,,"Charlottetown, Prince Edward Island",1958,BU,Charlottetown,Prince Edward Island
Marquis,Bob,Bob Marquis,5-9 ,,"Montreal, Quebec",1958,BU,Montreal,Quebec
McCormack,Bill,Bill McCormack,5-11,,"Malden, Massachusetts",1958,BU,Malden,Massachusetts
Quinn,Bill,Bill Quinn,5-10,,"Somerville, Massachusetts",1958,BU,Somerville,Massachusetts
Robinson,Bill,Bill Robinson,- ,,,1958,BU,,
Tanner,Ron,Ron Tanner,- ,,,1958,BU,,
Tansey,Bill,Bill Tansey,5-11,,"Cambridge, Massachusetts",1958,BU,Cambridge,Massachusetts
Urbanski,Barry,Barry Urbanski,5-11,,"Danvers, Massachusetts",1958,BU,Danvers,Massachusetts
Enright,Pat,Pat Enright,5-11,,"Cambridge, Massachusetts",1959,BU,Cambridge,Massachusetts
Goguen,Donald,Donald Goguen,5-10,,"Valois, Quebec",1959,BU,Valois,Quebec
McCann,Pete,Pete McCann,6-0 ,,"Framingham, Massachusetts",1959,BU,Framingham,Massachusetts
McCurdy,Russ,Russ McCurdy,6-2 ,8/18/1939,"Pawtucket, Rhode Island",1959,BU,Pawtucket,Rhode Island
Blainey,Bill,Bill Blainey,- ,,,1959,BU,,
Cross,Jim,Jim Cross,5-7 ,,"Weymouth, Massachusetts",1959,BU,Weymouth,Massachusetts
Giuliotti,Andy,Andy Giuliotti,5-9 ,,"East Boston, Massachusetts",1959,BU,East Boston,Massachusetts
Hughes,Paul,Paul Hughes,6-1 ,,"Natick, Massachusetts",1959,BU,Natick,Massachusetts
Jarasitis,Allen,Allen Jarasitis,6-1 ,,"Charlestown, Massachusetts",1959,BU,Charlestown,Massachusetts
Leahy,John,John Leahy,- ,,"Somerville, Massachusetts",1959,BU,Somerville,Massachusetts
MacLeod,Dave,Dave MacLeod,6-1 ,,"Charlottetown, Prince Edward Island",1959,BU,Charlottetown,Prince Edward Island
Mahoney,David,David Mahoney,5-7 ,,"Arlington, Massachusetts",1959,BU,Arlington,Massachusetts
Marquis,Bob,Bob Marquis,5-9 ,,"Montreal, Quebec",1959,BU,Montreal,Quebec
McCormack,Bill,Bill McCormack,5-11,,"Malden, Massachusetts",1959,BU,Malden,Massachusetts
Quinn,Bill,Bill Quinn,5-10,,"Somerville, Massachusetts",1959,BU,Somerville,Massachusetts
Robinson,Bill,Bill Robinson,- ,,,1959,BU,,
Spinney,Donald,Donald Spinney,5-10,,"Lynn, Massachusetts",1959,BU,Lynn,Massachusetts
Tansey,Bill,Bill Tansey,5-11,,"Cambridge, Massachusetts",1959,BU,Cambridge,Massachusetts
Urbanski,Barry,Barry Urbanski,5-11,,"Danvers, Massachusetts",1959,BU,Danvers,Massachusetts
Carver,Dave,Dave Carver,- ,,,1960,BU,,
Goguen,Donald,Donald Goguen,5-10,,"Valois, Quebec",1960,BU,Valois,Quebec
Higgins,Jim,Jim Higgins,- ,,"Cambridge, Massachusetts",1960,BU,Cambridge,Massachusetts
McCann,Pete,Pete McCann,6-0 ,,"Framingham, Massachusetts",1960,BU,Framingham,Massachusetts
McCurdy,Russ,Russ McCurdy,6-2 ,8/18/1939,"Pawtucket, Rhode Island",1960,BU,Pawtucket,Rhode Island
McFaun,Francis,Francis McFaun,- ,,,1960,BU,,
Smith,Bob,Bob Smith,- ,,"Needham, Massachusetts",1960,BU,Needham,Massachusetts
Connors,Edmund,Edmund Connors,- ,,,1960,BU,,
Denihan,Mike,Mike Denihan,- ,,,1960,BU,,
Fitzgerald,Peter,Peter Fitzgerald,- ,,,1960,BU,,
Fogerty,Dick,Dick Fogerty,- ,,,1960,BU,,
Hughes,Paul,Paul Hughes,6-1 ,,"Natick, Massachusetts",1960,BU,Natick,Massachusetts
Leahy,John,John Leahy,- ,,"Somerville, Massachusetts",1960,BU,Somerville,Massachusetts
MacLeod,Dave,Dave MacLeod,6-1 ,,"Charlottetown, Prince Edward Island",1960,BU,Charlottetown,Prince Edward Island
Mahoney,David,David Mahoney,5-7 ,,"Arlington, Massachusetts",1960,BU,Arlington,Massachusetts
McBride,John,John McBride,- ,,,1960,BU,,
Quinn,Bill,Bill Quinn,5-10,,"Somerville, Massachusetts",1960,BU,Somerville,Massachusetts
Rowan,Bob,Bob Rowan,- ,,,1960,BU,,
Spinney,Donald,Donald Spinney,5-10,,"Lynn, Massachusetts",1960,BU,Lynn,Massachusetts
Eberly,Glen,Glen Eberly,- ,,,1960,BU,,
Urbanski,Barry,Barry Urbanski,5-11,,"Danvers, Massachusetts",1960,BU,Danvers,Massachusetts
Carver,Dave,Dave Carver,- ,,,1961,BU,,
Comeau,Allen,Allen Comeau,- ,,,1961,BU,,
Goguen,Donald,Donald Goguen,5-10,,"Valois, Quebec",1961,BU,Valois,Quebec
Higgins,Jim,Jim Higgins,- ,,"Cambridge, Massachusetts",1961,BU,Cambridge,Massachusetts
Holmes,Leonard,Leonard Holmes,- ,,,1961,BU,,
McFaun,Francis,Francis McFaun,- ,,,1961,BU,,
McInnis,Bennett,Bennett McInnis,- ,,,1961,BU,,
Sampson,Alden,Alden Sampson,- ,,,1961,BU,,
Smith,Bob,Bob Smith,- ,,"Needham, Massachusetts",1961,BU,Needham,Massachusetts
Connors,Edmund,Edmund Connors,- ,,,1961,BU,,
Denihan,Mike,Mike Denihan,- ,,,1961,BU,,
Fitzgerald,Peter,Peter Fitzgerald,- ,,,1961,BU,,
Fuller,Alan,Alan Fuller,- ,,,1961,BU,,
Johnson,Paul,Paul Johnson,- ,,,1961,BU,,
Mahoney,David,David Mahoney,5-7 ,,"Arlington, Massachusetts",1961,BU,Arlington,Massachusetts
McBride,John,John McBride,- ,,,1961,BU,,
Ross,Ken,Ken Ross,- ,,,1961,BU,,
Rowan,Bob,Bob Rowan,- ,,,1961,BU,,
Spinney,Donald,Donald Spinney,5-10,,"Lynn, Massachusetts",1961,BU,Lynn,Massachusetts
Welch,Alan,Alan Welch,- ,,,1961,BU,,
Eberly,Glen,Glen Eberly,- ,,,1961,BU,,
Plante,Bruce,Bruce Plante,- ,,,1961,BU,,
Comeau,Allen,Allen Comeau,- ,,,1962,BU,,
Green,Richard,Richard Green,- ,,,1962,BU,,
Higgins,Jim,Jim Higgins,- ,,"Cambridge, Massachusetts",1962,BU,Cambridge,Massachusetts
Holmes,Leonard,Leonard Holmes,- ,,,1962,BU,,
McFaun,Francis,Francis McFaun,- ,,,1962,BU,,
McInnis,Bennett,Bennett McInnis,- ,,,1962,BU,,
Sampson,Alden,Alden Sampson,- ,,,1962,BU,,
Smith,Bob,Bob Smith,- ,,"Needham, Massachusetts",1962,BU,Needham,Massachusetts
Connors,Edmund,Edmund Connors,- ,,,1962,BU,,
Crotty,Ed,Ed Crotty,- ,,,1962,BU,,
Denihan,Mike,Mike Denihan,- ,,,1962,BU,,
Maloney,Leo,Leo Maloney,- ,,,1962,BU,,
Martell,Bob,Bob Martell,- ,,,1962,BU,,
McBride,John,John McBride,- ,,,1962,BU,,
McCabe,Bob,Bob McCabe,- ,,,1962,BU,,
McGarry,Jack,Jack McGarry,- ,,,1962,BU,,
Ross,Ken,Ken Ross,- ,,,1962,BU,,
Rowan,Bob,Bob Rowan,- ,,,1962,BU,,
Sylvia,Bob,Bob Sylvia,- ,,,1962,BU,,
Eberly,Glen,Glen Eberly,- ,,,1962,BU,,
Parlante,Chris,Chris Parlante,- ,,,1962,BU,,
Plante,Bruce,Bruce Plante,- ,,,1962,BU,,
Comeau,Allen,Allen Comeau,- ,,,1963,BU,,
Conte,Vic,Vic Conte,5-6 ,,"Niagara Falls, Ontario",1963,BU,Niagara Falls,Ontario
Green,Richard,Richard Green,- ,,,1963,BU,,
Holmes,Leonard,Leonard Holmes,- ,,,1963,BU,,
Payne,Ray,Ray Payne,5-11,,"Toronto, Ontario",1963,BU,Toronto,Ontario
Ross,Tom,Tom Ross,5-11,,"West Roxbury, Massachusetts",1963,BU,West Roxbury,Massachusetts
Sampson,Alden,Alden Sampson,- ,,,1963,BU,,
Carter,Lyman,Lyman Carter,- ,,,1963,BU,,
Eads,Manuel,Manuel Eads,- ,,,1963,BU,,
Fennie,Bruce,Bruce Fennie,5-10,,"Buffalo, New York",1963,BU,Buffalo,New York
Jackson,Bill,Bill Jackson,- ,,,1963,BU,,
Martell,Bob,Bob Martell,- ,,,1963,BU,,
McCabe,Bob,Bob McCabe,- ,,,1963,BU,,
McGarry,Jack,Jack McGarry,- ,,,1963,BU,,
O'Connell,Mike,Mike O'Connell,- ,,"South Boston, Massachusetts",1963,BU,South Boston,Massachusetts
O'Connell,Dennis,Dennis O'Connell,5-11,,"South Boston, Massachusetts",1963,BU,South Boston,Massachusetts
Sylvia,Bob,Bob Sylvia,- ,,,1963,BU,,
Todaro,Jim,Jim Todaro,5-7 ,,"Watertown, Massachusetts",1963,BU,Watertown,Massachusetts
Ferreira,Jack,Jack Ferreira,5-8 ,6/9/1944,"Providence, Rhode Island",1963,BU,Providence,Rhode Island
Fila,Andy,Andy Fila,- ,,,1963,BU,,
Conte,Vic,Vic Conte,5-6 ,,"Niagara Falls, Ontario",1964,BU,Niagara Falls,Ontario
Gilmour,Brian,Brian Gilmour,5-10,,"Lancaster, Ontario",1964,BU,Lancaster,Ontario
Lumley,Donald,Donald Lumley,5-9 ,,"Hamilton, Ontario",1964,BU,Hamilton,Ontario
McLachlan,Pete,Pete McLachlan,5-9 ,,"Newmarket, Ontario",1964,BU,Newmarket,Ontario
Payne,Ray,Ray Payne,5-11,,"Toronto, Ontario",1964,BU,Toronto,Ontario
Ross,Tom,Tom Ross,5-11,,"West Roxbury, Massachusetts",1964,BU,West Roxbury,Massachusetts
Bassi,Fred,Fred Bassi,5-11,,"Niagara Falls, Ontario",1964,BU,Niagara Falls,Ontario
Carter,Lyman,Lyman Carter,- ,,,1964,BU,,
D'Orio,Frank,Frank D'Orio,5-9 ,,"Providence, Rhode Island",1964,BU,Providence,Rhode Island
Fennie,Bruce,Bruce Fennie,5-10,,"Buffalo, New York",1964,BU,Buffalo,New York
Martell,Bob,Bob Martell,- ,,,1964,BU,,
Morgan,Charles,Charles Morgan,- ,,,1964,BU,,
O'Connell,Dennis,Dennis O'Connell,5-11,,"South Boston, Massachusetts",1964,BU,South Boston,Massachusetts
Quinlan,Shaun,Shaun Quinlan,5-11,,"Arlington, Massachusetts",1964,BU,Arlington,Massachusetts
Quinn,Jim,Jim Quinn,5-11,2/26/1944,"Somerville, Massachusetts",1964,BU,Somerville,Massachusetts
Ross,Ken,Ken Ross,- ,,,1964,BU,,
Sobeski,Mike,Mike Sobeski,5-9 ,3/24/1945,"Woodstock, Ontario",1964,BU,Woodstock,Ontario
Sylvia,Bob,Bob Sylvia,- ,,,1964,BU,,
Todaro,Jim,Jim Todaro,5-7 ,,"Watertown, Massachusetts",1964,BU,Watertown,Massachusetts
Wood,Jim,Jim Wood,5-9 ,,"Belmont, Massachusetts",1964,BU,Belmont,Massachusetts
Ferreira,Jack,Jack Ferreira,5-8 ,6/9/1944,"Providence, Rhode Island",1964,BU,Providence,Rhode Island
Fila,Andy,Andy Fila,- ,,,1964,BU,,
Ryan,Wayne,Wayne Ryan,5-9 ,,"Welland, Ontario",1964,BU,Welland,Ontario
Cochrane,Douglas,Douglas Cochrane,6-0 ,,"Darien, Connecticut",1965,BU,Darien,Connecticut
Conte,Vic,Vic Conte,5-6 ,,"Niagara Falls, Ontario",1965,BU,Niagara Falls,Ontario
Gilmour,Brian,Brian Gilmour,5-10,,"Lancaster, Ontario",1965,BU,Lancaster,Ontario
Harris,John,John Harris,6-0 ,,"Lancaster, Ontario",1965,BU,Lancaster,Ontario
Isenstadt,Alan,Alan Isenstadt,6-0 ,,"Hyde Park, Massachusetts",1965,BU,Hyde Park,Massachusetts
Lumley,Donald,Donald Lumley,5-9 ,,"Hamilton, Ontario",1965,BU,Hamilton,Ontario
McBride,Steve,Steve McBride,6-3 ,,"Belmont, Massachusetts",1965,BU,Belmont,Massachusetts
McLachlan,Pete,Pete McLachlan,5-9 ,,"Newmarket, Ontario",1965,BU,Newmarket,Ontario
Payne,Ray,Ray Payne,5-11,,"Toronto, Ontario",1965,BU,Toronto,Ontario
Ross,Tom,Tom Ross,5-11,,"West Roxbury, Massachusetts",1965,BU,West Roxbury,Massachusetts
Valle,Dick,Dick Valle,6-0 ,,"Newton, Massachusetts",1965,BU,Newton,Massachusetts
Bassi,Fred,Fred Bassi,5-11,,"Niagara Falls, Ontario",1965,BU,Niagara Falls,Ontario
Cooke,John,John Cooke,5-9 ,,"Regina, Saskatchewan",1965,BU,Regina,Saskatchewan
Crawley,John,John Crawley,5-9 ,,"Warwick, Rhode Island",1965,BU,Warwick,Rhode Island
D'Orio,Frank,Frank D'Orio,5-9 ,,"Providence, Rhode Island",1965,BU,Providence,Rhode Island
Decaprio,Dick,Dick Decaprio,5-10,,"Lewiston, Maine",1965,BU,Lewiston,Maine
Fennie,Bruce,Bruce Fennie,5-10,,"Buffalo, New York",1965,BU,Buffalo,New York
Labanara,John,John Labanara,5-11,,"Belmont, Massachusetts",1965,BU,Belmont,Massachusetts
O'Connell,Dennis,Dennis O'Connell,5-11,,"South Boston, Massachusetts",1965,BU,South Boston,Massachusetts
Parker,Jack,Jack Parker,5-10,3/11/1945,"Somerville, Massachusetts",1965,BU,Somerville,Massachusetts
Quinlan,Shaun,Shaun Quinlan,5-11,,"Arlington, Massachusetts",1965,BU,Arlington,Massachusetts
Quinn,Jim,Jim Quinn,5-11,2/26/1944,"Somerville, Massachusetts",1965,BU,Somerville,Massachusetts
Riley Jr.,Bill,Bill Riley Jr.,5-6 ,,"Medford, Massachusetts",1965,BU,Medford,Massachusetts
Sobeski,Mike,Mike Sobeski,5-9 ,3/24/1945,"Woodstock, Ontario",1965,BU,Woodstock,Ontario
Todaro,Jim,Jim Todaro,5-7 ,,"Watertown, Massachusetts",1965,BU,Watertown,Massachusetts
Wakabayashi,Herb,Herb Wakabayashi,5-5 ,12/23/1944,"Neys, Ontario",1965,BU,Neys,Ontario
Wood,Jim,Jim Wood,5-9 ,,"Belmont, Massachusetts",1965,BU,Belmont,Massachusetts
Crisafulli,Dave,Dave Crisafulli,5-7 ,,"Belmont, Massachusetts",1965,BU,Belmont,Massachusetts
Ferreira,Jack,Jack Ferreira,5-8 ,6/9/1944,"Providence, Rhode Island",1965,BU,Providence,Rhode Island
Ryan,Wayne,Wayne Ryan,5-9 ,,"Welland, Ontario",1965,BU,Welland,Ontario
Abbott,Darrell,Darrell Abbott,6-3 ,,"Lennoxville, Quebec",1966,BU,Lennoxville,Quebec
Dakin,Jim,Jim Dakin,5-11,,"Lynn, Massachusetts",1966,BU,Lynn,Massachusetts
Gilmour,Brian,Brian Gilmour,5-10,,"Lancaster, Ontario",1966,BU,Lancaster,Ontario
Hallee,Ron,Ron Hallee,6-0 ,,"Waterville, Maine",1966,BU,Waterville,Maine
Hinch,Bill,Bill Hinch,6-3 ,6/7/1945,"Swampscott, Massachusetts",1966,BU,Swampscott,Massachusetts
Lumley,Donald,Donald Lumley,5-9 ,,"Hamilton, Ontario",1966,BU,Hamilton,Ontario
McBride,Steve,Steve McBride,6-3 ,,"Belmont, Massachusetts",1966,BU,Belmont,Massachusetts
McLachlan,Pete,Pete McLachlan,5-9 ,,"Newmarket, Ontario",1966,BU,Newmarket,Ontario
Revell,Paul,Paul Revell,5-8 ,,"Arlington, Massachusetts",1966,BU,Arlington,Massachusetts
Valle,Dick,Dick Valle,6-0 ,,"Newton, Massachusetts",1966,BU,Newton,Massachusetts
Bassi,Fred,Fred Bassi,5-11,,"Niagara Falls, Ontario",1966,BU,Niagara Falls,Ontario
Boily,Serge,Serge Boily,5-9 ,,"LaSalle, Quebec",1966,BU,LaSalle,Quebec
Cooke,John,John Cooke,5-9 ,,"Regina, Saskatchewan",1966,BU,Regina,Saskatchewan
Crawley,John,John Crawley,5-9 ,,"Warwick, Rhode Island",1966,BU,Warwick,Rhode Island
D'Orio,Frank,Frank D'Orio,5-9 ,,"Providence, Rhode Island",1966,BU,Providence,Rhode Island
Decaprio,Dick,Dick Decaprio,5-10,,"Lewiston, Maine",1966,BU,Lewiston,Maine
Fontas,Paul,Paul Fontas,5-10,,"Lexington, Massachusetts",1966,BU,Lexington,Massachusetts
Gray,Maxwell,Maxwell Gray,5-9 ,,"Chatham, Ontario",1966,BU,Chatham,Ontario
MacDougal,Gary,Gary MacDougal,5-10,,"Timmins, Ontario",1966,BU,Timmins,Ontario
McLachlan,Dick,Dick McLachlan,- ,,"Newmarket, Ontario",1966,BU,Newmarket,Ontario
Morgan,Charles,Charles Morgan,- ,,,1966,BU,,
Parker,Jack,Jack Parker,5-10,3/11/1945,"Somerville, Massachusetts",1966,BU,Somerville,Massachusetts
Quinn,Jim,Jim Quinn,5-11,2/26/1944,"Somerville, Massachusetts",1966,BU,Somerville,Massachusetts
Riley Jr.,Bill,Bill Riley Jr.,5-6 ,,"Medford, Massachusetts",1966,BU,Medford,Massachusetts
Sobeski,Mike,Mike Sobeski,5-9 ,3/24/1945,"Woodstock, Ontario",1966,BU,Woodstock,Ontario
Wakabayashi,Herb,Herb Wakabayashi,5-5 ,12/23/1944,"Neys, Ontario",1966,BU,Neys,Ontario
Wood,Jim,Jim Wood,5-9 ,,"Belmont, Massachusetts",1966,BU,Belmont,Massachusetts
Wright,Eddie,Eddie Wright,5-5 ,,"Chatham, Ontario",1966,BU,Chatham,Ontario
Crisafulli,Dave,Dave Crisafulli,5-7 ,,"Belmont, Massachusetts",1966,BU,Belmont,Massachusetts
McCann,Jim,Jim McCann,5-7 ,,"Dedham, Massachusetts",1966,BU,Dedham,Massachusetts
Ryan,Wayne,Wayne Ryan,5-9 ,,"Welland, Ontario",1966,BU,Welland,Ontario
Abbott,Darrell,Darrell Abbott,6-3 ,,"Lennoxville, Quebec",1967,BU,Lennoxville,Quebec
Dakin,Jim,Jim Dakin,5-11,,"Lynn, Massachusetts",1967,BU,Lynn,Massachusetts
Decker,Wayne,Wayne Decker,5-10,,"Kitchener, Ontario",1967,BU,Kitchener,Ontario
Hinch,Bill,Bill Hinch,6-3 ,6/7/1945,"Swampscott, Massachusetts",1967,BU,Swampscott,Massachusetts
Kirby,Terry,Terry Kirby,5-10,,"Malton, Ontario",1967,BU,Malton,Ontario
McBride,Steve,Steve McBride,6-3 ,,"Belmont, Massachusetts",1967,BU,Belmont,Massachusetts
Valle,Dick,Dick Valle,6-0 ,,"Newton, Massachusetts",1967,BU,Newton,Massachusetts
Boily,Serge,Serge Boily,5-9 ,,"LaSalle, Quebec",1967,BU,LaSalle,Quebec
Bowering,Dick,Dick Bowering,5-9 ,,"Toronto, Ontario",1967,BU,Toronto,Ontario
Cooke,John,John Cooke,5-9 ,,"Regina, Saskatchewan",1967,BU,Regina,Saskatchewan
Crawley,John,John Crawley,5-9 ,,"Warwick, Rhode Island",1967,BU,Warwick,Rhode Island
Davenport,Larry,Larry Davenport,5-8 ,,"Glencoe, Ontario",1967,BU,Glencoe,Ontario
Fontas,Paul,Paul Fontas,5-10,,"Lexington, Massachusetts",1967,BU,Lexington,Massachusetts
Gama,Glen,Glen Gama,5-7 ,,"Providence, Rhode Island",1967,BU,Providence,Rhode Island
Gray,Maxwell,Maxwell Gray,5-9 ,,"Chatham, Ontario",1967,BU,Chatham,Ontario
Hyndman,Mike,Mike Hyndman,6-1 ,12/8/1945,"Quebec, Quebec",1967,BU,Quebec,Quebec
Maus,Blaine,Blaine Maus,5-9 ,,"Westwood, Massachusetts",1967,BU,Westwood,Massachusetts
Parker,Jack,Jack Parker,5-10,3/11/1945,"Somerville, Massachusetts",1967,BU,Somerville,Massachusetts
Riley Jr.,Bill,Bill Riley Jr.,5-6 ,,"Medford, Massachusetts",1967,BU,Medford,Massachusetts
Toomey,Dick,Dick Toomey,5-11,,"Newtonville, Massachusetts",1967,BU,Newtonville,Massachusetts
Wakabayashi,Herb,Herb Wakabayashi,5-5 ,12/23/1944,"Neys, Ontario",1967,BU,Neys,Ontario
Wright,Eddie,Eddie Wright,5-5 ,,"Chatham, Ontario",1967,BU,Chatham,Ontario
Doyle,Dennis,Dennis Doyle,5-6 ,,"Westport, Connecticut",1967,BU,Westport,Connecticut
Fennie,Mark,Mark Fennie,5-10,,"Buffalo, New York",1967,BU,Buffalo,New York
Katzenbach,Jeff,Jeff Katzenbach,5-9 ,,"Palisades, New York",1967,BU,Palisades,New York
McCann,Jim,Jim McCann,5-7 ,,"Dedham, Massachusetts",1967,BU,Dedham,Massachusetts
Abbott,Darrell,Darrell Abbott,6-3 ,,"Lennoxville, Quebec",1968,BU,Lennoxville,Quebec
Dakin,Jim,Jim Dakin,5-11,,"Lynn, Massachusetts",1968,BU,Lynn,Massachusetts
Decker,Wayne,Wayne Decker,5-10,,"Kitchener, Ontario",1968,BU,Kitchener,Ontario
Hinch,Bill,Bill Hinch,6-3 ,6/7/1945,"Swampscott, Massachusetts",1968,BU,Swampscott,Massachusetts
Yetten,Peter,Peter Yetten,- ,,"Waltham, Massachusetts",1968,BU,Waltham,Massachusetts
Boily,Serge,Serge Boily,5-9 ,,"LaSalle, Quebec",1968,BU,LaSalle,Quebec
Davenport,Larry,Larry Davenport,5-8 ,,"Glencoe, Ontario",1968,BU,Glencoe,Ontario
Fortier,Gene,Gene Fortier,- ,,"Balmertown, Onatrio",1968,BU,Balmertown,Ontario
Gama,Glen,Glen Gama,5-7 ,,"Providence, Rhode Island",1968,BU,Providence,Rhode Island
Gowing,Wayne,Wayne Gowing,- ,,"Kitchener, Ontario",1968,BU,Kitchener,Ontario
Gray,Maxwell,Maxwell Gray,5-9 ,,"Chatham, Ontario",1968,BU,Chatham,Ontario
Gryp,Bob,Bob Gryp,6-1 ,5/6/1950,"Chatham, Ontario",1968,BU,Chatham,Ontario
Hatton,Bruce,Bruce Hatton,- ,,,1968,BU,,
Holmen,Thomas,Thomas Holmen,- ,,"Duluth, Minnesota",1968,BU,Duluth,Minnesota
Hyndman,Mike,Mike Hyndman,6-1 ,12/8/1945,"Quebec, Quebec",1968,BU,Quebec,Quebec
Johnson,Bob,Bob Johnson,- ,,,1968,BU,,
Maus,Blaine,Blaine Maus,5-9 ,,"Westwood, Massachusetts",1968,BU,Westwood,Massachusetts
Stirling,Steve,Steve Stirling,5-10,11/19/1949,"Clarkson, Ontario",1968,BU,Clarkson,Ontario
Toomey,Dick,Dick Toomey,5-11,,"Newtonville, Massachusetts",1968,BU,Newtonville,Massachusetts
Wakabayashi,Herb,Herb Wakabayashi,5-5 ,12/23/1944,"Neys, Ontario",1968,BU,Neys,Ontario
Wright,Eddie,Eddie Wright,5-5 ,,"Chatham, Ontario",1968,BU,Chatham,Ontario
Fennie,Mark,Mark Fennie,5-10,,"Buffalo, New York",1968,BU,Buffalo,New York
McCann,Jim,Jim McCann,5-7 ,,"Dedham, Massachusetts",1968,BU,Dedham,Massachusetts
Regan,Tim,Tim Regan,6-2 ,12/28/1949,"Providence, Rhode Island",1968,BU,Providence,Rhode Island
Weiss,Saul,Saul Weiss,- ,,,1968,BU,,
Brown,Bob,Bob Brown,6-1 ,12/18/1950,"Toronto, Ontario",1969,BU,Toronto,Ontario
Bryand,Ted,Ted Bryand,- ,,"Cranston, Rhode Island",1969,BU,Cranston,Rhode Island
Decker,Wayne,Wayne Decker,5-10,,"Kitchener, Ontario",1969,BU,Kitchener,Ontario
Fenwick,Bill,Bill Fenwick,- ,,"London, Ontario",1969,BU,London,Ontario
Murray,Bob,Bob Murray,6-0 ,7/11/1950,"Boston, Massachusetts",1969,BU,Boston,Massachusetts
Richard Jordan,John,John Richard Jordan,6-3 ,3/31/1950,"Toronto, Ontario",1969,BU,Toronto,Ontario
Yetten,Peter,Peter Yetten,- ,,"Waltham, Massachusetts",1969,BU,Waltham,Massachusetts
Anderson,Ron,Ron Anderson,5-10,1/21/1950,"Moncton, New Brunswick",1969,BU,Moncton,New Brunswick
Burrowes,Guy,Guy Burrowes,5-10,3/4/1948,"Niagara Falls, Ontario",1969,BU,Niagara Falls,Ontario
Cahoon,Don,Don Cahoon,5-9 ,4/13/1949,"Lynn, Massachusetts",1969,BU,Lynn,Massachusetts
Danby,John,John Danby,5-10,7/20/1948,"Toronto, Ontario",1969,BU,Toronto,Ontario
Davenport,Larry,Larry Davenport,5-8 ,,"Glencoe, Ontario",1969,BU,Glencoe,Ontario
Donaldson,Coleman,Coleman Donaldson,- ,,"Princeton, New Jersey",1969,BU,Princeton,New Jersey
Donovan,John,John Donovan,- ,,"Burbank, California",1969,BU,Burbank,California
Giandomenico,Paul,Paul Giandomenico,5-5 ,10/30/1949,"Boston, Massachusetts",1969,BU,Boston,Massachusetts
Gowing,Wayne,Wayne Gowing,- ,,"Kitchener, Ontario",1969,BU,Kitchener,Ontario
Gryp,Bob,Bob Gryp,6-1 ,5/6/1950,"Chatham, Ontario",1969,BU,Chatham,Ontario
Hatton,Bruce,Bruce Hatton,- ,,,1969,BU,,
Hyndman,Mike,Mike Hyndman,6-1 ,12/8/1945,"Quebec, Quebec",1969,BU,Quebec,Quebec
Meehan,Joe,Joe Meehan,- ,,"Weston, Ontario",1969,BU,Weston,Ontario
Stirling,Steve,Steve Stirling,5-10,11/19/1949,"Clarkson, Ontario",1969,BU,Clarkson,Ontario
Thornton,Peter,Peter Thornton,5-8 ,,"Scarborough, Ontario",1969,BU,Scarborough,Ontario
Toomey,Dick,Dick Toomey,5-11,,"Newtonville, Massachusetts",1969,BU,Newtonville,Massachusetts
Brady,Dan,Dan Brady,5-11,8/25/1950,"Canton, New York",1969,BU,Canton,New York
Brueckner,Stefan,Stefan Brueckner,- ,,"Santa Monica, California",1969,BU,Santa Monica,California
Regan,Tim,Tim Regan,6-2 ,12/28/1949,"Providence, Rhode Island",1969,BU,Providence,Rhode Island
Abbott,Larry,Larry Abbott,5-10,,"Melrose, Massachusetts",1970,BU,Melrose,Massachusetts
Brown,Bob,Bob Brown,6-1 ,12/18/1950,"Toronto, Ontario",1970,BU,Toronto,Ontario
LaGarde,Mike,Mike LaGarde,- ,,"Roxboro, Quebec",1970,BU,Roxboro,Quebec
Murray,Bob,Bob Murray,6-0 ,7/11/1950,"Boston, Massachusetts",1970,BU,Boston,Massachusetts
Richard Jordan,John,John Richard Jordan,6-3 ,3/31/1950,"Toronto, Ontario",1970,BU,Toronto,Ontario
Warner,David,David Warner,- ,,"Niagara Falls, Ontario",1970,BU,Niagara Falls,Ontario
Yetten,Peter,Peter Yetten,- ,,"Waltham, Massachusetts",1970,BU,Waltham,Massachusetts
Anderson,Ron,Ron Anderson,5-10,1/21/1950,"Moncton, New Brunswick",1970,BU,Moncton,New Brunswick
Burrowes,Guy,Guy Burrowes,5-10,3/4/1948,"Niagara Falls, Ontario",1970,BU,Niagara Falls,Ontario
Cahoon,Don,Don Cahoon,5-9 ,4/13/1949,"Lynn, Massachusetts",1970,BU,Lynn,Massachusetts
Cournoyea,Ray,Ray Cournoyea,5-9 ,8/6/1950,"Niagara Falls, Ontario",1970,BU,Niagara Falls,Ontario
Danby,John,John Danby,5-10,7/20/1948,"Toronto, Ontario",1970,BU,Toronto,Ontario
Doloff,Steve,Steve Doloff,5-10,,"Melrose, Massachusetts",1970,BU,Melrose,Massachusetts
Flynn,Bill,Bill Flynn,5-10,1/31/1951,"Everett, Massachusetts",1970,BU,Everett,Massachusetts
Giandomenico,Paul,Paul Giandomenico,5-5 ,10/30/1949,"Boston, Massachusetts",1970,BU,Boston,Massachusetts
Gowing,Wayne,Wayne Gowing,- ,,"Kitchener, Ontario",1970,BU,Kitchener,Ontario
Gryp,Bob,Bob Gryp,6-1 ,5/6/1950,"Chatham, Ontario",1970,BU,Chatham,Ontario
Prechac,Olivier,Olivier Prechac,5-9 ,1/5/1945,"Versailles, France",1970,BU,Versailles,France
Stirling,Steve,Steve Stirling,5-10,11/19/1949,"Clarkson, Ontario",1970,BU,Clarkson,Ontario
Thornton,Peter,Peter Thornton,5-8 ,,"Scarborough, Ontario",1970,BU,Scarborough,Ontario
Brady,Dan,Dan Brady,5-11,8/25/1950,"Canton, New York",1970,BU,Canton,New York
Brueckner,Stefan,Stefan Brueckner,- ,,"Santa Monica, California",1970,BU,Santa Monica,California
Regan,Tim,Tim Regan,6-2 ,12/28/1949,"Providence, Rhode Island",1970,BU,Providence,Rhode Island
Abbott,Larry,Larry Abbott,5-10,,"Melrose, Massachusetts",1971,BU,Melrose,Massachusetts
Brown,Bob,Bob Brown,6-1 ,12/18/1950,"Toronto, Ontario",1971,BU,Toronto,Ontario
LaGarde,Mike,Mike LaGarde,- ,,"Roxboro, Quebec",1971,BU,Roxboro,Quebec
Murray,Bob,Bob Murray,6-0 ,7/11/1950,"Boston, Massachusetts",1971,BU,Boston,Massachusetts
Richard Jordan,John,John Richard Jordan,6-3 ,3/31/1950,"Toronto, Ontario",1971,BU,Toronto,Ontario
Warner,David,David Warner,- ,,"Niagara Falls, Ontario",1971,BU,Niagara Falls,Ontario
Anderson,Ron,Ron Anderson,5-10,1/21/1950,"Moncton, New Brunswick",1971,BU,Moncton,New Brunswick
Burrowes,Guy,Guy Burrowes,5-10,3/4/1948,"Niagara Falls, Ontario",1971,BU,Niagara Falls,Ontario
Cahoon,Don,Don Cahoon,5-9 ,4/13/1949,"Lynn, Massachusetts",1971,BU,Lynn,Massachusetts
Connors,Jim,Jim Connors,- ,,"Brookline, Massachusetts",1971,BU,Brookline,Massachusetts
Cournoyea,Ray,Ray Cournoyea,5-9 ,8/6/1950,"Niagara Falls, Ontario",1971,BU,Niagara Falls,Ontario
Danby,John,John Danby,5-10,7/20/1948,"Toronto, Ontario",1971,BU,Toronto,Ontario
Doloff,Steve,Steve Doloff,5-10,,"Melrose, Massachusetts",1971,BU,Melrose,Massachusetts
Flynn,Bill,Bill Flynn,5-10,1/31/1951,"Everett, Massachusetts",1971,BU,Everett,Massachusetts
Fowle,Ray,Ray Fowle,- ,,"Niagara Falls, Ontario",1971,BU,Niagara Falls,Ontario
Giandomenico,Paul,Paul Giandomenico,5-5 ,10/30/1949,"Boston, Massachusetts",1971,BU,Boston,Massachusetts
Gryp,Bob,Bob Gryp,6-1 ,5/6/1950,"Chatham, Ontario",1971,BU,Chatham,Ontario
Judge,Alan,Alan Judge,- ,,"Niagara Falls, Ontario",1971,BU,Niagara Falls,Ontario
Marek,Dana,Dana Marek,6-0 ,8/10/1953,"Stoneham, Massachusetts",1971,BU,Stoneham,Massachusetts
O'Neil,Paul,Paul O'Neil,6-1 ,8/24/1953,"Boston, Massachusetts",1971,BU,Boston,Massachusetts
Thornton,Peter,Peter Thornton,5-8 ,,"Scarborough, Ontario",1971,BU,Scarborough,Ontario
Wisener,David,David Wisener,5-10,12/10/1950,"Pictou, Nova Scotia",1971,BU,Pictou,Nova Scotia
Brady,Dan,Dan Brady,5-11,8/25/1950,"Canton, New York",1971,BU,Canton,New York
Regan,Tim,Tim Regan,6-2 ,12/28/1949,"Providence, Rhode Island",1971,BU,Providence,Rhode Island
Robillard,Joe,Joe Robillard,- ,,"Woburn, Massachusetts",1971,BU,Woburn,Massachusetts
Walsh,Ed,Ed Walsh,5-10,8/18/1951,"Somerville, Massachusetts",1971,BU,Somerville,Massachusetts
Abbott,Larry,Larry Abbott,5-10,,"Melrose, Massachusetts",1972,BU,Melrose,Massachusetts
Brown,Peter,Peter Brown,6-2 ,5/21/1954,"Boston, Massachusetts",1972,BU,Boston,Massachusetts
Gryp,Jerry,Jerry Gryp,5-10,7/27/1952,"Chatham, Ontario",1972,BU,Chatham,Ontario
LaGarde,Mike,Mike LaGarde,- ,,"Roxboro, Quebec",1972,BU,Roxboro,Quebec
McCann,Peter,Peter McCann,- ,,"Toronto, Ontario",1972,BU,Toronto,Ontario
Stanfield,Vic,Vic Stanfield,5-10,5/12/1951,"Mississauga, Ontario",1972,BU,Mississauga,Ontario
Warner,David,David Warner,- ,,"Niagara Falls, Ontario",1972,BU,Niagara Falls,Ontario
Powers,Buddy,Buddy Powers,- ,,"Hyde Park, Massachusetts",1972,BU,Hyde Park,Massachusetts
Bishop,Bill,Bill Bishop,- ,,"Owen Sound, Ontario",1972,BU,Owen Sound,Ontario
Burlington,Bill,Bill Burlington,- ,,"Owen Sound, Ontario",1972,BU,Owen Sound,Ontario
Cournoyea,Ray,Ray Cournoyea,5-9 ,8/6/1950,"Niagara Falls, Ontario",1972,BU,Niagara Falls,Ontario
Decloe,Dick,Dick Decloe,6-4 ,5/20/1953,"Amsterdam, Netherlands",1972,BU,Amsterdam,Netherlands
Doloff,Steve,Steve Doloff,5-10,,"Melrose, Massachusetts",1972,BU,Melrose,Massachusetts
Glover,Jim,Jim Glover,- ,,"Mississauga, Ontario",1972,BU,Mississauga,Ontario
Kuzyk,Ken,Ken Kuzyk,6-1 ,8/11/1953,"Toronto, Ontario",1972,BU,Toronto,Ontario
Lowell,Jim,Jim Lowell,- ,,"Glen Head, New York",1972,BU,Glen Head,New York
Marzo,Peter,Peter Marzo,- ,,"Acton, Ontario",1972,BU,Acton,Ontario
O'Neil,Paul,Paul O'Neil,6-1 ,8/24/1953,"Boston, Massachusetts",1972,BU,Boston,Massachusetts
Robbins,Bill,Bill Robbins,- ,11/21/1952,"Belleville, Ontario",1972,BU,Belleville,Ontario
Sennett,Dana,Dana Sennett,- ,,"Waterville, Maine",1972,BU,Waterville,Maine
Wisener,David,David Wisener,5-10,12/10/1950,"Pictou, Nova Scotia",1972,BU,Pictou,Nova Scotia
Bresnehan,John,John Bresnehan,- ,,"Westport, Connecticut",1972,BU,Westport,Connecticut
Robillard,Joe,Joe Robillard,- ,,"Woburn, Massachusetts",1972,BU,Woburn,Massachusetts
Walsh,Ed,Ed Walsh,5-10,8/18/1951,"Somerville, Massachusetts",1972,BU,Somerville,Massachusetts
Bannerman,Chris,Chris Bannerman,- ,,"Elliot Lake, Ontario",1973,BU,Elliot Lake,Ontario
Brown,Peter,Peter Brown,6-2 ,5/21/1954,"Boston, Massachusetts",1973,BU,Boston,Massachusetts
Fay,Gary,Gary Fay,- ,10/23/1955,"Brookline, Massachusetts",1973,BU,Brookline,Massachusetts
Gryp,Jerry,Jerry Gryp,5-10,7/27/1952,"Chatham, Ontario",1973,BU,Chatham,Ontario
Stanfield,Vic,Vic Stanfield,5-10,5/12/1951,"Mississauga, Ontario",1973,BU,Mississauga,Ontario
Sunderland,Bob,Bob Sunderland,6-2 ,3/27/1955,"Braintree, Massachusetts",1973,BU,Braintree,Massachusetts
'Buddy' Powers,Francis,Buddy Powers,- ,,"Hyde Park, Massachusetts",1973,BU,Hyde Park,Massachusetts
Bishop,Bill,Bill Bishop,- ,,"Owen Sound, Ontario",1973,BU,Owen Sound,Ontario
Buckton,Bill,Bill Buckton,- ,,"Southampton, Ontario",1973,BU,Southampton,Ontario
Burlington,Bill,Bill Burlington,- ,,"Owen Sound, Ontario",1973,BU,Owen Sound,Ontario
Cournoyea,Ray,Ray Cournoyea,5-9 ,8/6/1950,"Niagara Falls, Ontario",1973,BU,Niagara Falls,Ontario
Eruzione,Mike,Mike Eruzione,5-10,10/25/1954,"Winthrop, Massachusetts",1973,BU,Winthrop,Massachusetts
Glover,Jim,Jim Glover,- ,,"Mississauga, Ontario",1973,BU,Mississauga,Ontario
Kuzyk,Ken,Ken Kuzyk,6-1 ,8/11/1953,"Toronto, Ontario",1973,BU,Toronto,Ontario
Lowell,Jim,Jim Lowell,- ,,"Glen Head, New York",1973,BU,Glen Head,New York
Marzo,Peter,Peter Marzo,- ,,"Acton, Ontario",1973,BU,Acton,Ontario
McClellan,John,John McClellan,5-11,7/9/1955,"Boston, Massachusetts",1973,BU,Boston,Massachusetts
Meagher,Rick,Rick Meagher,5-9 ,11/2/1953,"Belleville, Ontario",1973,BU,Belleville,Ontario
Meagher,Terry,Terry Meagher,- ,,"Belleville, Ontario",1973,BU,Belleville,Ontario
Mescon,Stan,Stan Mescon,- ,,,1973,BU,,
Robbins,Bill,Bill Robbins,- ,11/21/1952,"Belleville, Ontario",1973,BU,Belleville,Ontario
Sennett,Dana,Dana Sennett,- ,,"Waterville, Maine",1973,BU,Waterville,Maine
Devlin,Pat,Pat Devlin,- ,,"Milton, Ontario",1973,BU,Milton,Ontario
Robillard,Joe,Joe Robillard,- ,,"Woburn, Massachusetts",1973,BU,Woburn,Massachusetts
Walsh,Ed,Ed Walsh,5-10,8/18/1951,"Somerville, Massachusetts",1973,BU,Somerville,Massachusetts
Bannerman,Chris,Chris Bannerman,- ,,"Elliot Lake, Ontario",1974,BU,Elliot Lake,Ontario
Brown,Peter,Peter Brown,6-2 ,5/21/1954,"Boston, Massachusetts",1974,BU,Boston,Massachusetts
Dudley,Bob,Bob Dudley,- ,10/07/1955,"Belleville, Ontario",1974,BU,Belleville,Ontario
Fay,Gary,Gary Fay,- ,10/23/1955,"Brookline, Massachusetts",1974,BU,Brookline,Massachusetts
Gryp,Jerry,Jerry Gryp,5-10,7/27/1952,"Chatham, Ontario",1974,BU,Chatham,Ontario
Stanfield,Vic,Vic Stanfield,5-10,5/12/1951,"Mississauga, Ontario",1974,BU,Mississauga,Ontario
Sunderland,Bob,Bob Sunderland,6-2 ,3/27/1955,"Braintree, Massachusetts",1974,BU,Braintree,Massachusetts
'Buddy' Powers,Francis,Buddy Powers,- ,,"Hyde Park, Massachusetts",1974,BU,Hyde Park,Massachusetts
Allan,Mike,Mike Allan,- ,,"Mississauga, Ontario",1974,BU,Mississauga,Ontario
Bishop,Bill,Bill Bishop,- ,,"Owen Sound, Ontario",1974,BU,Owen Sound,Ontario
Buckton,Bill,Bill Buckton,- ,,"Southampton, Ontario",1974,BU,Southampton,Ontario
Burlington,Bill,Bill Burlington,- ,,"Owen Sound, Ontario",1974,BU,Owen Sound,Ontario
Eruzione,Mike,Mike Eruzione,5-10,10/25/1954,"Winthrop, Massachusetts",1974,BU,Winthrop,Massachusetts
Fidler,Mike,Mike Fidler,5-11,8/19/1956,"Everett, Massachusetts",1974,BU,Everett,Massachusetts
Glover,Jim,Jim Glover,- ,,"Mississauga, Ontario",1974,BU,Mississauga,Ontario
Kuzyk,Ken,Ken Kuzyk,6-1 ,8/11/1953,"Toronto, Ontario",1974,BU,Toronto,Ontario
Lowell,Jim,Jim Lowell,- ,,"Glen Head, New York",1974,BU,Glen Head,New York
Marzo,Peter,Peter Marzo,- ,,"Acton, Ontario",1974,BU,Acton,Ontario
McClellan,John,John McClellan,5-11,7/9/1955,"Boston, Massachusetts",1974,BU,Boston,Massachusetts
Meagher,Terry,Terry Meagher,- ,,"Belleville, Ontario",1974,BU,Belleville,Ontario
Meagher,Rick,Rick Meagher,5-9 ,11/2/1953,"Belleville, Ontario",1974,BU,Belleville,Ontario
Robbins,Bill,Bill Robbins,- ,11/21/1952,"Belleville, Ontario",1974,BU,Belleville,Ontario
Russell,Bill,Bill Russell,- ,,"Billerica, Massachusetts",1974,BU,Billerica,Massachusetts
Devlin,Pat,Pat Devlin,- ,,"Milton, Ontario",1974,BU,Milton,Ontario
Durocher,Brian,Brian Durocher,- ,10/18/1956,"Longmeadow, Massachusetts",1974,BU,Longmeadow,Massachusetts
Bannerman,Chris,Chris Bannerman,- ,,"Elliot Lake, Ontario",1975,BU,Elliot Lake,Ontario
Boileau,Robert,Robert Boileau,6-0 ,3/25/1957,"Pointe-Claire, Quebec",1975,BU,Pointe-Claire,Quebec
Brown,Peter,Peter Brown,6-2 ,5/21/1954,"Boston, Massachusetts",1975,BU,Boston,Massachusetts
Dudley,Bob,Bob Dudley,- ,10/07/1955,"Belleville, Ontario",1975,BU,Belleville,Ontario
Fay,Gary,Gary Fay,- ,10/23/1955,"Brookline, Massachusetts",1975,BU,Brookline,Massachusetts
Fox,John,John Fox,- ,03/30/1956,"Willowdale, Ontario",1975,BU,Willowdale,Ontario
Gryp,Jerry,Jerry Gryp,5-10,7/27/1952,"Chatham, Ontario",1975,BU,Chatham,Ontario
O'Callahan,Jack,Jack O'Callahan,6-1 ,6/24/1957,"Charlestown, Massachusetts",1975,BU,Charlestown,Massachusetts
O'Neill,Bill,Bill O'Neill,- ,,"Lynn, Massachusetts",1975,BU,Lynn,Massachusetts
Sunderland,Bob,Bob Sunderland,6-2 ,3/27/1955,"Braintree, Massachusetts",1975,BU,Braintree,Massachusetts
Buckton,Bill,Bill Buckton,- ,,"Southampton, Ontario",1975,BU,Southampton,Ontario
Eruzione,Mike,Mike Eruzione,5-10,10/25/1954,"Winthrop, Massachusetts",1975,BU,Winthrop,Massachusetts
Fidler,Mike,Mike Fidler,5-11,8/19/1956,"Everett, Massachusetts",1975,BU,Everett,Massachusetts
Hetnik,Marc,Marc Hetnik,5-10,11/25/1956,"Meriden, Connecticut",1975,BU,Meriden,Connecticut
Kuzyk,Ken,Ken Kuzyk,6-1 ,8/11/1953,"Toronto, Ontario",1975,BU,Toronto,Ontario
Marden,Matt,Matt Marden,- ,06/24/1956,"Malden, Massachusetts",1975,BU,Malden,Massachusetts
Marzo,Peter,Peter Marzo,- ,,"Acton, Ontario",1975,BU,Acton,Ontario
McClellan,John,John McClellan,5-11,7/9/1955,"Boston, Massachusetts",1975,BU,Boston,Massachusetts
Meagher,Terry,Terry Meagher,- ,,"Belleville, Ontario",1975,BU,Belleville,Ontario
Meagher,Rick,Rick Meagher,5-9 ,11/2/1953,"Belleville, Ontario",1975,BU,Belleville,Ontario
Mullen,Mickey,Mickey Mullen,- ,06/28/1956,"Sarnia, Ontario",1975,BU,Sarnia,Ontario
Mullins,Vince,Vince Mullins,- ,07/22/1955,"Tecumseh, Ontario",1975,BU,Tecumseh,Ontario
Robbins,Bill,Bill Robbins,- ,11/21/1952,"Belleville, Ontario",1975,BU,Belleville,Ontario
Devlin,Pat,Pat Devlin,- ,,"Milton, Ontario",1975,BU,Milton,Ontario
Durocher,Brian,Brian Durocher,- ,10/18/1956,"Longmeadow, Massachusetts",1975,BU,Longmeadow,Massachusetts
Boileau,Robert,Robert Boileau,6-0 ,3/25/1957,"Pointe-Claire, Quebec",1976,BU,Pointe-Claire,Quebec
Dudley,Bob,Bob Dudley,- ,10/07/1955,"Belleville, Ontario",1976,BU,Belleville,Ontario
Fay,Gary,Gary Fay,- ,10/23/1955,"Brookline, Massachusetts",1976,BU,Brookline,Massachusetts
Fox,John,John Fox,- ,03/30/1956,"Willowdale, Ontario",1976,BU,Willowdale,Ontario
Lamby,Dick,Dick Lamby,6-1 ,5/3/1955,"Worcester, Massachusetts",1976,BU,Worcester,Massachusetts
McMahon,Pat,Pat McMahon,- ,,"Winnetka, Illinois",1976,BU,Winnetka,Illinois
Nieland,Scott,Scott Nieland,- ,,"Edina, Minnesota",1976,BU,Edina,Minnesota
O'Callahan,Jack,Jack O'Callahan,6-1 ,6/24/1957,"Charlestown, Massachusetts",1976,BU,Charlestown,Massachusetts
O'Neill,Bill,Bill O'Neill,- ,,"Lynn, Massachusetts",1976,BU,Lynn,Massachusetts
Bethel,John,John Bethel,5-11,1/15/1957,"Montreal, Quebec",1976,BU,Montreal,Quebec
Corriveau,John,John Corriveau,6-1 ,7/1/1955,"Manchester, New Hampshire",1976,BU,Manchester,New Hampshire
Eruzione,Mike,Mike Eruzione,5-10,10/25/1954,"Winthrop, Massachusetts",1976,BU,Winthrop,Massachusetts
Gibson,Steve,Steve Gibson,- ,06/02/1956,"Montreal, Quebec",1976,BU,Montreal,Quebec
Hetnik,Marc,Marc Hetnik,5-10,11/25/1956,"Meriden, Connecticut",1976,BU,Meriden,Connecticut
LeBlond,Bill,Bill LeBlond,- ,01/11/1957,"New Canaan, Connecticut",1976,BU,New Canaan,Connecticut
Marden,Matt,Matt Marden,- ,06/24/1956,"Malden, Massachusetts",1976,BU,Malden,Massachusetts
McClellan,John,John McClellan,5-11,7/9/1955,"Boston, Massachusetts",1976,BU,Boston,Massachusetts
Meagher,Tony,Tony Meagher,5-9 ,,"Belleville, Ontario",1976,BU,Belleville,Ontario
Meagher,Rick,Rick Meagher,5-9 ,11/2/1953,"Belleville, Ontario",1976,BU,Belleville,Ontario
Melanson,John,John Melanson,- ,03/29/1957,"Wakefield, Massachusetts",1976,BU,Wakefield,Massachusetts
Mullen,Mickey,Mickey Mullen,- ,06/28/1956,"Sarnia, Ontario",1976,BU,Sarnia,Ontario
Mullins,Vince,Vince Mullins,- ,07/22/1955,"Tecumseh, Ontario",1976,BU,Tecumseh,Ontario
Pidgeon,Mike,Mike Pidgeon,6-2 ,1/27/1958,"Oshawa, Ontario",1976,BU,Oshawa,Ontario
Silk,Dave,Dave Silk,5-11,1/1/1958,"Scituate, Massachusetts",1976,BU,Scituate,Massachusetts
Craig,Jim,Jim Craig,6-1 ,5/31/1957,"Easton, Massachusetts",1976,BU,Easton,Massachusetts
Durocher,Brian,Brian Durocher,- ,10/18/1956,"Longmeadow, Massachusetts",1976,BU,Longmeadow,Massachusetts
Boileau,Robert,Robert Boileau,6-0 ,3/25/1957,"Pointe-Claire, Quebec",1977,BU,Pointe-Claire,Quebec
Fox,John,John Fox,- ,03/30/1956,"Willowdale, Ontario",1977,BU,Willowdale,Ontario
Lamby,Dick,Dick Lamby,6-1 ,5/3/1955,"Worcester, Massachusetts",1977,BU,Worcester,Massachusetts
Nieland,Scott,Scott Nieland,- ,,"Edina, Minnesota",1977,BU,Edina,Minnesota
O'Callahan,Jack,Jack O'Callahan,6-1 ,6/24/1957,"Charlestown, Massachusetts",1977,BU,Charlestown,Massachusetts
O'Connor,Brian,Brian O'Connor,- ,,,1977,BU,,
O'Neill,Bill,Bill O'Neill,- ,,"Lynn, Massachusetts",1977,BU,Lynn,Massachusetts
Bethel,John,John Bethel,5-11,1/15/1957,"Montreal, Quebec",1977,BU,Montreal,Quebec
Corriveau,John,John Corriveau,6-1 ,7/1/1955,"Manchester, New Hampshire",1977,BU,Manchester,New Hampshire
Cotter,Bill,Bill Cotter,- ,4/22/1959,"Charlestown, Massachusetts",1977,BU,Charlestown,Massachusetts
Fidler,Mark,Mark Fidler,- ,,"Charlestown, Massachusetts",1977,BU,Charlestown,Massachusetts
Hetnik,Marc,Marc Hetnik,5-10,11/25/1956,"Meriden, Connecticut",1977,BU,Meriden,Connecticut
Johnson,Todd,Todd Johnson,- ,4/16/1958,"Wayland, Massachusetts",1977,BU,Wayland,Massachusetts
Kimball,Tim,Tim Kimball,- ,,"Beverly, Massachusetts",1977,BU,Beverly,Massachusetts
LeBlond,Bill,Bill LeBlond,- ,01/11/1957,"New Canaan, Connecticut",1977,BU,New Canaan,Connecticut
MacLeod,Daryl,Daryl MacLeod,- ,2/10/1960,"Charleston, Massachusetts",1977,BU,Charleston,Massachusetts
Marden,Matt,Matt Marden,- ,06/24/1956,"Malden, Massachusetts",1977,BU,Malden,Massachusetts
Meagher,Tony,Tony Meagher,5-9 ,,"Belleville, Ontario",1977,BU,Belleville,Ontario
Melanson,John,John Melanson,- ,03/29/1957,"Wakefield, Massachusetts",1977,BU,Wakefield,Massachusetts
Miller,Paul,Paul Miller,5-10,8/21/1959,"Billerica, Massachusetts",1977,BU,Billerica,Massachusetts
Mullen,Mickey,Mickey Mullen,- ,06/28/1956,"Sarnia, Ontario",1977,BU,Sarnia,Ontario
Silk,Dave,Dave Silk,5-11,1/1/1958,"Scituate, Massachusetts",1977,BU,Scituate,Massachusetts
Craig,Jim,Jim Craig,6-1 ,5/31/1957,"Easton, Massachusetts",1977,BU,Easton,Massachusetts
Durocher,Brian,Brian Durocher,- ,10/18/1956,"Longmeadow, Massachusetts",1977,BU,Longmeadow,Massachusetts
Wels,Robert,Robert Wels,- ,,,1977,BU,,
Boileau,Robert,Robert Boileau,6-0 ,3/25/1957,"Pointe-Claire, Quebec",1978,BU,Pointe-Claire,Quebec
Fox,John,John Fox,- ,03/30/1956,"Willowdale, Ontario",1978,BU,Willowdale,Ontario
Nieland,Scott,Scott Nieland,- ,,"Edina, Minnesota",1978,BU,Edina,Minnesota
O'Callahan,Jack,Jack O'Callahan,6-1 ,6/24/1957,"Charlestown, Massachusetts",1978,BU,Charlestown,Massachusetts
O'Neill,Bill,Bill O'Neill,- ,,"Lynn, Massachusetts",1978,BU,Lynn,Massachusetts
Whelton,Bill,Bill Whelton,6-1 ,8/28/1958,"Everett, Massachusetts",1978,BU,Everett,Massachusetts
Bethel,John,John Bethel,5-11,1/15/1957,"Montreal, Quebec",1978,BU,Montreal,Quebec
Corriveau,John,John Corriveau,6-1 ,7/1/1955,"Manchester, New Hampshire",1978,BU,Manchester,New Hampshire
Cotter,Bill,Bill Cotter,- ,4/22/1959,"Charlestown, Massachusetts",1978,BU,Charlestown,Massachusetts
Davies,Rob,Rob Davies,5-9 ,12/18/1958,"Pointe-Claire, Quebec",1978,BU,Pointe-Claire,Quebec
Fidler,Mark,Mark Fidler,- ,,"Charlestown, Massachusetts",1978,BU,Charlestown,Massachusetts
Goegan,Grant,Grant Goegan,5-11,1/15/1955,"Victoria, British Columbia",1978,BU,Victoria,British Columbia
Hetnik,Marc,Marc Hetnik,5-10,11/25/1956,"Meriden, Connecticut",1978,BU,Meriden,Connecticut
Johnson,Todd,Todd Johnson,- ,4/16/1958,"Wayland, Massachusetts",1978,BU,Wayland,Massachusetts
Kimball,Tim,Tim Kimball,- ,,"Beverly, Massachusetts",1978,BU,Beverly,Massachusetts
LeBlond,Bill,Bill LeBlond,- ,01/11/1957,"New Canaan, Connecticut",1978,BU,New Canaan,Connecticut
MacLeod,Daryl,Daryl MacLeod,- ,2/10/1960,"Charleston, Massachusetts",1978,BU,Charleston,Massachusetts
Marshall,Donald,Donald Marshall,5-8 ,,"Hull, Massachusetts",1978,BU,Hull,Massachusetts
Meagher,Tony,Tony Meagher,5-9 ,,"Belleville, Ontario",1978,BU,Belleville,Ontario
Melanson,John,John Melanson,- ,03/29/1957,"Wakefield, Massachusetts",1978,BU,Wakefield,Massachusetts
Miller,Paul,Paul Miller,5-10,8/21/1959,"Billerica, Massachusetts",1978,BU,Billerica,Massachusetts
Mullen,Mickey,Mickey Mullen,- ,06/28/1956,"Sarnia, Ontario",1978,BU,Sarnia,Ontario
Silk,Dave,Dave Silk,5-11,1/1/1958,"Scituate, Massachusetts",1978,BU,Scituate,Massachusetts
Van Luvan,Ken,Ken Van Luvan,- ,,,1978,BU,,
Craig,Jim,Jim Craig,6-1 ,5/31/1957,"Easton, Massachusetts",1978,BU,Easton,Massachusetts
Weisman,Jeff,Jeff Weisman,- ,06/16/1959,"Clayton, Missouri",1978,BU,Clayton,Missouri
Wels,Robert,Robert Wels,- ,,,1978,BU,,
O'Regan,Tom,Tom O'Regan,5-11,12/29/1961,"Cambridge, Massachusetts",1979,BU,Cambridge,Massachusetts
Callaghan,Kevin,Kevin Callaghan,- ,,,1979,BU,,
Klapes,George,George Klapes,- ,11/22/1960,"Brookline, Massachusetts",1979,BU,Brookline,Massachusetts
Nieland,Scott,Scott Nieland,- ,,"Edina, Minnesota",1979,BU,Edina,Minnesota
Simpson,Steve,Steve Simpson,- ,05/26/1959,"Boxford, Massachusetts",1979,BU,Boxford,Massachusetts
Whelton,Bill,Bill Whelton,6-1 ,8/28/1958,"Everett, Massachusetts",1979,BU,Everett,Massachusetts
August,Jerry,Jerry August,5-11,11/21/1960,"Somerville, Massachusetts",1979,BU,Somerville,Massachusetts
Carnevale,Dan,Dan Carnevale,- ,12/07/1960,"Beverly, Massachusetts",1979,BU,Beverly,Massachusetts
Cotter,Bill,Bill Cotter,- ,4/22/1959,"Charlestown, Massachusetts",1979,BU,Charlestown,Massachusetts
Davies,Rob,Rob Davies,5-9 ,12/18/1958,"Pointe-Claire, Quebec",1979,BU,Pointe-Claire,Quebec
Fenton,Paul,Paul Fenton,5-11,12/22/1959,"Springfield, Massachusetts",1979,BU,Springfield,Massachusetts
Fidler,Mark,Mark Fidler,- ,,"Charlestown, Massachusetts",1979,BU,Charlestown,Massachusetts
Goegan,Grant,Grant Goegan,5-11,1/15/1955,"Victoria, British Columbia",1979,BU,Victoria,British Columbia
Johnson,Todd,Todd Johnson,- ,4/16/1958,"Wayland, Massachusetts",1979,BU,Wayland,Massachusetts
Kimball,Tim,Tim Kimball,- ,,"Beverly, Massachusetts",1979,BU,Beverly,Massachusetts
LeBlond,Bill,Bill LeBlond,- ,01/11/1957,"New Canaan, Connecticut",1979,BU,New Canaan,Connecticut
MacLeod,Daryl,Daryl MacLeod,- ,2/10/1960,"Charleston, Massachusetts",1979,BU,Charleston,Massachusetts
Marshall,Donald,Donald Marshall,5-8 ,,"Hull, Massachusetts",1979,BU,Hull,Massachusetts
Meagher,Tony,Tony Meagher,5-9 ,,"Belleville, Ontario",1979,BU,Belleville,Ontario
Melanson,John,John Melanson,- ,03/29/1957,"Wakefield, Massachusetts",1979,BU,Wakefield,Massachusetts
Miller,Paul,Paul Miller,5-10,8/21/1959,"Billerica, Massachusetts",1979,BU,Billerica,Massachusetts
Sinclair,Marc,Marc Sinclair,- ,04/12/1960,"Mississauga, Ontario",1979,BU,Mississauga,Ontario
Barich,Bob,Bob Barich,- ,06/29/1960,"Spring Valley, New York",1979,BU,Spring Valley,New York
Weisman,Jeff,Jeff Weisman,- ,06/16/1959,"Clayton, Missouri",1979,BU,Clayton,Missouri
O'Regan,Tom,Tom O'Regan,5-11,12/29/1961,"Cambridge, Massachusetts",1980,BU,Cambridge,Massachusetts
Connolly,T.J.,T.J. Connolly,- ,01/10/1962,"Quincy, Massachusetts",1980,BU,Quincy,Massachusetts
Dunbar,Dale,Dale Dunbar,6-0 ,10/14/1961,"Winthrop, Massachusetts",1980,BU,Winthrop,Massachusetts
Jantzi,Mike,Mike Jantzi,- ,10/19/1962,"Getzville, New York",1980,BU,Getzville,New York
Klapes,George,George Klapes,- ,11/22/1960,"Brookline, Massachusetts",1980,BU,Brookline,Massachusetts
Milton,Bruce,Bruce Milton,6-3 ,6/24/1962,"Brookline, Massachusetts",1980,BU,Brookline,Massachusetts
Simpson,Steve,Steve Simpson,- ,05/26/1959,"Boxford, Massachusetts",1980,BU,Boxford,Massachusetts
Smith,Les,Les Smith,- ,,"Mississauga, Ontario",1980,BU,Mississauga,Ontario
Whelton,Bill,Bill Whelton,6-1 ,8/28/1958,"Everett, Massachusetts",1980,BU,Everett,Massachusetts
August,Jerry,Jerry August,5-11,11/21/1960,"Somerville, Massachusetts",1980,BU,Somerville,Massachusetts
Burdett,Danny,Danny Burdett,- ,,,1980,BU,,
Carnevale,Dan,Dan Carnevale,- ,12/07/1960,"Beverly, Massachusetts",1980,BU,Beverly,Massachusetts
Cotter,Bill,Bill Cotter,- ,4/22/1959,"Charlestown, Massachusetts",1980,BU,Charlestown,Massachusetts
Darling,Bob,Bob Darling,5-11,,"Mississauga, Ontario",1980,BU,Mississauga,Ontario
Davies,Rob,Rob Davies,5-9 ,12/18/1958,"Pointe-Claire, Quebec",1980,BU,Pointe-Claire,Quebec
Fenton,Paul,Paul Fenton,5-11,12/22/1959,"Springfield, Massachusetts",1980,BU,Springfield,Massachusetts
Fidler,Mark,Mark Fidler,- ,,"Charlestown, Massachusetts",1980,BU,Charlestown,Massachusetts
Johnson,Todd,Todd Johnson,- ,4/16/1958,"Wayland, Massachusetts",1980,BU,Wayland,Massachusetts
Kimball,Tim,Tim Kimball,- ,,"Beverly, Massachusetts",1980,BU,Beverly,Massachusetts
Luimes,John,John Luimes,- ,,,1980,BU,,
MacLeod,Daryl,Daryl MacLeod,- ,2/10/1960,"Charleston, Massachusetts",1980,BU,Charleston,Massachusetts
Mays,Chris,Chris Mays,- ,02/04/1961,"Weston, Ontario",1980,BU,Weston,Ontario
Pierog,Mark,Mark Pierog,6-0 ,01/09/1961,"Mississauga, Ontario",1980,BU,Mississauga,Ontario
Sinclair,Marc,Marc Sinclair,- ,04/12/1960,"Mississauga, Ontario",1980,BU,Mississauga,Ontario
Barich,Bob,Bob Barich,- ,06/29/1960,"Spring Valley, New York",1980,BU,Spring Valley,New York
Daskalakis,Cleon,Cleon Daskalakis,5-9 ,9/29/1962,"Boston, Massachusetts",1980,BU,Boston,Massachusetts
Weisman,Jeff,Jeff Weisman,- ,06/16/1959,"Clayton, Missouri",1980,BU,Clayton,Missouri
O'Regan,Tom,Tom O'Regan,5-11,12/29/1961,"Cambridge, Massachusetts",1981,BU,Cambridge,Massachusetts
Connolly,T.J.,T.J. Connolly,- ,01/10/1962,"Quincy, Massachusetts",1981,BU,Quincy,Massachusetts
Delorey,Joe,Joe Delorey,- ,2/9/1963,"Concord, Massachusetts",1981,BU,Concord,Massachusetts
Dunbar,Dale,Dale Dunbar,6-0 ,10/14/1961,"Winthrop, Massachusetts",1981,BU,Winthrop,Massachusetts
Jantzi,Mike,Mike Jantzi,- ,10/19/1962,"Getzville, New York",1981,BU,Getzville,New York
Klapes,George,George Klapes,- ,11/22/1960,"Brookline, Massachusetts",1981,BU,Brookline,Massachusetts
Milton,Bruce,Bruce Milton,6-3 ,6/24/1962,"Brookline, Massachusetts",1981,BU,Brookline,Massachusetts
August,Jerry,Jerry August,5-11,11/21/1960,"Somerville, Massachusetts",1981,BU,Somerville,Massachusetts
Barker,Fred,Fred Barker,- ,09/17/1962,"Franklin, Massachusetts",1981,BU,Franklin,Massachusetts
Carlacci,Cesare,Cesare Carlacci,5-5 ,7/14/1960,"Ceprano, Italy",1981,BU,Ceprano,Italy
Carnevale,Dan,Dan Carnevale,- ,12/07/1960,"Beverly, Massachusetts",1981,BU,Beverly,Massachusetts
Darling,Bob,Bob Darling,5-11,07/03/1961,"Mississauga, Ontario",1981,BU,Mississauga,Ontario
Davies,Rob,Rob Davies,5-9 ,12/18/1958,"Pointe-Claire, Quebec",1981,BU,Pointe-Claire,Quebec
Fenton,Paul,Paul Fenton,5-11,12/22/1959,"Springfield, Massachusetts",1981,BU,Springfield,Massachusetts
LaGarde,Denis,Denis LaGarde,- ,10/29/1960,"Roxboro, Quebec",1981,BU,Roxboro,Quebec
Little,Tim,Tim Little,- ,01/07/1961,"Haileybury, Ontario",1981,BU,Haileybury,Ontario
Manty,Scott,Scott Manty,- ,11/02/1962,"Walpole, Massachusetts",1981,BU,Walpole,Massachusetts
Mays,Chris,Chris Mays,- ,02/04/1961,"Weston, Ontario",1981,BU,Weston,Ontario
Mutch,Kevin,Kevin Mutch,- ,4/27/1962,"Canton, Massachusetts",1981,BU,Canton,Massachusetts
Pierog,Mark,Mark Pierog,6-0 ,01/09/1961,"Mississauga, Ontario",1981,BU,Mississauga,Ontario
Sinclair,Marc,Marc Sinclair,- ,04/12/1960,"Mississauga, Ontario",1981,BU,Mississauga,Ontario
Barich,Bob,Bob Barich,- ,06/29/1960,"Spring Valley, New York",1981,BU,Spring Valley,New York
Daskalakis,Cleon,Cleon Daskalakis,5-9 ,9/29/1962,"Boston, Massachusetts",1981,BU,Boston,Massachusetts
O'Regan,Tom,Tom O'Regan,5-11,12/29/1961,"Cambridge, Massachusetts",1982,BU,Cambridge,Massachusetts
Cappellano,Joe,Joe Cappellano,- ,02/29/1964,"Weymouth, Massachusetts",1982,BU,Weymouth,Massachusetts
Connolly,T.J.,T.J. Connolly,- ,01/10/1962,"Quincy, Massachusetts",1982,BU,Quincy,Massachusetts
Delorey,Joe,Joe Delorey,- ,2/9/1963,"Concord, Massachusetts",1982,BU,Concord,Massachusetts
Dunbar,Dale,Dale Dunbar,6-0 ,10/14/1961,"Winthrop, Massachusetts",1982,BU,Winthrop,Massachusetts
Klapes,George,George Klapes,- ,11/22/1960,"Brookline, Massachusetts",1982,BU,Brookline,Massachusetts
Matchett,Chris,Chris Matchett,5-9 ,6/9/1964,"Calgary, Alberta",1982,BU,Calgary,Alberta
August,Jerry,Jerry August,5-11,11/21/1960,"Somerville, Massachusetts",1982,BU,Somerville,Massachusetts
Carlacci,Cesare,Cesare Carlacci,5-5 ,7/14/1960,"Ceprano, Italy",1982,BU,Ceprano,Italy
Carnevale,Dan,Dan Carnevale,- ,12/07/1960,"Beverly, Massachusetts",1982,BU,Beverly,Massachusetts
Darling,Bob,Bob Darling,5-11,07/03/1961,"Mississauga, Ontario",1982,BU,Mississauga,Ontario
Gerlitz,Paul,Paul Gerlitz,6-0 ,3/23/1963,"Calgary, Alberta",1982,BU,Calgary,Alberta
LaGarde,Denis,Denis LaGarde,- ,10/29/1960,"Roxboro, Quebec",1982,BU,Roxboro,Quebec
Little,Tim,Tim Little,- ,01/07/1961,"Haileybury, Ontario",1982,BU,Haileybury,Ontario
MacGregor,Brad,Brad MacGregor,6-1 ,7/22/1964,"Edmonton, Alberta",1982,BU,Edmonton,Alberta
Majkozak,Tony,Tony Majkozak,5-8 ,12/17/1963,"Minneapolis, Minnesota",1982,BU,Minneapolis,Minnesota
Marshall,Peter,Peter Marshall,5-8 ,10/14/1963,"Beverly, Massachusetts",1982,BU,Beverly,Massachusetts
Mays,Chris,Chris Mays,- ,02/04/1961,"Weston, Ontario",1982,BU,Weston,Ontario
Mutch,Kevin,Kevin Mutch,- ,4/27/1962,"Canton, Massachusetts",1982,BU,Canton,Massachusetts
Pierog,Mark,Mark Pierog,6-0 ,01/09/1961,"Mississauga, Ontario",1982,BU,Mississauga,Ontario
Sinclair,Marc,Marc Sinclair,- ,04/12/1960,"Mississauga, Ontario",1982,BU,Mississauga,Ontario
Sullivan,Chuck,Chuck Sullivan,- ,07/28/1964,"Winthrop, Massachusetts",1982,BU,Winthrop,Massachusetts
Tiano,John,John Tiano,5-11,04/25/1964,"Winthrop, Massachusetts",1982,BU,Winthrop,Massachusetts
Van Camp,Carl,Carl Van Camp,- ,02/07/1963,"Melfort, Saskatchewan",1982,BU,Melfort,Saskatchewan
Barich,Bob,Bob Barich,- ,06/29/1960,"Spring Valley, New York",1982,BU,Spring Valley,New York
Daskalakis,Cleon,Cleon Daskalakis,5-9 ,9/29/1962,"Boston, Massachusetts",1982,BU,Boston,Massachusetts
Cappellano,Joe,Joe Cappellano,- ,02/29/1964,"Weymouth, Massachusetts",1983,BU,Weymouth,Massachusetts
Connolly,T.J.,T.J. Connolly,- ,01/10/1962,"Quincy, Massachusetts",1983,BU,Quincy,Massachusetts
Delorey,Joe,Joe Delorey,- ,2/9/1963,"Concord, Massachusetts",1983,BU,Concord,Massachusetts
Dunbar,Dale,Dale Dunbar,6-0 ,10/14/1961,"Winthrop, Massachusetts",1983,BU,Winthrop,Massachusetts
Matchett,Chris,Chris Matchett,5-9 ,6/9/1964,"Calgary, Alberta",1983,BU,Calgary,Alberta
Octeau,Jay,Jay Octeau,5-10,3/24/1965,"Providence, Rhode Island",1983,BU,Providence,Rhode Island
Shaunessy,Scott,Scott Shaunessy,6-4 ,1/22/1964,"Newport, Rhode Island",1983,BU,Newport,Rhode Island
Thiesing,David,David Thiesing,5-11,1/14/1965,"Westborough, Massachusetts",1983,BU,Westborough,Massachusetts
Carlacci,Cesare,Cesare Carlacci,5-5 ,7/14/1960,"Ceprano, Italy",1983,BU,Ceprano,Italy
Crozier,Steve,Steve Crozier,- ,,"Niskayuna, New York",1983,BU,Niskayuna,New York
Cullen,John,John Cullen,5-10,8/2/1964,"Puslinch, Ontario",1983,BU,Puslinch,Ontario
Darling,Bob,Bob Darling,5-11,07/03/1961,"Mississauga, Ontario",1983,BU,Mississauga,Ontario
Gerlitz,Paul,Paul Gerlitz,6-0 ,3/23/1963,"Calgary, Alberta",1983,BU,Calgary,Alberta
LaGarde,Denis,Denis LaGarde,- ,10/29/1960,"Roxboro, Quebec",1983,BU,Roxboro,Quebec
Lowney,Ed,Ed Lowney,6-2 ,10/6/1965,"Revere, Massachusetts",1983,BU,Revere,Massachusetts
MacGregor,Brad,Brad MacGregor,6-1 ,7/22/1964,"Edmonton, Alberta",1983,BU,Edmonton,Alberta
Majkozak,Tony,Tony Majkozak,5-8 ,12/17/1963,"Minneapolis, Minnesota",1983,BU,Minneapolis,Minnesota
Marshall,Peter,Peter Marshall,5-8 ,10/14/1963,"Beverly, Massachusetts",1983,BU,Beverly,Massachusetts
Mays,Chris,Chris Mays,- ,02/04/1961,"Weston, Ontario",1983,BU,Weston,Ontario
Mutch,Kevin,Kevin Mutch,- ,4/27/1962,"Canton, Massachusetts",1983,BU,Canton,Massachusetts
Pierog,Mark,Mark Pierog,6-0 ,01/09/1961,"Mississauga, Ontario",1983,BU,Mississauga,Ontario
Sullivan,Chuck,Chuck Sullivan,- ,07/28/1964,"Winthrop, Massachusetts",1983,BU,Winthrop,Massachusetts
Tiano,John,John Tiano,5-11,04/25/1964,"Winthrop, Massachusetts",1983,BU,Winthrop,Massachusetts
Daskalakis,Cleon,Cleon Daskalakis,5-9 ,9/29/1962,"Boston, Massachusetts",1983,BU,Boston,Massachusetts
Deraney,Bob,Bob Deraney,6-0 ,3/7/1965,"West Roxbury, Massachusetts",1983,BU,West Roxbury,Massachusetts
Taillefer,Terry,Terry Taillefer,6-1 ,7/23/1965,"Calgary, Alberta",1983,BU,Calgary,Alberta
Cappellano,Joe,Joe Cappellano,- ,02/29/1964,"Weymouth, Massachusetts",1984,BU,Weymouth,Massachusetts
Delorey,Joe,Joe Delorey,- ,2/9/1963,"Concord, Massachusetts",1984,BU,Concord,Massachusetts
Dunbar,Dale,Dale Dunbar,6-0 ,10/14/1961,"Winthrop, Massachusetts",1984,BU,Winthrop,Massachusetts
Matchett,Chris,Chris Matchett,5-9 ,6/9/1964,"Calgary, Alberta",1984,BU,Calgary,Alberta
Octeau,Jay,Jay Octeau,5-10,3/24/1965,"Providence, Rhode Island",1984,BU,Providence,Rhode Island
Quinn,David,David Quinn,6-1 ,7/30/1966,"Cranston, Rhode Island",1984,BU,Cranston,Rhode Island
Ryan,Tom,Tom Ryan,5-11,1/12/1966,"West Newton, Massachusetts",1984,BU,West Newton,Massachusetts
Shaunessy,Scott,Scott Shaunessy,6-4 ,1/22/1964,"Newport, Rhode Island",1984,BU,Newport,Rhode Island
Thiesing,David,David Thiesing,5-11,1/14/1965,"Westborough, Massachusetts",1984,BU,Westborough,Massachusetts
Cullen,John,John Cullen,5-10,8/2/1964,"Puslinch, Ontario",1984,BU,Puslinch,Ontario
Donatelli,Clark,Clark Donatelli,5-10,11/22/1965,"Providence, Rhode Island",1984,BU,Providence,Rhode Island
Foreman,Brian,Brian Foreman,6-0 ,5/24/1966,"Winnipeg, Manitoba",1984,BU,Winnipeg,Manitoba
Gerlitz,Paul,Paul Gerlitz,6-0 ,3/23/1963,"Calgary, Alberta",1984,BU,Calgary,Alberta
Labrosse,Eric,Eric Labrosse,5-11,2/2/1967,"Montreal, Quebec",1984,BU,Montreal,Quebec
Lowney,Ed,Ed Lowney,6-2 ,10/6/1965,"Revere, Massachusetts",1984,BU,Revere,Massachusetts
MacGregor,Brad,Brad MacGregor,6-1 ,7/22/1964,"Edmonton, Alberta",1984,BU,Edmonton,Alberta
Majkozak,Tony,Tony Majkozak,5-8 ,12/17/1963,"Minneapolis, Minnesota",1984,BU,Minneapolis,Minnesota
Marshall,Peter,Peter Marshall,5-8 ,10/14/1963,"Beverly, Massachusetts",1984,BU,Beverly,Massachusetts
Mutch,Kevin,Kevin Mutch,- ,4/27/1962,"Canton, Massachusetts",1984,BU,Canton,Massachusetts
Sanders,Scott,Scott Sanders,5-11,11/3/1965,"Mississauga, Ontario",1984,BU,Mississauga,Ontario
Sullivan,Chuck,Chuck Sullivan,- ,07/28/1964,"Winthrop, Massachusetts",1984,BU,Winthrop,Massachusetts
Sveen,Jeff,Jeff Sveen,5-11,2/5/1966,"Sherwood Park, Alberta",1984,BU,Sherwood Park,Alberta
Deraney,Bob,Bob Deraney,6-0 ,3/7/1965,"West Roxbury, Massachusetts",1984,BU,West Roxbury,Massachusetts
Fish,Peter,Peter Fish,5-9 ,1/3/1966,"East Greenwich, Rhode Island",1984,BU,East Greenwich,Rhode Island
Taillefer,Terry,Terry Taillefer,6-1 ,7/23/1965,"Calgary, Alberta",1984,BU,Calgary,Alberta
Ennis,Jim,Jim Ennis,6-0 ,7/10/1967,"Sherwood Park, Alberta",1985,BU,Sherwood Park,Alberta
Matchett,Chris,Chris Matchett,5-9 ,6/9/1964,"Calgary, Alberta",1985,BU,Calgary,Alberta
Octeau,Jay,Jay Octeau,5-10,3/24/1965,"Providence, Rhode Island",1985,BU,Providence,Rhode Island
Quinn,David,David Quinn,6-1 ,7/30/1966,"Cranston, Rhode Island",1985,BU,Cranston,Rhode Island
Ryan,Tom,Tom Ryan,5-11,1/12/1966,"West Newton, Massachusetts",1985,BU,West Newton,Massachusetts
Shaunessy,Scott,Scott Shaunessy,6-4 ,1/22/1964,"Newport, Rhode Island",1985,BU,Newport,Rhode Island
Thiesing,David,David Thiesing,5-11,1/14/1965,"Westborough, Massachusetts",1985,BU,Westborough,Massachusetts
Werner,Kris,Kris Werner,6-0 ,1/21/1966,"Fergus Falls, Minnesota",1985,BU,Fergus Falls,Minnesota
Cullen,John,John Cullen,5-10,8/2/1964,"Puslinch, Ontario",1985,BU,Puslinch,Ontario
Donatelli,Clark,Clark Donatelli,5-10,11/22/1965,"Providence, Rhode Island",1985,BU,Providence,Rhode Island
Foreman,Brian,Brian Foreman,6-0 ,5/24/1966,"Winnipeg, Manitoba",1985,BU,Winnipeg,Manitoba
Gerlitz,Paul,Paul Gerlitz,6-0 ,3/23/1963,"Calgary, Alberta",1985,BU,Calgary,Alberta
Headon,Peter,Peter Headon,6-1 ,1/18/1967,"Fort McMurray, Alberta",1985,BU,Fort McMurray,Alberta
Kelfer,Mike,Mike Kelfer,5-10,1/2/1967,"Peabody, Massachusetts",1985,BU,Peabody,Massachusetts
Labrosse,Eric,Eric Labrosse,5-11,2/2/1967,"Montreal, Quebec",1985,BU,Montreal,Quebec
Lowney,Ed,Ed Lowney,6-2 ,10/6/1965,"Revere, Massachusetts",1985,BU,Revere,Massachusetts
MacGregor,Brad,Brad MacGregor,6-1 ,7/22/1964,"Edmonton, Alberta",1985,BU,Edmonton,Alberta
Majkozak,Tony,Tony Majkozak,5-8 ,12/17/1963,"Minneapolis, Minnesota",1985,BU,Minneapolis,Minnesota
Marshall,Peter,Peter Marshall,5-8 ,10/14/1963,"Beverly, Massachusetts",1985,BU,Beverly,Massachusetts
Sanders,Scott,Scott Sanders,5-11,11/3/1965,"Mississauga, Ontario",1985,BU,Mississauga,Ontario
Sveen,Jeff,Jeff Sveen,5-11,2/5/1966,"Sherwood Park, Alberta",1985,BU,Sherwood Park,Alberta
Wood,Ian,Ian Wood,5-7 ,5/22/1966,"Manchester, Massachusetts",1985,BU,Manchester,Massachusetts
Young,Scott,Scott Young,6-1 ,10/1/1967,"Clinton, Massachusetts",1985,BU,Clinton,Massachusetts
Deraney,Bob,Bob Deraney,6-0 ,3/7/1965,"West Roxbury, Massachusetts",1985,BU,West Roxbury,Massachusetts
Fish,Peter,Peter Fish,5-9 ,1/3/1966,"East Greenwich, Rhode Island",1985,BU,East Greenwich,Rhode Island
Taillefer,Terry,Terry Taillefer,6-1 ,7/23/1965,"Calgary, Alberta",1985,BU,Calgary,Alberta
Ennis,Jim,Jim Ennis,6-0 ,7/10/1967,"Sherwood Park, Alberta",1986,BU,Sherwood Park,Alberta
Octeau,Jay,Jay Octeau,5-10,3/24/1965,"Providence, Rhode Island",1986,BU,Providence,Rhode Island
Quinn,David,David Quinn,6-1 ,7/30/1966,"Cranston, Rhode Island",1986,BU,Cranston,Rhode Island
Ryan,Tom,Tom Ryan,5-11,1/12/1966,"West Newton, Massachusetts",1986,BU,West Newton,Massachusetts
Shaunessy,Steve,Steve Shaunessy,6-4 ,5/7/1967,"Reading, Massachusetts",1986,BU,Reading,Massachusetts
Shaunessy,Scott,Scott Shaunessy,6-4 ,1/22/1964,"Newport, Rhode Island",1986,BU,Newport,Rhode Island
Thiesing,David,David Thiesing,5-11,1/14/1965,"Westborough, Massachusetts",1986,BU,Westborough,Massachusetts
Werner,Kris,Kris Werner,6-0 ,1/21/1966,"Fergus Falls, Minnesota",1986,BU,Fergus Falls,Minnesota
Cullen,John,John Cullen,5-10,8/2/1964,"Puslinch, Ontario",1986,BU,Puslinch,Ontario
Donatelli,Clark,Clark Donatelli,5-10,11/22/1965,"Providence, Rhode Island",1986,BU,Providence,Rhode Island
Foreman,Brian,Brian Foreman,6-0 ,5/24/1966,"Winnipeg, Manitoba",1986,BU,Winnipeg,Manitoba
Headon,Peter,Peter Headon,6-1 ,1/18/1967,"Fort McMurray, Alberta",1986,BU,Fort McMurray,Alberta
Kelfer,Mike,Mike Kelfer,5-10,1/2/1967,"Peabody, Massachusetts",1986,BU,Peabody,Massachusetts
Kentala,Ville,Ville Kentala,5-11,2/21/1966,"Alajarvi, Finland",1986,BU,Alajarvi,Finland
Labrosse,Eric,Eric Labrosse,5-11,2/2/1967,"Montreal, Quebec",1986,BU,Montreal,Quebec
Lowney,Ed,Ed Lowney,6-2 ,10/6/1965,"Revere, Massachusetts",1986,BU,Revere,Massachusetts
Matterazzo,John,John Matterazzo,- ,,,1986,BU,,
Pesklewis,Matt,Matt Pesklewis,6-2 ,5/21/1968,"Edmonton, Alberta",1986,BU,Edmonton,Alberta
Preston,John,John Preston,- ,4/4/1968,"Arlington, Massachusetts",1986,BU,Arlington,Massachusetts
Regan,Rob,Rob Regan,- ,,,1986,BU,,
Sanders,Scott,Scott Sanders,5-11,11/3/1965,"Mississauga, Ontario",1986,BU,Mississauga,Ontario
Sullivan,Mike,Mike Sullivan,6-2 ,2/27/1968,"Marshfield, Massachusetts",1986,BU,Marshfield,Massachusetts
Sveen,Jeff,Jeff Sveen,5-11,2/5/1966,"Sherwood Park, Alberta",1986,BU,Sherwood Park,Alberta
Wood,Ian,Ian Wood,5-7 ,5/22/1966,"Manchester, Massachusetts",1986,BU,Manchester,Massachusetts
Young,Scott,Scott Young,6-1 ,10/1/1967,"Clinton, Massachusetts",1986,BU,Clinton,Massachusetts
Deraney,Bob,Bob Deraney,6-0 ,3/7/1965,"West Roxbury, Massachusetts",1986,BU,West Roxbury,Massachusetts
Fish,Peter,Peter Fish,5-9 ,1/3/1966,"East Greenwich, Rhode Island",1986,BU,East Greenwich,Rhode Island
Taillefer,Terry,Terry Taillefer,6-1 ,7/23/1965,"Calgary, Alberta",1986,BU,Calgary,Alberta
Dion,Tom,Tom Dion,5-11,4/22/1969,"Massena, New York",1987,BU,Massena,New York
Krys,Mark,Mark Krys,6-0 ,5/29/1969,"Timmins, Ontario",1987,BU,Timmins,Ontario
Lappin,Chris,Chris Lappin,- ,8/19/1967,"St. Charles, Illinois",1987,BU,St. Charles,Illinois
Quinn,David,David Quinn,6-1 ,7/30/1966,"Cranston, Rhode Island",1987,BU,Cranston,Rhode Island
Ryan,Tom,Tom Ryan,5-11,1/12/1966,"West Newton, Massachusetts",1987,BU,West Newton,Massachusetts
Shaunessy,Steve,Steve Shaunessy,6-4 ,5/7/1967,"Reading, Massachusetts",1987,BU,Reading,Massachusetts
Von Stefenelli,Phil,Phil Von Stefenelli,5-11,4/10/1969,"Vancouver, British Columbia",1987,BU,Vancouver,British Columbia
Werner,Kris,Kris Werner,6-0 ,1/21/1966,"Fergus Falls, Minnesota",1987,BU,Fergus Falls,Minnesota
Headon,Peter,Peter Headon,6-1 ,1/18/1967,"Fort McMurray, Alberta",1987,BU,Fort McMurray,Alberta
Kelfer,Mike,Mike Kelfer,5-10,1/2/1967,"Peabody, Massachusetts",1987,BU,Peabody,Massachusetts
Kentala,Ville,Ville Kentala,5-11,2/21/1966,"Alajarvi, Finland",1987,BU,Alajarvi,Finland
Labrosse,Eric,Eric Labrosse,5-11,2/2/1967,"Montreal, Quebec",1987,BU,Montreal,Quebec
Lappin,Mike,Mike Lappin,5-10,1/1/1969,"St. Charles, Illinois",1987,BU,St. Charles,Illinois
MacDonald,Darin,Darin MacDonald,6-0 ,1/30/1970,"Calgary, Alberta",1987,BU,Calgary,Alberta
McCann,Chris,Chris McCann,6-1 ,10/13/1967,"Woburn, Massachusetts",1987,BU,Woburn,Massachusetts
Pesklewis,Matt,Matt Pesklewis,6-2 ,5/21/1968,"Edmonton, Alberta",1987,BU,Edmonton,Alberta
Regan,Rob,Rob Regan,- ,,,1987,BU,,
Ronan,Ed,Ed Ronan,6-0 ,3/21/1968,"Quincy, Massachusetts",1987,BU,Quincy,Massachusetts
Sacco,Joe,Joe Sacco,6-1 ,2/4/1969,"Medford, Massachusetts",1987,BU,Medford,Massachusetts
Sanders,Scott,Scott Sanders,5-11,11/3/1965,"Mississauga, Ontario",1987,BU,Mississauga,Ontario
Sullivan,Mike,Mike Sullivan,6-2 ,2/27/1968,"Marshfield, Massachusetts",1987,BU,Marshfield,Massachusetts
Sveen,Jeff,Jeff Sveen,5-11,2/5/1966,"Sherwood Park, Alberta",1987,BU,Sherwood Park,Alberta
Tomlinson,David,David Tomlinson,5-11,5/8/1969,"Vancouver, British Columbia",1987,BU,Vancouver,British Columbia
Wood,Ian,Ian Wood,5-7 ,5/22/1966,"Manchester, Massachusetts",1987,BU,Manchester,Massachusetts
Bradley,John,John Bradley,6-1 ,2/5/1968,"Pawtucket, Rhode Island",1987,BU,Pawtucket,Rhode Island
Fish,Peter,Peter Fish,5-9 ,1/3/1966,"East Greenwich, Rhode Island",1987,BU,East Greenwich,Rhode Island
Brownschidle,Mark,Mark Brownschidle,6-2 ,10/26/1970,"Buffalo, New York",1988,BU,Buffalo,New York
Dion,Tom,Tom Dion,5-11,4/22/1969,"Massena, New York",1988,BU,Massena,New York
Krys,Mark,Mark Krys,6-0 ,5/29/1969,"Timmins, Ontario",1988,BU,Timmins,Ontario
Lappin,Chris,Chris Lappin,- ,8/19/1967,"St. Charles, Illinois",1988,BU,St. Charles,Illinois
Shaunessy,Steve,Steve Shaunessy,6-4 ,5/7/1967,"Reading, Massachusetts",1988,BU,Reading,Massachusetts
Von Stefenelli,Phil,Phil Von Stefenelli,5-11,4/10/1969,"Vancouver, British Columbia",1988,BU,Vancouver,British Columbia
Beauchain,Charles,Charles Beauchain,- ,,,1988,BU,,
Headon,Peter,Peter Headon,6-1 ,1/18/1967,"Fort McMurray, Alberta",1988,BU,Fort McMurray,Alberta
Kelfer,Mike,Mike Kelfer,5-10,1/2/1967,"Peabody, Massachusetts",1988,BU,Peabody,Massachusetts
Kentala,Ville,Ville Kentala,5-11,2/21/1966,"Alajarvi, Finland",1988,BU,Alajarvi,Finland
Lappin,Mike,Mike Lappin,5-10,1/1/1969,"St. Charles, Illinois",1988,BU,St. Charles,Illinois
MacDonald,Darin,Darin MacDonald,6-0 ,1/30/1970,"Calgary, Alberta",1988,BU,Calgary,Alberta
MacDougall,John,John MacDougall,5-11,5/8/1966,"Taylor, Michigan",1988,BU,Taylor,Michigan
McCann,Chris,Chris McCann,6-1 ,10/13/1967,"Woburn, Massachusetts",1988,BU,Woburn,Massachusetts
McEachern,Shawn,Shawn McEachern,5-11,2/28/1969,"Waltham, Massachusetts",1988,BU,Waltham,Massachusetts
Pesklewis,Matt,Matt Pesklewis,6-2 ,5/21/1968,"Edmonton, Alberta",1988,BU,Edmonton,Alberta
Regan,Rob,Rob Regan,- ,,,1988,BU,,
Ronan,Ed,Ed Ronan,6-0 ,3/21/1968,"Quincy, Massachusetts",1988,BU,Quincy,Massachusetts
Sacco,Joe,Joe Sacco,6-1 ,2/4/1969,"Medford, Massachusetts",1988,BU,Medford,Massachusetts
Sacco,David,David Sacco,6-1 ,7/31/1971,"Malden, Massachusetts",1988,BU,Malden,Massachusetts
Sullivan,Mike,Mike Sullivan,6-2 ,2/27/1968,"Marshfield, Massachusetts",1988,BU,Marshfield,Massachusetts
Tomlinson,David,David Tomlinson,5-11,5/8/1969,"Vancouver, British Columbia",1988,BU,Vancouver,British Columbia
Trentini,Ron,Ron Trentini,- ,,,1988,BU,,
Wood,Ian,Ian Wood,5-7 ,5/22/1966,"Manchester, Massachusetts",1988,BU,Manchester,Massachusetts
Bradley,John,John Bradley,6-1 ,2/5/1968,"Pawtucket, Rhode Island",1988,BU,Pawtucket,Rhode Island
Fish,Peter,Peter Fish,5-9 ,1/3/1966,"East Greenwich, Rhode Island",1988,BU,East Greenwich,Rhode Island
LaFort,Bryan,Bryan LaFort,- ,6/30/1970,"Potsdam, New York",1988,BU,Potsdam,New York
Ahola,Peter,Peter Ahola,6-3 ,5/14/1968,"Helsinki, Finland",1989,BU,Helsinki,Finland
Brownschidle,Mark,Mark Brownschidle,6-2 ,10/26/1970,"Buffalo, New York",1989,BU,Buffalo,New York
Dion,Tom,Tom Dion,5-11,4/22/1969,"Massena, New York",1989,BU,Massena,New York
Foster,Stephen,Stephen Foster,6-3 ,3/21/1971,"Brockton, Massachusetts",1989,BU,Brockton,Massachusetts
Krys,Mark,Mark Krys,6-0 ,5/29/1969,"Timmins, Ontario",1989,BU,Timmins,Ontario
Legault,Alexandre,Alexandre Legault,6-1 ,12/27/1971,"Chicoutimi, Quebec",1989,BU,Chicoutimi,Quebec
O'Sullivan,Kevin,Kevin O'Sullivan,5-11,11/13/1970,"Boston, Massachusetts",1989,BU,Boston,Massachusetts
Von Stefenelli,Phil,Phil Von Stefenelli,5-11,4/10/1969,"Vancouver, British Columbia",1989,BU,Vancouver,British Columbia
Amonte,Tony,Tony Amonte,6-0 ,8/2/1970,"Hingham, Massachusetts",1989,BU,Hingham,Massachusetts
Bavis,Mike,Mike Bavis,6-0 ,3/13/1970,"Roslindale, Massachusetts",1989,BU,Roslindale,Massachusetts
Bavis,Mark,Mark Bavis,6-1 ,3/13/1970,"Roslindale, Massachusetts",1989,BU,Roslindale,Massachusetts
Dahlberg,Dave,Dave Dahlberg,6-0 ,2/23/1971,"Bloomington, Minnesota",1989,BU,Bloomington,Minnesota
Koskimäki,Petteri,Petteri Koskimäki,6-2 ,5/5/1971,"Helsinki, Finland",1989,BU,Helsinki,Finland
MacDonald,Darin,Darin MacDonald,6-0 ,1/30/1970,"Calgary, Alberta",1989,BU,Calgary,Alberta
McCann,Chris,Chris McCann,6-1 ,10/13/1967,"Woburn, Massachusetts",1989,BU,Woburn,Massachusetts
McEachern,Shawn,Shawn McEachern,5-11,2/28/1969,"Waltham, Massachusetts",1989,BU,Waltham,Massachusetts
Regan,Rob,Rob Regan,- ,,,1989,BU,,
Ronan,Ed,Ed Ronan,6-0 ,3/21/1968,"Quincy, Massachusetts",1989,BU,Quincy,Massachusetts
Sacco,Joe,Joe Sacco,6-1 ,2/4/1969,"Medford, Massachusetts",1989,BU,Medford,Massachusetts
Sacco,David,David Sacco,6-1 ,7/31/1971,"Malden, Massachusetts",1989,BU,Malden,Massachusetts
Sullivan,Mike,Mike Sullivan,6-2 ,2/27/1968,"Marshfield, Massachusetts",1989,BU,Marshfield,Massachusetts
Tomlinson,David,David Tomlinson,5-11,5/8/1969,"Vancouver, British Columbia",1989,BU,Vancouver,British Columbia
Trentini,Ron,Ron Trentini,- ,,,1989,BU,,
Bradley,John,John Bradley,6-1 ,2/5/1968,"Pawtucket, Rhode Island",1989,BU,Pawtucket,Rhode Island
Cashman,Scott,Scott Cashman,6-2 ,9/20/1969,"Ottawa, Ontario",1989,BU,Ottawa,Ontario
Ahola,Peter,Peter Ahola,6-3 ,5/14/1968,"Helsinki, Finland",1990,BU,Helsinki,Finland
Brownschidle,Mark,Mark Brownschidle,6-2 ,10/26/1970,"Buffalo, New York",1990,BU,Buffalo,New York
Dion,Tom,Tom Dion,5-11,4/22/1969,"Massena, New York",1990,BU,Massena,New York
Foster,Stephen,Stephen Foster,6-3 ,3/21/1971,"Brockton, Massachusetts",1990,BU,Brockton,Massachusetts
Krys,Mark,Mark Krys,6-0 ,5/29/1969,"Timmins, Ontario",1990,BU,Timmins,Ontario
Lachance,Scott,Scott Lachance,6-1 ,10/22/1972,"Charlottesville, Virgina",1990,BU,Charlottesville,Virgina
Legault,Alexandre,Alexandre Legault,6-1 ,12/27/1971,"Chicoutimi, Quebec",1990,BU,Chicoutimi,Quebec
O'Sullivan,Kevin,Kevin O'Sullivan,5-11,11/13/1970,"Boston, Massachusetts",1990,BU,Boston,Massachusetts
Von Stefenelli,Phil,Phil Von Stefenelli,5-11,4/10/1969,"Vancouver, British Columbia",1990,BU,Vancouver,British Columbia
Amonte,Tony,Tony Amonte,6-0 ,8/2/1970,"Hingham, Massachusetts",1990,BU,Hingham,Massachusetts
Bavis,Mike,Mike Bavis,6-0 ,3/13/1970,"Roslindale, Massachusetts",1990,BU,Roslindale,Massachusetts
Bavis,Mark,Mark Bavis,6-1 ,3/13/1970,"Roslindale, Massachusetts",1990,BU,Roslindale,Massachusetts
Dahlberg,Dave,Dave Dahlberg,6-0 ,2/23/1971,"Bloomington, Minnesota",1990,BU,Bloomington,Minnesota
Friedman,Doug,Doug Friedman,5-11,9/1/1971,"Cape Elizabeth, Maine",1990,BU,Cape Elizabeth,Maine
Koskimäki,Petteri,Petteri Koskimäki,6-2 ,5/5/1971,"Helsinki, Finland",1990,BU,Helsinki,Finland
MacDonald,Darin,Darin MacDonald,6-0 ,1/30/1970,"Calgary, Alberta",1990,BU,Calgary,Alberta
McCann,Chris,Chris McCann,6-1 ,10/13/1967,"Woburn, Massachusetts",1990,BU,Woburn,Massachusetts
McEachern,Shawn,Shawn McEachern,5-11,2/28/1969,"Waltham, Massachusetts",1990,BU,Waltham,Massachusetts
Pratt,Jon,Jon Pratt,6-1 ,9/25/1970,"Danvers, Massachusetts",1990,BU,Danvers,Massachusetts
Ronan,Ed,Ed Ronan,6-0 ,3/21/1968,"Quincy, Massachusetts",1990,BU,Quincy,Massachusetts
Sacco,David,David Sacco,6-1 ,7/31/1971,"Malden, Massachusetts",1990,BU,Malden,Massachusetts
Tkachuk,Keith,Keith Tkachuk,6-2 ,3/28/1972,"Melrose, Massachusetts",1990,BU,Melrose,Massachusetts
Tomlinson,David,David Tomlinson,5-11,5/8/1969,"Vancouver, British Columbia",1990,BU,Vancouver,British Columbia
Vachon,Nick,Nick Vachon,5-10,7/20/1972,"Montreal, Quebec",1990,BU,Montreal,Quebec
Bise,Chris,Chris Bise,- ,,,1990,BU,,
Bradley,John,John Bradley,6-1 ,2/5/1968,"Pawtucket, Rhode Island",1990,BU,Pawtucket,Rhode Island
Cashman,Scott,Scott Cashman,6-2 ,9/20/1969,"Ottawa, Ontario",1990,BU,Ottawa,Ontario
Aucoin,Adrian,Adrian Aucoin,6-2 ,7/3/1973,"Ottawa, Ontario",1991,BU,Ottawa,Ontario
Brennan,Rich,Rich Brennan,6-2 ,11/26/1972,"Schenectady, New York",1991,BU,Schenectady,New York
Brownschidle,Mark,Mark Brownschidle,6-2 ,10/26/1970,"Buffalo, New York",1991,BU,Buffalo,New York
Dion,Tom,Tom Dion,5-11,4/22/1969,"Massena, New York",1991,BU,Massena,New York
Donato,Dan,Dan Donato,- ,05/15/1970,"Dedham, Massachusetts",1991,BU,Dedham,Massachusetts
Foster,Stephen,Stephen Foster,6-3 ,3/21/1971,"Brockton, Massachusetts",1991,BU,Brockton,Massachusetts
Linna,Kaj,Kaj Linna,6-2 ,1/24/1971,"Helsinki, Finland",1991,BU,Helsinki,Finland
O'Sullivan,Kevin,Kevin O'Sullivan,5-11,11/13/1970,"Boston, Massachusetts",1991,BU,Boston,Massachusetts
Bavis,Mike,Mike Bavis,6-0 ,3/13/1970,"Roslindale, Massachusetts",1991,BU,Roslindale,Massachusetts
Bavis,Mark,Mark Bavis,6-1 ,3/13/1970,"Roslindale, Massachusetts",1991,BU,Roslindale,Massachusetts
Dahlberg,Dave,Dave Dahlberg,6-0 ,2/23/1971,"Bloomington, Minnesota",1991,BU,Bloomington,Minnesota
Friedman,Doug,Doug Friedman,5-11,9/1/1971,"Cape Elizabeth, Maine",1991,BU,Cape Elizabeth,Maine
Jacques,John,John Jacques,5-11,,"Bellingham, Massachusetts",1991,BU,Bellingham,Massachusetts
Jenkins,Jon,Jon Jenkins,5-11,11/6/1970,"Boston, Massachusetts",1991,BU,Boston,Massachusetts
Koskimäki,Petteri,Petteri Koskimäki,6-2 ,5/5/1971,"Helsinki, Finland",1991,BU,Helsinki,Finland
Lilley,John,John Lilley,5-9 ,8/3/1972,"Wakefield, Massachusetts",1991,BU,Wakefield,Massachusetts
Pomichter,Mike,Mike Pomichter,6-1 ,9/10/1973,"New Haven, Connecticut",1991,BU,New Haven,Connecticut
Pratt,Jon,Jon Pratt,6-1 ,9/25/1970,"Danvers, Massachusetts",1991,BU,Danvers,Massachusetts
Prendergast,Mike,Mike Prendergast,5-10,10/22/1972,"South Boston, Massachusetts",1991,BU,South Boston,Massachusetts
Rausch,Kenny,Kenny Rausch,6-0 ,3/26/1973,"Danbury, Connecticut",1991,BU,Danbury,Connecticut
Sacco,David,David Sacco,6-1 ,7/31/1971,"Malden, Massachusetts",1991,BU,Malden,Massachusetts
Thornton,Steve,Steve Thornton,5-10,3/8/1973,"Edmonton, Alberta",1991,BU,Edmonton,Alberta
Vachon,Nick,Nick Vachon,5-10,7/20/1972,"Montreal, Quebec",1991,BU,Montreal,Quebec
Bise,Chris,Chris Bise,- ,,,1991,BU,,
Cashman,Scott,Scott Cashman,6-2 ,9/20/1969,"Ottawa, Ontario",1991,BU,Ottawa,Ontario
Herlofsky,Derek,Derek Herlofsky,5-10,10/1/1971,"Minneapolis, Minnesota",1991,BU,Minneapolis,Minnesota
McKersie,J.P.,J.P. McKersie,6-1 ,1/23/1972,"Madison, Wisconsin",1991,BU,Madison,Wisconsin
Brennan,Rich,Rich Brennan,6-2 ,11/26/1972,"Schenectady, New York",1992,BU,Schenectady,New York
Donato,Dan,Dan Donato,- ,05/15/1970,"Dedham, Massachusetts",1992,BU,Dedham,Massachusetts
Foster,Stephen,Stephen Foster,6-3 ,3/21/1971,"Brockton, Massachusetts",1992,BU,Brockton,Massachusetts
Linna,Kaj,Kaj Linna,6-2 ,1/24/1971,"Helsinki, Finland",1992,BU,Helsinki,Finland
O'Sullivan,Kevin,Kevin O'Sullivan,5-11,11/13/1970,"Boston, Massachusetts",1992,BU,Boston,Massachusetts
O'Sullivan,Chris,Chris O'Sullivan,6-2 ,5/15/1974,"Dorchester, Massachusetts",1992,BU,Dorchester,Massachusetts
Wood,Doug,Doug Wood,6-0 ,1/7/1974,"Waltham, Massachusetts",1992,BU,Waltham,Massachusetts
Bavis,Mike,Mike Bavis,6-0 ,3/13/1970,"Roslindale, Massachusetts",1992,BU,Roslindale,Massachusetts
Bavis,Mark,Mark Bavis,6-1 ,3/13/1970,"Roslindale, Massachusetts",1992,BU,Roslindale,Massachusetts
Friedman,Doug,Doug Friedman,5-11,9/1/1971,"Cape Elizabeth, Maine",1992,BU,Cape Elizabeth,Maine
Jenkins,Jon,Jon Jenkins,5-11,11/6/1970,"Boston, Massachusetts",1992,BU,Boston,Massachusetts
Joubert,Jacques,Jacques Joubert,6-2 ,3/23/1971,"South Bend, Ind.",1992,BU,South Bend,Ind.
Koskimäki,Petteri,Petteri Koskimäki,6-2 ,5/5/1971,"Helsinki, Finland",1992,BU,Helsinki,Finland
Lachance,Bob,Bob Lachance,6-0 ,2/1/1974,"Bristol, Connecticut",1992,BU,Bristol,Connecticut
Lilley,John,John Lilley,5-9 ,8/3/1972,"Wakefield, Massachusetts",1992,BU,Wakefield,Massachusetts
Pandolfo,Jay,Jay Pandolfo,6-1 ,12/27/1974,"Winchester, Massachusetts",1992,BU,Winchester,Massachusetts
Pomichter,Mike,Mike Pomichter,6-1 ,9/10/1973,"New Haven, Connecticut",1992,BU,New Haven,Connecticut
Pratt,Jon,Jon Pratt,6-1 ,9/25/1970,"Danvers, Massachusetts",1992,BU,Danvers,Massachusetts
Prendergast,Mike,Mike Prendergast,5-10,10/22/1972,"South Boston, Massachusetts",1992,BU,South Boston,Massachusetts
Rausch,Kenny,Kenny Rausch,6-0 ,3/26/1973,"Danbury, Connecticut",1992,BU,Danbury,Connecticut
Sacco,David,David Sacco,6-1 ,7/31/1971,"Malden, Massachusetts",1992,BU,Malden,Massachusetts
Thornton,Steve,Steve Thornton,5-10,3/8/1973,"Edmonton, Alberta",1992,BU,Edmonton,Alberta
Bise,Chris,Chris Bise,- ,,,1992,BU,,
Cashman,Scott,Scott Cashman,6-2 ,9/20/1969,"Ottawa, Ontario",1992,BU,Ottawa,Ontario
Herlofsky,Derek,Derek Herlofsky,5-10,10/1/1971,"Minneapolis, Minnesota",1992,BU,Minneapolis,Minnesota
McKersie,J.P.,J.P. McKersie,6-1 ,1/23/1972,"Madison, Wisconsin",1992,BU,Madison,Wisconsin
Brennan,Rich,Rich Brennan,6-2 ,11/26/1972,"Schenectady, New York",1993,BU,Schenectady,New York
Coleman,Jon,Jon Coleman,6-1 ,3/9/1975,"Boston, Massachusetts",1993,BU,Boston,Massachusetts
Donato,Dan,Dan Donato,- ,05/15/1970,"Dedham, Massachusetts",1993,BU,Dedham,Massachusetts
Foster,Stephen,Stephen Foster,6-3 ,3/21/1971,"Brockton, Massachusetts",1993,BU,Brockton,Massachusetts
Johnson,Shane,Shane Johnson,5-10,1/1/1974,"Brandon, Manitoba",1993,BU,Brandon,Manitoba
Linna,Kaj,Kaj Linna,6-2 ,1/24/1971,"Helsinki, Finland",1993,BU,Helsinki,Finland
O'Sullivan,Chris,Chris O'Sullivan,6-2 ,5/15/1974,"Dorchester, Massachusetts",1993,BU,Dorchester,Massachusetts
Wood,Doug,Doug Wood,6-0 ,1/7/1974,"Waltham, Massachusetts",1993,BU,Waltham,Massachusetts
Bates,Shawn,Shawn Bates,6-0 ,4/3/1975,"Melrose, Massachusetts",1993,BU,Melrose,Massachusetts
Dahlberg,Dave,Dave Dahlberg,6-0 ,2/23/1971,"Bloomington, Minnesota",1993,BU,Bloomington,Minnesota
Friedman,Doug,Doug Friedman,5-11,9/1/1971,"Cape Elizabeth, Maine",1993,BU,Cape Elizabeth,Maine
Grier,Mike,Mike Grier,6-1 ,1/5/1975,"Detroit, Michigan",1993,BU,Detroit,Michigan
Jenkins,Jon,Jon Jenkins,5-11,11/6/1970,"Boston, Massachusetts",1993,BU,Boston,Massachusetts
Joubert,Jacques,Jacques Joubert,6-2 ,3/23/1971,"South Bend, Ind.",1993,BU,South Bend,Ind.
Lachance,Bob,Bob Lachance,6-0 ,2/1/1974,"Bristol, Connecticut",1993,BU,Bristol,Connecticut
Pandolfo,Jay,Jay Pandolfo,6-1 ,12/27/1974,"Winchester, Massachusetts",1993,BU,Winchester,Massachusetts
Pierce,Bill,Bill Pierce,6-1 ,10/6/1974,"Burlington, Massachusetts",1993,BU,Burlington,Massachusetts
Pomichter,Mike,Mike Pomichter,6-1 ,9/10/1973,"New Haven, Connecticut",1993,BU,New Haven,Connecticut
Pratt,Jon,Jon Pratt,6-1 ,9/25/1970,"Danvers, Massachusetts",1993,BU,Danvers,Massachusetts
Prendergast,Mike,Mike Prendergast,5-10,10/22/1972,"South Boston, Massachusetts",1993,BU,South Boston,Massachusetts
Rausch,Kenny,Kenny Rausch,6-0 ,3/26/1973,"Danbury, Connecticut",1993,BU,Danbury,Connecticut
Thornton,Steve,Steve Thornton,5-10,3/8/1973,"Edmonton, Alberta",1993,BU,Edmonton,Alberta
Wright,Matt,Matt Wright,6-0 ,4/27/1973,"Belmont, Massachusetts",1993,BU,Belmont,Massachusetts
Bise,Chris,Chris Bise,- ,,,1993,BU,,
Ferullo,Shawn,Shawn Ferullo,5-8 ,,"Lynnfield, Massachusetts",1993,BU,Lynnfield,Massachusetts
Herlofsky,Derek,Derek Herlofsky,5-10,10/1/1971,"Minneapolis, Minnesota",1993,BU,Minneapolis,Minnesota
McKersie,J.P.,J.P. McKersie,6-1 ,1/23/1972,"Madison, Wisconsin",1993,BU,Madison,Wisconsin
Alger,Rich,Rich Alger,6-2 ,,"Barnstable, Massachusetts",1994,BU,Barnstable,Massachusetts
Brennan,Rich,Rich Brennan,6-2 ,11/26/1972,"Schenectady, New York",1994,BU,Schenectady,New York
Coleman,Jon,Jon Coleman,6-1 ,3/9/1975,"Boston, Massachusetts",1994,BU,Boston,Massachusetts
Johnson,Shane,Shane Johnson,5-10,1/1/1974,"Brandon, Manitoba",1994,BU,Brandon,Manitoba
Kealty,Jeff,Jeff Kealty,6-4 ,4/9/1976,"Newton, Massachusetts",1994,BU,Newton,Massachusetts
Kelleher,Chris,Chris Kelleher,6-1 ,3/23/1975,"Belmont, Massachusetts",1994,BU,Belmont,Massachusetts
Linna,Kaj,Kaj Linna,6-2 ,1/24/1971,"Helsinki, Finland",1994,BU,Helsinki,Finland
O'Sullivan,Chris,Chris O'Sullivan,6-2 ,5/15/1974,"Dorchester, Massachusetts",1994,BU,Dorchester,Massachusetts
Wood,Doug,Doug Wood,6-0 ,1/7/1974,"Waltham, Massachusetts",1994,BU,Waltham,Massachusetts
Bates,Shawn,Shawn Bates,6-0 ,4/3/1975,"Melrose, Massachusetts",1994,BU,Melrose,Massachusetts
Donatelli,Peter,Peter Donatelli,5-10,11/05/1975,"North Providence, Rhode Island",1994,BU,North Providence,Rhode Island
Drury,Chris,Chris Drury,5-10,8/20/1976,"Trumbull, Connecticut",1994,BU,Trumbull,Connecticut
Grier,Mike,Mike Grier,6-1 ,1/5/1975,"Detroit, Michigan",1994,BU,Detroit,Michigan
Hynes,John,John Hynes,5-9 ,2/10/1975,"Warwick, Rhode Island",1994,BU,Warwick,Rhode Island
Joubert,Jacques,Jacques Joubert,6-2 ,3/23/1971,"South Bend, Ind.",1994,BU,South Bend,Ind.
Lachance,Bob,Bob Lachance,6-0 ,2/1/1974,"Bristol, Connecticut",1994,BU,Bristol,Connecticut
Pandolfo,Jay,Jay Pandolfo,6-1 ,12/27/1974,"Winchester, Massachusetts",1994,BU,Winchester,Massachusetts
Pierce,Bill,Bill Pierce,6-1 ,10/6/1974,"Burlington, Massachusetts",1994,BU,Burlington,Massachusetts
Prendergast,Mike,Mike Prendergast,5-10,10/22/1972,"South Boston, Massachusetts",1994,BU,South Boston,Massachusetts
Rausch,Kenny,Kenny Rausch,6-0 ,3/26/1973,"Danbury, Connecticut",1994,BU,Danbury,Connecticut
Sylvia,Mike,Mike Sylvia,- ,2/5/1976,"Newton, Massachusetts",1994,BU,Newton,Massachusetts
Thornton,Steve,Steve Thornton,5-10,3/8/1973,"Edmonton, Alberta",1994,BU,Edmonton,Alberta
Wright,Matt,Matt Wright,6-0 ,4/27/1973,"Belmont, Massachusetts",1994,BU,Belmont,Massachusetts
Ferullo,Shawn,Shawn Ferullo,5-8 ,04/03/1975,"Lynnfield, Massachusetts",1994,BU,Lynnfield,Massachusetts
Herlofsky,Derek,Derek Herlofsky,5-10,10/1/1971,"Minneapolis, Minnesota",1994,BU,Minneapolis,Minnesota
McKersie,J.P.,J.P. McKersie,6-1 ,1/23/1972,"Madison, Wisconsin",1994,BU,Madison,Wisconsin
Noble,Tom,Tom Noble,5-10,3/21/1975,"Hanover, Massachusetts",1994,BU,Hanover,Massachusetts
Alger,Rich,Rich Alger,6-2 ,,"Barnstable, Massachusetts",1995,BU,Barnstable,Massachusetts
Coleman,Jon,Jon Coleman,6-1 ,3/9/1975,"Boston, Massachusetts",1995,BU,Boston,Massachusetts
Johnson,Shane,Shane Johnson,5-10,1/1/1974,"Brandon, Manitoba",1995,BU,Brandon,Manitoba
Kealty,Jeff,Jeff Kealty,6-4 ,4/9/1976,"Newton, Massachusetts",1995,BU,Newton,Massachusetts
Kelleher,Chris,Chris Kelleher,6-1 ,3/23/1975,"Belmont, Massachusetts",1995,BU,Belmont,Massachusetts
O'Sullivan,Chris,Chris O'Sullivan,6-2 ,5/15/1974,"Dorchester, Massachusetts",1995,BU,Dorchester,Massachusetts
Ronan,Dan,Dan Ronan,5-11,6/18/1975,"Woburn, Massachusetts",1995,BU,Woburn,Massachusetts
Wood,Doug,Doug Wood,6-0 ,1/7/1974,"Waltham, Massachusetts",1995,BU,Waltham,Massachusetts
Bates,Shawn,Shawn Bates,6-0 ,4/3/1975,"Melrose, Massachusetts",1995,BU,Melrose,Massachusetts
Donatelli,Peter,Peter Donatelli,5-10,11/05/1975,"North Providence, Rhode Island",1995,BU,North Providence,Rhode Island
Drury,Chris,Chris Drury,5-10,8/20/1976,"Trumbull, Connecticut",1995,BU,Trumbull,Connecticut
Grier,Mike,Mike Grier,6-1 ,1/5/1975,"Detroit, Michigan",1995,BU,Detroit,Michigan
Hynes,John,John Hynes,5-9 ,2/10/1975,"Warwick, Rhode Island",1995,BU,Warwick,Rhode Island
King,Scott,Scott King,5-11,1/21/1977,"Saskatoon, Saskatchewan",1995,BU,Saskatoon,Saskatchewan
Lachance,Bob,Bob Lachance,6-0 ,2/1/1974,"Bristol, Connecticut",1995,BU,Bristol,Connecticut
O'Connell,Albie,Albie O'Connell,6-0 ,5/20/1976,"Watertown, Massachusetts",1995,BU,Watertown,Massachusetts
Pandolfo,Jay,Jay Pandolfo,6-1 ,12/27/1974,"Winchester, Massachusetts",1995,BU,Winchester,Massachusetts
Pierce,Bill,Bill Pierce,6-1 ,10/6/1974,"Burlington, Massachusetts",1995,BU,Burlington,Massachusetts
Roy,Travis,Travis Roy,5-11,4/17/1975,"Yarmouth, Maine",1995,BU,Yarmouth,Maine
Sylvia,Mike,Mike Sylvia,- ,2/5/1976,"Newton, Massachusetts",1995,BU,Newton,Massachusetts
Walsh,Brendan,Brendan Walsh,5-10,10/22/1974,"Dorchester, Massachusetts",1995,BU,Dorchester,Massachusetts
Wright,Matt,Matt Wright,6-0 ,4/27/1973,"Belmont, Massachusetts",1995,BU,Belmont,Massachusetts
Ferullo,Shawn,Shawn Ferullo,5-8 ,,"Lynnfield, Massachusetts",1995,BU,Lynnfield,Massachusetts
Larocque,Michel,Michel Larocque,5-11,10/3/1976,"Lahr, Germany",1995,BU,Lahr,Germany
McKersie,J.P.,J.P. McKersie,6-1 ,1/23/1972,"Madison, Wisconsin",1995,BU,Madison,Wisconsin
Noble,Tom,Tom Noble,5-10,3/21/1975,"Hanover, Massachusetts",1995,BU,Hanover,Massachusetts
Alger,Rich,Rich Alger,6-2 ,,"Barnstable, Massachusetts",1996,BU,Barnstable,Massachusetts
Coleman,Jon,Jon Coleman,6-1 ,3/9/1975,"Boston, Massachusetts",1996,BU,Boston,Massachusetts
Johnson,Shane,Shane Johnson,5-10,1/1/1974,"Brandon, Manitoba",1996,BU,Brandon,Manitoba
Kealty,Jeff,Jeff Kealty,6-4 ,4/9/1976,"Newton, Massachusetts",1996,BU,Newton,Massachusetts
Kelleher,Chris,Chris Kelleher,6-1 ,3/23/1975,"Belmont, Massachusetts",1996,BU,Belmont,Massachusetts
Poti,Tom,Tom Poti,6-3 ,3/22/1977,"Worcester, Massachusetts",1996,BU,Worcester,Massachusetts
Ronan,Dan,Dan Ronan,5-11,6/18/1975,"Woburn, Massachusetts",1996,BU,Woburn,Massachusetts
Bates,Shawn,Shawn Bates,6-0 ,4/3/1975,"Melrose, Massachusetts",1996,BU,Melrose,Massachusetts
Degerman,Tommi,Tommi Degerman,6-1 ,2/23/1976,"Helsinki, Finland",1996,BU,Helsinki,Finland
Donatelli,Peter,Peter Donatelli,5-10,,"North Providence, Rhode Island",1996,BU,North Providence,Rhode Island
Drury,Chris,Chris Drury,5-10,8/20/1976,"Trumbull, Connecticut",1996,BU,Trumbull,Connecticut
Hanson,Bobby,Bobby Hanson,6-0 ,2/26/1977,"Peabody, Massachusetts",1996,BU,Peabody,Massachusetts
Heron,Chris,Chris Heron,5-10,4/8/1979,"Mississauga, Ontario",1996,BU,Mississauga,Ontario
Hynes,John,John Hynes,5-9 ,2/10/1975,"Warwick, Rhode Island",1996,BU,Warwick,Rhode Island
LaCouture,Dan,Dan LaCouture,6-3 ,4/18/1977,"Hyannis, Massachusetts",1996,BU,Hyannis,Massachusetts
O'Connell,Albie,Albie O'Connell,6-0 ,5/20/1976,"Watertown, Massachusetts",1996,BU,Watertown,Massachusetts
Pierce,Bill,Bill Pierce,6-1 ,10/6/1974,"Burlington, Massachusetts",1996,BU,Burlington,Massachusetts
Quebec,Greg,Greg Quebec,6-0 ,2/2/1978,"Acton, Massachusetts",1996,BU,Acton,Massachusetts
Sylvia,Mike,Mike Sylvia,- ,2/5/1976,"Newton, Massachusetts",1996,BU,Newton,Massachusetts
Walsh,Brendan,Brendan Walsh,5-10,10/22/1974,"Dorchester, Massachusetts",1996,BU,Dorchester,Massachusetts
Wright,Matt,Matt Wright,6-0 ,4/27/1973,"Belmont, Massachusetts",1996,BU,Belmont,Massachusetts
Ferullo,Shawn,Shawn Ferullo,5-8 ,,"Lynnfield, Massachusetts",1996,BU,Lynnfield,Massachusetts
Larocque,Michel,Michel Larocque,5-11,10/3/1976,"Lahr, Germany",1996,BU,Lahr,Germany
Noble,Tom,Tom Noble,5-10,3/21/1975,"Hanover, Massachusetts",1996,BU,Hanover,Massachusetts
DiPenta,Joe,Joe DiPenta,6-2 ,2/25/1979,"Barrie, Ontario",1997,BU,Barrie,Ontario
Emery,Keith,Keith Emery,6-0 ,3/30/1978,"Belmont, Massachusetts",1997,BU,Belmont,Massachusetts
Kealty,Jeff,Jeff Kealty,6-4 ,4/9/1976,"Newton, Massachusetts",1997,BU,Newton,Massachusetts
Kelleher,Chris,Chris Kelleher,6-1 ,3/23/1975,"Belmont, Massachusetts",1997,BU,Belmont,Massachusetts
Poti,Tom,Tom Poti,6-3 ,3/22/1977,"Worcester, Massachusetts",1997,BU,Worcester,Massachusetts
Ronan,Dan,Dan Ronan,5-11,6/18/1975,"Woburn, Massachusetts",1997,BU,Woburn,Massachusetts
Sheen,Colin,Colin Sheen,6-1 ,1/17/1979,"Hopkinton, New Hampshire",1997,BU,Hopkinton,New Hampshire
Bartlett,Russ,Russ Bartlett,6-2 ,2/10/1978,"Windham, New Hampshire",1997,BU,Windham,New Hampshire
Campbell,Ryan,Ryan Campbell,6-2 ,,"Medford, New Jersey",1997,BU,Medford,New Jersey
Corazzini,Carl,Carl Corazzini,5-9 ,4/21/1979,"Framingham, Massachusetts",1997,BU,Framingham,Massachusetts
Degerman,Tommi,Tommi Degerman,6-1 ,2/23/1976,"Helsinki, Finland",1997,BU,Helsinki,Finland
Donatelli,Peter,Peter Donatelli,5-10,,"North Providence, Rhode Island",1997,BU,North Providence,Rhode Island
Drury,Chris,Chris Drury,5-10,8/20/1976,"Trumbull, Connecticut",1997,BU,Trumbull,Connecticut
Gillis,Nick,Nick Gillis,6-0 ,2/20/1978,"Winthrop, Massachusetts",1997,BU,Winthrop,Massachusetts
Hanson,Bobby,Bobby Hanson,6-0 ,2/26/1977,"Peabody, Massachusetts",1997,BU,Peabody,Massachusetts
Perry,Scott,Scott Perry,6-0 ,10/12/1978,"Dorchester, Massachusetts",1997,BU,Dorchester,Massachusetts
Quebec,Greg,Greg Quebec,6-0 ,2/2/1978,"Acton, Massachusetts",1997,BU,Acton,Massachusetts
Sylvia,Mike,Mike Sylvia,- ,2/5/1976,"Newton, Massachusetts",1997,BU,Newton,Massachusetts
Vuori,Juha,Juha Vuori,6-0 ,3/21/1975,"Ulvila, Finland",1997,BU,Ulvila,Finland
Weston,Bob,Bob Weston,5-11,,"East Amherst, New York",1997,BU,East Amherst,New York
Ferullo,Shawn,Shawn Ferullo,5-8 ,,"Lynnfield, Massachusetts",1997,BU,Lynnfield,Massachusetts
Larocque,Michel,Michel Larocque,5-11,10/3/1976,"Lahr, Germany",1997,BU,Lahr,Germany
Noble,Tom,Tom Noble,5-10,3/21/1975,"Hanover, Massachusetts",1997,BU,Hanover,Massachusetts
Aufiero,Pat,Pat Aufiero,6-0 ,7/1/1980,"Winchester, Massachusetts",1998,BU,Winchester,Massachusetts
DiPenta,Joe,Joe DiPenta,6-2 ,2/25/1979,"Barrie, Ontario",1998,BU,Barrie,Ontario
Dyment,Chris,Chris Dyment,6-3 ,10/24/1979,"Reading, Massachusetts",1998,BU,Reading,Massachusetts
Emery,Keith,Keith Emery,6-0 ,3/30/1978,"Belmont, Massachusetts",1998,BU,Belmont,Massachusetts
LoPresti,David,David LoPresti,6-0 ,2/23/1978,"East Boston, Massachusetts",1998,BU,East Boston,Massachusetts
Ronan,Dan,Dan Ronan,5-11,6/18/1975,"Woburn, Massachusetts",1998,BU,Woburn,Massachusetts
Sheen,Colin,Colin Sheen,6-1 ,1/17/1979,"Hopkinton, New Hampshire",1998,BU,Hopkinton,New Hampshire
Baker,Jack,Jack Baker,5-7 ,2/21/1980,"Boston, Massachusetts",1998,BU,Boston,Massachusetts
Bartlett,Russ,Russ Bartlett,6-2 ,2/10/1978,"Windham, New Hampshire",1998,BU,Windham,New Hampshire
Cavanaugh,Dan,Dan Cavanaugh,6-2 ,3/3/1980,"Springfield, Massachusetts",1998,BU,Springfield,Massachusetts
Corazzini,Carl,Carl Corazzini,5-9 ,4/21/1979,"Framingham, Massachusetts",1998,BU,Framingham,Massachusetts
Degerman,Tommi,Tommi Degerman,6-1 ,2/23/1976,"Helsinki, Finland",1998,BU,Helsinki,Finland
DiMella,Mike,Mike DiMella,5-9 ,7/18/1979,"Medford, Massachusetts",1998,BU,Medford,Massachusetts
Gillis,Nick,Nick Gillis,6-0 ,2/20/1978,"Winthrop, Massachusetts",1998,BU,Winthrop,Massachusetts
Hanson,Bobby,Bobby Hanson,6-0 ,2/26/1977,"Peabody, Massachusetts",1998,BU,Peabody,Massachusetts
Heron,Chris,Chris Heron,5-10,4/8/1979,"Mississauga, Ontario",1998,BU,Mississauga,Ontario
O'Connell,Albie,Albie O'Connell,6-0 ,5/20/1976,"Watertown, Massachusetts",1998,BU,Watertown,Massachusetts
Pandolfo,Mike,Mike Pandolfo,6-3 ,9/15/1979,"Burlington, Massachusetts",1998,BU,Burlington,Massachusetts
Perry,Scott,Scott Perry,6-0 ,10/12/1978,"Dorchester, Massachusetts",1998,BU,Dorchester,Massachusetts
Quebec,Greg,Greg Quebec,6-0 ,2/2/1978,"Acton, Massachusetts",1998,BU,Acton,Massachusetts
Vuori,Juha,Juha Vuori,6-0 ,3/21/1975,"Ulvila, Finland",1998,BU,Ulvila,Finland
Weston,Bob,Bob Weston,5-11,,"East Amherst, New York",1998,BU,East Amherst,New York
Larocque,Michel,Michel Larocque,5-11,10/3/1976,"Lahr, Germany",1998,BU,Lahr,Germany
Magid,Dave,Dave Magid,- ,,"Orange, Connecticut",1998,BU,Orange,Connecticut
Tapp,Jason,Jason Tapp,5-7 ,4/8/1978,"Kelowna, British Columbia",1998,BU,Kelowna,British Columbia
Aufiero,Pat,Pat Aufiero,6-2,7/1/1980,"Winchester, Massachusetts",1999,BU,Winchester,Massachusetts
Bussoli,Mike,Mike Bussoli,6-1,11/6/1978,"Calgary, Alberta",1999,BU,Calgary,Alberta
Cronin,John,John Cronin,6-1,5/1/1980,"Duxbury, Massachusetts",1999,BU,Duxbury,Massachusetts
Dyment,Chris,Chris Dyment,6-2,10/24/1979,"Reading, Massachusetts",1999,BU,Reading,Massachusetts
Emery,Keith,Keith Emery,6-0,3/30/1978,"Belmont, Massachusetts",1999,BU,Belmont,Massachusetts
Meyer,Freddy,Freddy Meyer,,1/4/1981,"Sanbornville, New Hampshire",1999,BU,Sanbornville,New Hampshire
Sheen,Colin,Colin Sheen,6-1,1/17/1979,"Hopkinton, New Hampshire",1999,BU,Hopkinton,New Hampshire
Baker,Jack,Jack Baker,5-7,2/21/1980,"Boston, Massachusetts",1999,BU,Boston,Massachusetts
Cavanaugh,Dan,Dan Cavanaugh,6-1,3/3/1980,"Springfield, Massachusetts",1999,BU,Springfield,Massachusetts
Collins,Brian,Brian Collins,6-0,9/13/1980,"Shrewsbury, Massachusetts",1999,BU,Shrewsbury,Massachusetts
Corazzini,Carl,Carl Corazzini,5-9,4/21/1979,"Framingham, Massachusetts",1999,BU,Framingham,Massachusetts
Degerman,Tommi,Tommi Degerman,6-2,2/23/1976,"Helsinki, Finland",1999,BU,Helsinki,Finland
DiMella,Mike,Mike DiMella,5-10,7/18/1979,"Medford, Massachusetts",1999,BU,Medford,Massachusetts
Gillis,Nick,Nick Gillis,6-0,2/20/1978,"Winthrop, Massachusetts",1999,BU,Winthrop,Massachusetts
Hanson,Bobby,Bobby Hanson,6-0,2/26/1977,"Peabody, Massachusetts",1999,BU,Peabody,Massachusetts
Heron,Chris,Chris Heron,5-11,4/8/1979,"Mississauga, Ontario",1999,BU,Mississauga,Ontario
Pandolfo,Mike,Mike Pandolfo,6-3,9/15/1979,"Burlington, Massachusetts",1999,BU,Burlington,Massachusetts
Perry,Scott,Scott Perry,5-11,10/12/1978,"Dorchester, Massachusetts",1999,BU,Dorchester,Massachusetts
Priem,Ryan,Ryan Priem,6-1,6/5/1980,"Minnetonka, Minnesota",1999,BU,Minnetonka,Minnesota
Quebec,Greg,Greg Quebec,6-0,2/2/1978,"Acton, Massachusetts",1999,BU,Acton,Massachusetts
Sabo,John,John Sabo,5-8,9/4/1981,"Harding Township, New Jersey",1999,BU,Harding Township,New Jersey
Vuori,Juha,Juha Vuori,6-1,3/21/1975,"Ulvila, Finland",1999,BU,Ulvila,Finland
DiPietro,Rick,Rick DiPietro,6-0,9/19/1981,"Ann Arbor, Michigan",1999,BU,Ann Arbor,Michigan
Tapp,Jason,Jason Tapp,5-7,4/8/1978,"Kelowna, British Columbia",1999,BU,Kelowna,British Columbia
Warren,Andy,Andy Warren,5-11,6/22/1980,"Princeton Junction, New Jersey",1999,BU,Princeton Junction,New Jersey
Aufiero,Pat,Pat Aufiero,6-2,7/1/1980,"Winchester, Massachusetts",2000,BU,Winchester,Massachusetts
Bjelajac,Kevin,Kevin Bjelajac,5-10,9/15/1981,"Los Angeles, California",2000,BU,Los Angeles,California
Bussoli,Mike,Mike Bussoli,6-2,11/6/1978,"Calgary, Alberta",2000,BU,Calgary,Alberta
Cronin,John,John Cronin,6-1,5/1/1980,"Duxbury, Massachusetts",2000,BU,Duxbury,Massachusetts
Dyment,Chris,Chris Dyment,6-3,10/24/1979,"Reading, Massachusetts",2000,BU,Reading,Massachusetts
Emery,Keith,Keith Emery,6-0,3/30/1978,"Belmont, Massachusetts",2000,BU,Belmont,Massachusetts
Meyer,Freddy,Freddy Meyer,5-10,1/4/1981,"Sanbornville, New Hampshire",2000,BU,Sanbornville,New Hampshire
Sheen,Colin,Colin Sheen,6-1,1/17/1979,"Hopkinton, New Hampshire",2000,BU,Hopkinton,New Hampshire
Baker,Jack,Jack Baker,5-7,2/21/1980,"Boston, Massachusetts",2000,BU,Boston,Massachusetts
Cavanaugh,Dan,Dan Cavanaugh,6-1,3/3/1980,"Springfield, Massachusetts",2000,BU,Springfield,Massachusetts
Collins,Brian,Brian Collins,6-0,9/13/1980,"Shrewsbury, Massachusetts",2000,BU,Shrewsbury,Massachusetts
Corazzini,Carl,Carl Corazzini,5-9,4/21/1979,"Framingham, Massachusetts",2000,BU,Framingham,Massachusetts
DiMella,Mike,Mike DiMella,5-9,7/18/1979,"Medford, Massachusetts",2000,BU,Medford,Massachusetts
Gillis,Nick,Nick Gillis,6-0,2/20/1978,"Winthrop, Massachusetts",2000,BU,Winthrop,Massachusetts
Greeley,Stephen,Stephen Greeley,5-7,9/26/1980,"Scituate, Massachusetts",2000,BU,Scituate,Massachusetts
Johnson,Gregg,Gregg Johnson,5-10,6/18/1982,"Windsor, Connecticut",2000,BU,Windsor,Connecticut
Magowan,Ken,Ken Magowan,6-2,7/22/1981,"Kelowna, British Columbia",2000,BU,Kelowna,British Columbia
Mullen,Mark,Mark Mullen,5-11,6/17/1981,"Dorchester, Massachusetts",2000,BU,Dorchester,Massachusetts
Pandolfo,Mike,Mike Pandolfo,6-3,9/15/1979,"Burlington, Massachusetts",2000,BU,Burlington,Massachusetts
Perry,Scott,Scott Perry,5-11,10/12/1978,"Dorchester, Massachusetts",2000,BU,Dorchester,Massachusetts
Priem,Ryan,Ryan Priem,6-1,6/5/1980,"Minnetonka, Minnesota",2000,BU,Minnetonka,Minnesota
Sabo,John,John Sabo,5-8,9/4/1981,"Harding Township, New Jersey",2000,BU,Harding Township,New Jersey
Skladany,Frantisek,Frantisek Skladany,6-0,4/22/1982,"Martin, Slovakia",2000,BU,Martin,Slovakia
Fields,Sean,Sean Fields,5-11,3/6/1981,"Edmonton, Alberta",2000,BU,Edmonton,Alberta
Tapp,Jason,Jason Tapp,5-8,4/8/1978,"Kelowna, British Columbia",2000,BU,Kelowna,British Columbia
Warren,Andy,Andy Warren,5-11,6/22/1980,"Princeton Junction, New Jersey",2000,BU,Princeton Junction,New Jersey
Aufiero,Pat,Pat Aufiero,6-2,7/1/1980,"Winchester, Massachusetts",2001,BU,Winchester,Massachusetts
Bjelajac,Kevin,Kevin Bjelajac,5-10,9/15/1981,"Los Angeles, California",2001,BU,Los Angeles,California
Bussoli,Mike,Mike Bussoli,6-2,11/6/1978,"Calgary, Alberta",2001,BU,Calgary,Alberta
Cronin,John,John Cronin,6-1,5/1/1980,"Duxbury, Massachusetts",2001,BU,Duxbury,Massachusetts
Dyment,Chris,Chris Dyment,6-3,10/24/1979,"Reading, Massachusetts",2001,BU,Reading,Massachusetts
Meyer,Freddy,Freddy Meyer,5-10,1/4/1981,"Sanbornville, New Hampshire",2001,BU,Sanbornville,New Hampshire
Miller,Bryan,Bryan Miller,5-10,2/17/1983,"Wayne, New Jersey",2001,BU,Wayne,New Jersey
Whitney,Ryan,Ryan Whitney,6-4,2/19/1983,"Scituate, Massachusetts",2001,BU,Scituate,Massachusetts
Baker,Jack,Jack Baker,5-7,2/21/1980,"Boston, Massachusetts",2001,BU,Boston,Massachusetts
Collins,Brian,Brian Collins,6-0,9/13/1980,"Shrewsbury, Massachusetts",2001,BU,Shrewsbury,Massachusetts
Greeley,Stephen,Stephen Greeley,5-7,9/26/1980,"Scituate, Massachusetts",2001,BU,Scituate,Massachusetts
Johnson,Gregg,Gregg Johnson,5-10,6/18/1982,"Windsor, Connecticut",2001,BU,Windsor,Connecticut
Johnson,Eric,Eric Johnson,6-1,,"Duluth, Minnesota",2001,BU,Duluth,Minnesota
Klema,David,David Klema,6-1,4/3/1982,"Roseau, Minnesota",2001,BU,Roseau,Minnesota
Magowan,Ken,Ken Magowan,6-2,7/22/1981,"Kelowna, British Columbia",2001,BU,Kelowna,British Columbia
Maiser,Justin,Justin Maiser,6-1,6/29/1983,"Edina, Minnesota",2001,BU,Edina,Minnesota
McConnell,Brian,Brian McConnell,6-1,2/1/1983,"Norfolk, Massachusetts",2001,BU,Norfolk,Massachusetts
Mullen,Mark,Mark Mullen,5-11,6/17/1981,"Dorchester, Massachusetts",2001,BU,Dorchester,Massachusetts
Pandolfo,Mike,Mike Pandolfo,6-3,9/15/1979,"Burlington, Massachusetts",2001,BU,Burlington,Massachusetts
Priem,Ryan,Ryan Priem,6-1,6/5/1980,"Minnetonka, Minnesota",2001,BU,Minnetonka,Minnesota
Radoslovich,Matt,Matt Radoslovich,5-11,4/16/1983,"Wanaque, New Jersey",2001,BU,Wanaque,New Jersey
Sabo,John,John Sabo,5-8,9/4/1981,"Harding Township, New Jersey",2001,BU,Harding Township,New Jersey
Skladany,Frantisek,Frantisek Skladany,6-0,4/22/1982,"Martin, Slovakia",2001,BU,Martin,Slovakia
Fields,Sean,Sean Fields,5-11,3/6/1981,"Edmonton, Alberta",2001,BU,Edmonton,Alberta
Tapp,Jason,Jason Tapp,5-8,4/8/1978,"Kelowna, British Columbia",2001,BU,Kelowna,British Columbia
Warren,Andy,Andy Warren,5-11,6/22/1980,"Princeton Junction, New Jersey",2001,BU,Princeton Junction,New Jersey
Bussoli,Mike,Mike Bussoli,6-1,11/6/1978,"Calgary, Alberta",2002,BU,Calgary,Alberta
Cronin,John,John Cronin,6-1,5/1/1980,"Duxbury, Massachusetts",2002,BU,Duxbury,Massachusetts
Dunlap,Adam,Adam Dunlap,6-0,11/8/1983,"Minnetonka, Minnesota",2002,BU,Minnetonka,Minnesota
Meyer,Freddy,Freddy Meyer,5-10,1/4/1981,"Sanbornville, New Hampshire",2002,BU,Sanbornville,New Hampshire
Miller,Bryan,Bryan Miller,5-10,2/17/1983,"Wayne, New Jersey",2002,BU,Wayne,New Jersey
Redlihs,Jekabs,Jekabs Redlihs,6-1,3/29/1982,"Riga, Latvia",2002,BU,Riga,Latvia
Spang,Dan,Dan Spang,5-11,8/16/1983,"Winchester, Massachusetts",2002,BU,Winchester,Massachusetts
Whitney,Ryan,Ryan Whitney,6-4,2/19/1983,"Scituate, Massachusetts",2002,BU,Scituate,Massachusetts
Collins,Brian,Brian Collins,6-1,9/13/1980,"Shrewsbury, Massachusetts",2002,BU,Shrewsbury,Massachusetts
Greeley,Stephen,Stephen Greeley,5-7,9/26/1980,"Scituate, Massachusetts",2002,BU,Scituate,Massachusetts
Johnson,Gregg,Gregg Johnson,5-11,6/18/1982,"Windsor, Connecticut",2002,BU,Windsor,Connecticut
Klema,David,David Klema,6-0,4/3/1982,"Roseau, Minnesota",2002,BU,Roseau,Minnesota
Laliberte,John,John Laliberte,6-1,8/5/1983,"Saco, Maine",2002,BU,Saco,Maine
Magowan,Ken,Ken Magowan,6-2,7/22/1981,"Kelowna, British Columbia",2002,BU,Kelowna,British Columbia
Maiser,Justin,Justin Maiser,6-2,6/29/1983,"Edina, Minnesota",2002,BU,Edina,Minnesota
McConnell,Brian,Brian McConnell,6-2,2/1/1983,"Norfolk, Massachusetts",2002,BU,Norfolk,Massachusetts
Mullen,Mark,Mark Mullen,6-0,6/17/1981,"Dorchester, Massachusetts",2002,BU,Dorchester,Massachusetts
Priem,Ryan,Ryan Priem,6-1,6/5/1980,"Minnetonka, Minnesota",2002,BU,Minnetonka,Minnesota
Radoslovich,Matt,Matt Radoslovich,5-11,4/16/1983,"Wanaque, New Jersey",2002,BU,Wanaque,New Jersey
Sabo,John,John Sabo,5-8,9/4/1981,"Harding Township, New Jersey",2002,BU,Harding Township,New Jersey
Skladany,Frantisek,Frantisek Skladany,6-0,4/22/1982,"Martin, Slovakia",2002,BU,Martin,Slovakia
Solimine,E.J.,E.J. Solimine,5-10,8/31/1982,"Brookside, New Jersey",2002,BU,Brookside,New Jersey
Van der Gulik,David,David Van der Gulik,5-11,4/20/1983,"Abbotsford, British Columbia",2002,BU,Abbotsford,British Columbia
Zancanaro,Brad,Brad Zancanaro,5-5,6/4/1982,"Trenton, Michigan",2002,BU,Trenton,Michigan
Fields,Sean,Sean Fields,6-0,3/6/1981,"Edmonton, Alberta",2002,BU,Edmonton,Alberta
Siwiec,Stephen,Stephen Siwiec,6-2,8/7/1982,"Calgary, Alberta",2002,BU,Calgary,Alberta
Warren,Andy,Andy Warren,6-1,6/22/1980,"Princeton Junction, New Jersey",2002,BU,Princeton Junction,New Jersey
Dunlap,Adam,Adam Dunlap,6-0,11/8/1983,"Minnetonka, Minnesota",2003,BU,Minnetonka,Minnesota
Miller,Bryan,Bryan Miller,5-10,2/17/1983,"Wayne, New Jersey",2003,BU,Wayne,New Jersey
Morrow,Thomas,Thomas Morrow,6-6,10/21/1983,"Afton, Minnesota",2003,BU,Afton,Minnesota
Redlihs,Jekabs,Jekabs Redlihs,6-1,3/29/1982,"Riga, Latvia",2003,BU,Riga,Latvia
Schaeffer,Kevin,Kevin Schaeffer,6-1,10/16/1984,"South Huntington, New York",2003,BU,South Huntington,New York
Spang,Dan,Dan Spang,5-11,8/16/1983,"Winchester, Massachusetts",2003,BU,Winchester,Massachusetts
Sullivan,Sean,Sean Sullivan,6-0,3/29/1984,"Braintree, Massachusetts",2003,BU,Braintree,Massachusetts
Whitney,Ryan,Ryan Whitney,6-4,2/19/1983,"Scituate, Massachusetts",2003,BU,Scituate,Massachusetts
Greeley,Stephen,Stephen Greeley,5-7,9/26/1980,"Scituate, Massachusetts",2003,BU,Scituate,Massachusetts
Johnson,Gregg,Gregg Johnson,5-11,6/18/1982,"Windsor, Connecticut",2003,BU,Windsor,Connecticut
Klema,David,David Klema,6-0,4/3/1982,"Roseau, Minnesota",2003,BU,Roseau,Minnesota
Laliberte,John,John Laliberte,6-1,8/5/1983,"Saco, Maine",2003,BU,Saco,Maine
Magowan,Ken,Ken Magowan,6-2,7/22/1981,"Kelowna, British Columbia",2003,BU,Kelowna,British Columbia
McConnell,Brian,Brian McConnell,6-2,2/1/1983,"Norfolk, Massachusetts",2003,BU,Norfolk,Massachusetts
Mullen,Mark,Mark Mullen,6-0,6/17/1981,"Dorchester, Massachusetts",2003,BU,Dorchester,Massachusetts
Radoslovich,Matt,Matt Radoslovich,5-11,4/16/1983,"Wanaque, New Jersey",2003,BU,Wanaque,New Jersey
Roche,Kenny,Kenny Roche,6-0,1/2/1984,"South Boston, Massachusetts",2003,BU,South Boston,Massachusetts
Skladany,Frantisek,Frantisek Skladany,6-0,4/22/1982,"Martin, Slovakia",2003,BU,Martin,Slovakia
Solimine,E.J.,E.J. Solimine,5-10,8/31/1982,"Brookside, New Jersey",2003,BU,Brookside,New Jersey
Thomassian,Eric,Eric Thomassian,5-11,4/4/1983,"Rye, New York",2003,BU,Rye,New York
Van der Gulik,David,David Van der Gulik,5-11,4/20/1983,"Abbotsford, British Columbia",2003,BU,Abbotsford,British Columbia
Zancanaro,Brad,Brad Zancanaro,5-5,6/4/1982,"Trenton, Michigan",2003,BU,Trenton,Michigan
Curry,John,John Curry,5-11,2/27/1984,"Shorewood, Minnesota",2003,BU,Shorewood,Minnesota
Fields,Sean,Sean Fields,6-0,3/6/1981,"Edmonton, Alberta",2003,BU,Edmonton,Alberta
Siwiec,Stephen,Stephen Siwiec,6-2,8/7/1982,"Calgary, Alberta",2003,BU,Calgary,Alberta
Kielt,Kevin,Kevin Kielt,6-0,7/5/1984,"Brick, New Jersey",2004,BU,Brick,New Jersey
McGoff,Dan,Dan McGoff,5-9,3/12/1986,"Winchester, Massachusetts",2004,BU,Winchester,Massachusetts
Miller,Bryan,Bryan Miller,5-10,2/17/1983,"Wayne, New Jersey",2004,BU,Wayne,New Jersey
Morrow,Thomas,Thomas Morrow,6-7,10/21/1983,"Afton, Minnesota",2004,BU,Afton,Minnesota
Redlihs,Jekabs,Jekabs Redlihs,6-2,3/29/1982,"Riga, Latvia",2004,BU,Riga,Latvia
Schaeffer,Kevin,Kevin Schaeffer,6-1,10/16/1984,"South Huntington, New York",2004,BU,South Huntington,New York
Spang,Dan,Dan Spang,6-0,8/16/1983,"Winchester, Massachusetts",2004,BU,Winchester,Massachusetts
Sullivan,Sean,Sean Sullivan,5-11,3/29/1984,"Braintree, Massachusetts",2004,BU,Braintree,Massachusetts
Bourque,Chris,Chris Bourque,5-9,1/29/1986,"Topsfield, Massachusetts",2004,BU,Topsfield,Massachusetts
Ewing,Bryan,Bryan Ewing,5-10,1/23/1985,"Plymouth, Massachusetts",2004,BU,Plymouth,Massachusetts
Laliberte,John,John Laliberte,6-2,8/5/1983,"Saco, Maine",2004,BU,Saco,Maine
MacArthur,Pete,Pete MacArthur,5-10,6/20/1985,"Clifton Park, New York",2004,BU,Clifton Park,New York
McConnell,Brian,Brian McConnell,6-2,2/1/1983,"Norfolk, Massachusetts",2004,BU,Norfolk,Massachusetts
McGuirk,Brian,Brian McGuirk,5-11,7/11/1985,"Danvers, Massachusetts",2004,BU,Danvers,Massachusetts
Monaghan,Ryan,Ryan Monaghan,6-3,5/30/1985,"Wilmette, Illinois",2004,BU,Wilmette,Illinois
Percella,Pat,Pat Percella,6-0,8/13/1985,"Bayonne, New Jersey",2004,BU,Bayonne,New Jersey
Radoslovich,Matt,Matt Radoslovich,6-0,4/16/1983,"Wanaque, New Jersey",2004,BU,Wanaque,New Jersey
Roche,Kenny,Kenny Roche,6-0,1/2/1984,"South Boston, Massachusetts",2004,BU,South Boston,Massachusetts
Sanders,Craig,Craig Sanders,6-1,1/16/1984,"Wellesley, Massachusetts",2004,BU,Wellesley,Massachusetts
Thomassian,Eric,Eric Thomassian,5-11,4/4/1983,"Rye, New York",2004,BU,Rye,New York
Van der Gulik,David,David Van der Gulik,6-0,4/20/1983,"Abbotsford, British Columbia",2004,BU,Abbotsford,British Columbia
Weston,Ryan,Ryan Weston,6-2,1/9/1984,"Henniker, New Hampshire",2004,BU,Henniker,New Hampshire
Zancanaro,Brad,Brad Zancanaro,5-5,6/4/1982,"Trenton, Michigan",2004,BU,Trenton,Michigan
Curry,John,John Curry,5-11,2/27/1984,"Shorewood, Minnesota",2004,BU,Shorewood,Minnesota
Gillespie,Karson,Karson Gillespie,5-11,5/31/1983,"Mankota, Saskatchewan",2004,BU,Mankota,Saskatchewan
Siwiec,Stephen,Stephen Siwiec,6-2,8/7/1982,"Calgary, Alberta",2004,BU,Calgary,Alberta
Gilroy,Matt,Matt Gilroy,6-2,7/30/1984,"North Bellmore, New York",2005,BU,North Bellmore,New York
Kielt,Kevin,Kevin Kielt,6-0,7/5/1984,"Brick, New Jersey",2005,BU,Brick,New Jersey
McGoff,Dan,Dan McGoff,5-9,3/12/1986,"Winchester, Massachusetts",2005,BU,Winchester,Massachusetts
Morrow,Thomas,Thomas Morrow,6-7,10/21/1983,"Afton, Minnesota",2005,BU,Afton,Minnesota
Redlihs,Jekabs,Jekabs Redlihs,6-2,3/29/1982,"Riga, Latvia",2005,BU,Riga,Latvia
Schaeffer,Kevin,Kevin Schaeffer,6-1,10/16/1984,"South Huntington, New York",2005,BU,South Huntington,New York
Spang,Dan,Dan Spang,6-0,8/16/1983,"Winchester, Massachusetts",2005,BU,Winchester,Massachusetts
Sullivan,Sean,Sean Sullivan,5-11,3/29/1984,"Braintree, Massachusetts",2005,BU,Braintree,Massachusetts
Ewing,Bryan,Bryan Ewing,5-10,1/23/1985,"Plymouth, Massachusetts",2005,BU,Plymouth,Massachusetts
Higgins,Chris,Chris Higgins,5-10,4/30/1986,"Lynnfield, Massachusetts",2005,BU,Lynnfield,Massachusetts
Laliberte,John,John Laliberte,6-2,8/5/1983,"Saco, Maine",2005,BU,Saco,Maine
Lawrence,Jason,Jason Lawrence,5-10,2/2/1987,"Saugus, Massachusetts",2005,BU,Saugus,Massachusetts
MacArthur,Pete,Pete MacArthur,5-10,6/20/1985,"Clifton Park, New York",2005,BU,Clifton Park,New York
McCarthy,John,John McCarthy,6-1,8/9/1986,"Andover, Massachusetts",2005,BU,Andover,Massachusetts
McGuirk,Brian,Brian McGuirk,5-11,7/11/1985,"Danvers, Massachusetts",2005,BU,Danvers,Massachusetts
Monaghan,Ryan,Ryan Monaghan,6-3,5/30/1985,"Wilmette, Illinois",2005,BU,Wilmette,Illinois
Roche,Kenny,Kenny Roche,6-0,1/2/1984,"South Boston, Massachusetts",2005,BU,South Boston,Massachusetts
Sanders,Craig,Craig Sanders,6-1,1/16/1984,"Wellesley, Massachusetts",2005,BU,Wellesley,Massachusetts
Smolinsky,Steve,Steve Smolinsky,5-11,5/22/1986,"Plymouth, Massachusetts",2005,BU,Plymouth,Massachusetts
Thomassian,Eric,Eric Thomassian,5-11,4/4/1983,"Rye, New York",2005,BU,Rye,New York
Van der Gulik,David,David Van der Gulik,6-0,4/20/1983,"Abbotsford, British Columbia",2005,BU,Abbotsford,British Columbia
Weston,Ryan,Ryan Weston,6-2,1/9/1984,"Henniker, New Hampshire",2005,BU,Henniker,New Hampshire
Yip,Brandon,Brandon Yip,6-1,4/25/1985,"Maple Ridge, British Columbia",2005,BU,Maple Ridge,British Columbia
Zancanaro,Brad,Brad Zancanaro,5-5,6/4/1982,"Trenton, Michigan",2005,BU,Trenton,Michigan
Curry,John,John Curry,5-11,2/27/1984,"Shorewood, Minnesota",2005,BU,Shorewood,Minnesota
Gillespie,Karson,Karson Gillespie,5-11,5/31/1983,"Mankota, Saskatchewan",2005,BU,Mankota,Saskatchewan
Siwiec,Stephen,Stephen Siwiec,6-2,8/7/1982,"Calgary, Alberta",2005,BU,Calgary,Alberta
Gilroy,Matt,Matt Gilroy,6-2,7/30/1984,"North Bellmore, New York",2006,BU,North Bellmore,New York
Gryba,Eric,Eric Gryba,6-3,4/18/1988,"Saskatoon, Saskatchewan",2006,BU,Saskatoon,Saskatchewan
Kielt,Kevin,Kevin Kielt,6-1,7/5/1984,"Brick, New Jersey",2006,BU,Brick,New Jersey
McGoff,Dan,Dan McGoff,5-9,3/12/1986,"Winchester, Massachusetts",2006,BU,Winchester,Massachusetts
Morrow,Thomas,Thomas Morrow,6-7,10/21/1983,"Afton, Minnesota",2006,BU,Afton,Minnesota
Schaeffer,Kevin,Kevin Schaeffer,6-1,10/16/1984,"South Huntington, New York",2006,BU,South Huntington,New York
Strait,Brian,Brian Strait,6-1,1/4/1988,"Waltham, Massachusetts",2006,BU,Waltham,Massachusetts
Sullivan,Sean,Sean Sullivan,6-0,3/29/1984,"Braintree, Massachusetts",2006,BU,Braintree,Massachusetts
Cohen,Zach,Zach Cohen,6-3,2/6/1987,"Schaumburg, Illinois",2006,BU,Schaumburg,Illinois
Ewing,Bryan,Bryan Ewing,5-10,1/23/1985,"Plymouth, Massachusetts",2006,BU,Plymouth,Massachusetts
Higgins,Chris,Chris Higgins,5-11,4/30/1986,"Lynnfield, Massachusetts",2006,BU,Lynnfield,Massachusetts
Lawrence,Jason,Jason Lawrence,5-10,2/2/1987,"Saugus, Massachusetts",2006,BU,Saugus,Massachusetts
MacArthur,Pete,Pete MacArthur,5-10,6/20/1985,"Clifton Park, New York",2006,BU,Clifton Park,New York
McCarthy,John,John McCarthy,6-1,8/9/1986,"Andover, Massachusetts",2006,BU,Andover,Massachusetts
McGuirk,Brian,Brian McGuirk,5-11,7/11/1985,"Danvers, Massachusetts",2006,BU,Danvers,Massachusetts
Monaghan,Ryan,Ryan Monaghan,6-3,5/30/1985,"Wilmette, Illinois",2006,BU,Wilmette,Illinois
Popko,Luke,Luke Popko,5-10,3/29/1988,"Skillman, New Jersey",2006,BU,Skillman,New Jersey
Roche,Kenny,Kenny Roche,6-0,1/2/1984,"South Boston, Massachusetts",2006,BU,South Boston,Massachusetts
Sanders,Craig,Craig Sanders,5-11,1/16/1984,"Wellesley, Massachusetts",2006,BU,Wellesley,Massachusetts
Smolinsky,Steve,Steve Smolinsky,5-10,5/22/1986,"Plymouth, Massachusetts",2006,BU,Plymouth,Massachusetts
Thomassian,Eric,Eric Thomassian,5-11,4/4/1983,"Rye, New York",2006,BU,Rye,New York
Weston,Ryan,Ryan Weston,6-2,1/9/1984,"Henniker, New Hampshire",2006,BU,Henniker,New Hampshire
Yip,Brandon,Brandon Yip,6-1,4/25/1985,"Maple Ridge, British Columbia",2006,BU,Maple Ridge,British Columbia
Bennett,Brett,Brett Bennett,6-1,3/8/1988,"Williamsville, New York",2006,BU,Williamsville,New York
Curry,John,John Curry,5-11,2/27/1984,"Shorewood, Minnesota",2006,BU,Shorewood,Minnesota
Gillespie,Karson,Karson Gillespie,5-9,5/31/1983,"Mankota, Saskatchewan",2006,BU,Mankota,Saskatchewan
Cohen,Colby,Colby Cohen,6-3,1/29/1989,"Villanova, Pennsylvania",2007,BU,Villanova,Pennsylvania
Gilroy,Matt,Matt Gilroy,6-2,7/30/1984,"North Bellmore, New York",2007,BU,North Bellmore,New York
Gryba,Eric,Eric Gryba,6-3,4/18/1988,"Saskatoon, Saskatchewan",2007,BU,Saskatoon,Saskatchewan
Kielt,Kevin,Kevin Kielt,6-1,7/5/1984,"Brick, New Jersey",2007,BU,Brick,New Jersey
McGoff,Dan,Dan McGoff,5-9,3/12/1986,"Winchester, Massachusetts",2007,BU,Winchester,Massachusetts
Shattenkirk,Kevin,Kevin Shattenkirk,5-11,1/29/1989,"New Rochelle, New York",2007,BU,New Rochelle,New York
Strait,Brian,Brian Strait,6-1,1/4/1988,"Waltham, Massachusetts",2007,BU,Waltham,Massachusetts
Bonino,Nick,Nick Bonino,6-1,4/20/1988,"Unionville, Connecticut",2007,BU,Unionville,Connecticut
Cohen,Zach,Zach Cohen,6-3,2/6/1987,"Schaumburg, Illinois",2007,BU,Schaumburg,Illinois
Ewing,Bryan,Bryan Ewing,5-10,1/23/1985,"Plymouth, Massachusetts",2007,BU,Plymouth,Massachusetts
Higgins,Chris,Chris Higgins,5-11,4/30/1986,"Lynnfield, Massachusetts",2007,BU,Lynnfield,Massachusetts
Lawrence,Jason,Jason Lawrence,5-10,2/2/1987,"Saugus, Massachusetts",2007,BU,Saugus,Massachusetts
MacArthur,Pete,Pete MacArthur,5-10,6/20/1985,"Clifton Park, New York",2007,BU,Clifton Park,New York
McCarthy,John,John McCarthy,6-1,8/9/1986,"Andover, Massachusetts",2007,BU,Andover,Massachusetts
McGuirk,Brian,Brian McGuirk,5-11,7/11/1985,"Danvers, Massachusetts",2007,BU,Danvers,Massachusetts
Monaghan,Ryan,Ryan Monaghan,6-4,5/30/1985,"Wilmette, Illinois",2007,BU,Wilmette,Illinois
Pereira,Joe,Joe Pereira,5-10,3/28/1987,"West Haven, Connecticut",2007,BU,West Haven,Connecticut
Popko,Luke,Luke Popko,5-10,3/29/1988,"Skillman, New Jersey",2007,BU,Skillman,New Jersey
Sanders,Craig,Craig Sanders,6-0,1/16/1984,"Wellesley, Massachusetts",2007,BU,Wellesley,Massachusetts
Saponari,Victor,Victor Saponari,5-10,11/15/1987,"Powder Springs, Georgia",2007,BU,Powder Springs,Georgia
Smolinsky,Steve,Steve Smolinsky,5-10,5/22/1986,"Plymouth, Massachusetts",2007,BU,Plymouth,Massachusetts
Weston,Ryan,Ryan Weston,6-2,1/9/1984,"Henniker, New Hampshire",2007,BU,Henniker,New Hampshire
Wilson,Colin,Colin Wilson,6-1,10/20/1989,"Winnipeg, Manitoba",2007,BU,Winnipeg,Manitoba
Yip,Brandon,Brandon Yip,6-1,4/25/1985,"Maple Ridge, British Columbia",2007,BU,Maple Ridge,British Columbia
Bennett,Brett,Brett Bennett,6-1,3/8/1988,"Williamsville, New York",2007,BU,Williamsville,New York
Gillespie,Karson,Karson Gillespie,5-11,5/31/1983,"Mankota, Saskatchewan",2007,BU,Mankota,Saskatchewan
Kraus,Adam,Adam Kraus,6-3,7/25/1987,"Irving, Texas",2007,BU,Irving,Texas
Cohen,Colby,Colby Cohen,6-3,1/29/1989,"Villanova, Pennsylvania",2008,BU,Villanova,Pennsylvania
Gilroy,Matt,Matt Gilroy,6-2,7/30/1984,"North Bellmore, New York",2008,BU,North Bellmore,New York
Gryba,Eric,Eric Gryba,6-4,4/18/1988,"Saskatoon, Saskatchewan",2008,BU,Saskatoon,Saskatchewan
Ruikka,Ryan,Ryan Ruikka,6-0,3/31/1988,"Chelsea, Michigan",2008,BU,Chelsea,Michigan
Shattenkirk,Kevin,Kevin Shattenkirk,5-11,1/29/1989,"New Rochelle, New York",2008,BU,New Rochelle,New York
Smolinsky,Steve,Steve Smolinsky,5-10,5/22/1986,"Plymouth, Massachusetts",2008,BU,Plymouth,Massachusetts
Strait,Brian,Brian Strait,6-1,1/4/1988,"Waltham, Massachusetts",2008,BU,Waltham,Massachusetts
Warsofsky,David,David Warsofsky,5-9,5/30/1990,"Marshfield, Massachusetts",2008,BU,Marshfield,Massachusetts
Bonino,Nick,Nick Bonino,6-1,4/20/1988,"Unionville, Connecticut",2008,BU,Unionville,Connecticut
Cohen,Zach,Zach Cohen,6-3,2/6/1987,"Schaumburg, Illinois",2008,BU,Schaumburg,Illinois
Connolly,Chris,Chris Connolly,5-9,7/23/1987,"Duluth, Minnesota",2008,BU,Duluth,Minnesota
Gaudet,Ross,Ross Gaudet,6-0,8/26/1988,"Burlington, Massachusetts",2008,BU,Burlington,Massachusetts
Gilroy,Kevin,Kevin Gilroy,6-0,7/8/1987,"North Bellmore, New York",2008,BU,North Bellmore,New York
Glass,Andrew,Andrew Glass,5-11,7/14/1989,"Wrentham, Massachusetts",2008,BU,Wrentham,Massachusetts
Higgins,Chris,Chris Higgins,5-11,4/30/1986,"Lynnfield, Massachusetts",2008,BU,Lynnfield,Massachusetts
Lawrence,Jason,Jason Lawrence,5-10,2/2/1987,"Saugus, Massachusetts",2008,BU,Saugus,Massachusetts
McCarthy,John,John McCarthy,6-1,8/9/1986,"Andover, Massachusetts",2008,BU,Andover,Massachusetts
Pereira,Joe,Joe Pereira,5-10,3/28/1987,"West Haven, Connecticut",2008,BU,West Haven,Connecticut
Popko,Luke,Luke Popko,5-10,3/29/1988,"Skillman, New Jersey",2008,BU,Skillman,New Jersey
Saponari,Vinny,Vinny Saponari,6-0,2/15/1990,"Powder Springs, Georgia",2008,BU,Powder Springs,Georgia
Saponari,Victor,Victor Saponari,5-10,11/15/1987,"Powder Springs, Georgia",2008,BU,Powder Springs,Georgia
Trivino,Corey,Corey Trivino,6-1,1/12/1990,"Toronto, Ontario",2008,BU,Toronto,Ontario
Wilson,Colin,Colin Wilson,6-2,10/20/1989,"Winnipeg, Manitoba",2008,BU,Winnipeg,Manitoba
Yip,Brandon,Brandon Yip,6-1,4/25/1985,"Maple Ridge, British Columbia",2008,BU,Maple Ridge,British Columbia
Kraus,Adam,Adam Kraus,6-3,7/25/1987,"Irving, Texas",2008,BU,Irving,Texas
Millan,Kieran,Kieran Millan,6-0,8/31/1989,"Edmonton, Alberta",2008,BU,Edmonton,Alberta
Rollheiser,Grant,Grant Rollheiser,6-4,7/24/1989,"Chilliwack, British Columbia",2008,BU,Chilliwack,British Columbia
Cohen,Colby,Colby Cohen,6-3,1/29/1989,"Villanova, Pennsylvania",2009,BU,Villanova,Pennsylvania
Escobedo,Sean,Sean Escobedo,6-0,10/27/1990,"Bayside, New York",2009,BU,Bayside,New York
Gryba,Eric,Eric Gryba,6-4,4/18/1988,"Saskatoon, Saskatchewan",2009,BU,Saskatoon,Saskatchewan
Nicastro,Max,Max Nicastro,6-3,3/2/1990,"Thousand Oaks, California",2009,BU,Thousand Oaks,California
Rosen,Ben,Ben Rosen,5-11,1/7/1989,"Syosset, New York",2009,BU,Syosset,New York
Ruikka,Ryan,Ryan Ruikka,6-0,3/31/1988,"Chelsea, Michigan",2009,BU,Chelsea,Michigan
Shattenkirk,Kevin,Kevin Shattenkirk,6-0,1/29/1989,"New Rochelle, New York",2009,BU,New Rochelle,New York
Warsofsky,David,David Warsofsky,5-9,5/30/1990,"Marshfield, Massachusetts",2009,BU,Marshfield,Massachusetts
Bonino,Nick,Nick Bonino,6-1,4/20/1988,"Unionville, Connecticut",2009,BU,Unionville,Connecticut
Chiasson,Alex,Alex Chiasson,6-4,10/1/1990,"St. Augustin, Quebec",2009,BU,St. Augustin,Quebec
Cohen,Zach,Zach Cohen,6-3,2/6/1987,"Schaumburg, Illinois",2009,BU,Schaumburg,Illinois
Connolly,Chris,Chris Connolly,5-9,7/23/1987,"Duluth, Minnesota",2009,BU,Duluth,Minnesota
Courtnall,Justin,Justin Courtnall,6-3,5/21/1989,"Victoria, British Columbia",2009,BU,Victoria,British Columbia
Gaudet,Ross,Ross Gaudet,6-0,8/26/1988,"Burlington, Massachusetts",2009,BU,Burlington,Massachusetts
Gilroy,Kevin,Kevin Gilroy,6-0,7/8/1987,"North Bellmore, New York",2009,BU,North Bellmore,New York
Glass,Andrew,Andrew Glass,5-11,7/14/1989,"Wrentham, Massachusetts",2009,BU,Wrentham,Massachusetts
Megan,Wade,Wade Megan,6-1,7/22/1990,"Canton, New York",2009,BU,Canton,New York
Pereira,Joe,Joe Pereira,5-10,3/28/1987,"West Haven, Connecticut",2009,BU,West Haven,Connecticut
Popko,Luke,Luke Popko,5-10,3/29/1988,"Skillman, New Jersey",2009,BU,Skillman,New Jersey
Santana,Ryan,Ryan Santana,6-1,11/22/1988,"Yorba Linda, California",2009,BU,Yorba Linda,California
Saponari,Vinny,Vinny Saponari,6-0,2/15/1990,"Powder Springs, Georgia",2009,BU,Powder Springs,Georgia
Saponari,Victor,Victor Saponari,5-10,11/15/1987,"Powder Springs, Georgia",2009,BU,Powder Springs,Georgia
Trivino,Corey,Corey Trivino,6-1,1/12/1990,"Toronto, Ontario",2009,BU,Toronto,Ontario
Kraus,Adam,Adam Kraus,6-3,7/25/1987,"Irving, Texas",2009,BU,Irving,Texas
Millan,Kieran,Kieran Millan,6-0,8/31/1989,"Edmonton, Alberta",2009,BU,Edmonton,Alberta
Rollheiser,Grant,Grant Rollheiser,6-4,7/24/1989,"Chilliwack, British Columbia",2009,BU,Chilliwack,British Columbia
Clendening,Adam,Adam Clendening,6-0,10/26/1992,"Wheatfield, New York",2010,BU,Wheatfield,New York
Escobedo,Sean,Sean Escobedo,6-0,10/27/1990,"Bayside, New York",2010,BU,Bayside,New York
MacGregor,Patrick,Patrick MacGregor,6-4,7/12/1990,"Hamden, Connecticut",2010,BU,Hamden,Connecticut
Nicastro,Max,Max Nicastro,6-2,3/2/1990,"Thousand Oaks, California",2010,BU,Thousand Oaks,California
Noonan,Garrett,Garrett Noonan,6-2,1/28/1991,"Norfolk, Massachusetts",2010,BU,Norfolk,Massachusetts
Rosen,Ben,Ben Rosen,5-11,1/7/1989,"Syosset, New York",2010,BU,Syosset,New York
Ruikka,Ryan,Ryan Ruikka,6-0,3/31/1988,"Chelsea, Michigan",2010,BU,Chelsea,Michigan
Warsofsky,David,David Warsofsky,5-9,5/30/1990,"Marshfield, Massachusetts",2010,BU,Marshfield,Massachusetts
Chiasson,Alex,Alex Chiasson,6-3,10/1/1990,"St. Augustin, Quebec",2010,BU,St. Augustin,Quebec
Ciss�,Yasin,Yasin Ciss�,6-3,3/11/1992,"Westmount, Quebec",2010,BU,Westmount,Quebec
Connolly,Chris,Chris Connolly,5-9,7/23/1987,"Duluth, Minnesota",2010,BU,Duluth,Minnesota
Courtnall,Justin,Justin Courtnall,6-3,5/21/1989,"Victoria, British Columbia",2010,BU,Victoria,British Columbia
Coyle,Charlie,Charlie Coyle,6-2,3/2/1992,"East Weymouth, Massachusetts",2010,BU,East Weymouth,Massachusetts
Gaudet,Ross,Ross Gaudet,6-0,8/26/1988,"Burlington, Massachusetts",2010,BU,Burlington,Massachusetts
Gill,Sahir,Sahir Gill,5-10,4/21/1992,"Terrace, British Columbia",2010,BU,Terrace,British Columbia
Gilroy,Kevin,Kevin Gilroy,6-0,7/8/1987,"North Bellmore, New York",2010,BU,North Bellmore,New York
Glass,Andrew,Andrew Glass,5-11,7/14/1989,"Wrentham, Massachusetts",2010,BU,Wrentham,Massachusetts
Megan,Wade,Wade Megan,6-1,7/22/1990,"Canton, New York",2010,BU,Canton,New York
Nieto,Matt,Matt Nieto,5-11,11/5/1992,"Long Beach, California",2010,BU,Long Beach,California
Pereira,Joe,Joe Pereira,5-10,3/28/1987,"West Haven, Connecticut",2010,BU,West Haven,Connecticut
Ronan,Matt,Matt Ronan,5-11,1/2/1990,"Woburn, Massachusetts",2010,BU,Woburn,Massachusetts
Santana,Ryan,Ryan Santana,6-1,11/22/1988,"Yorba Linda, California",2010,BU,Yorba Linda,California
Trivino,Corey,Corey Trivino,6-1,1/12/1990,"Toronto, Ontario",2010,BU,Toronto,Ontario
Kraus,Adam,Adam Kraus,6-3,7/25/1987,"Irving, Texas",2010,BU,Irving,Texas
Millan,Kieran,Kieran Millan,6-0,8/31/1989,"Edmonton, Alberta",2010,BU,Edmonton,Alberta
Rollheiser,Grant,Grant Rollheiser,6-4,7/24/1989,"Chilliwack, British Columbia",2010,BU,Chilliwack,British Columbia
Clendening,Adam,Adam Clendening,6-0,10/26/1992,"Wheatfield, New York",2011,BU,Wheatfield,New York
Escobedo,Sean,Sean Escobedo,6-0,10/27/1990,"Bayside, New York",2011,BU,Bayside,New York
MacGregor,Patrick,Patrick MacGregor,6-4,7/12/1990,"Hamden, Connecticut",2011,BU,Hamden,Connecticut
Nicastro,Max,Max Nicastro,6-2,3/2/1990,"Thousand Oaks, California",2011,BU,Thousand Oaks,California
Noonan,Garrett,Garrett Noonan,6-2,1/28/1991,"Norfolk, Massachusetts",2011,BU,Norfolk,Massachusetts
Privitera,Alexx,Alexx Privitera,5-11,1/18/1993,"Old Tappan, New Jersey",2011,BU,Old Tappan,New Jersey
Rosen,Ben,Ben Rosen,5-11,1/7/1989,"Syosset, New York",2011,BU,Syosset,New York
Ruikka,Ryan,Ryan Ruikka,6-0,3/31/1988,"Chelsea, Michigan",2011,BU,Chelsea,Michigan
Chiasson,Alex,Alex Chiasson,6-3,10/1/1990,"St. Augustin, Quebec",2011,BU,St. Augustin,Quebec
Ciss�,Yasin,Yasin Ciss�,6-3,3/11/1992,"Westmount, Quebec",2011,BU,Westmount,Quebec
Connolly,Chris,Chris Connolly,5-9,7/23/1987,"Duluth, Minnesota",2011,BU,Duluth,Minnesota
Courtnall,Justin,Justin Courtnall,6-3,5/21/1989,"Victoria, British Columbia",2011,BU,Victoria,British Columbia
Gaudet,Ross,Ross Gaudet,6-0,8/26/1988,"Burlington, Massachusetts",2011,BU,Burlington,Massachusetts
Gill,Sahir,Sahir Gill,5-10,4/21/1992,"Terrace, British Columbia",2011,BU,Terrace,British Columbia
Gilroy,Kevin,Kevin Gilroy,6-0,7/8/1987,"North Bellmore, New York",2011,BU,North Bellmore,New York
Hohmann,Cason,Cason Hohmann,5-9,1/10/1993,"Plymouth, Michigan",2011,BU,Plymouth,Michigan
Megan,Wade,Wade Megan,6-1,7/22/1990,"Canton, New York",2011,BU,Canton,New York
Moscatel,Jake,Jake Moscatel,6-0,4/10/1988,"Lexington, Massachusetts",2011,BU,Lexington,Massachusetts
Nieto,Matt,Matt Nieto,5-11,11/5/1992,"Long Beach, California",2011,BU,Long Beach,California
Rodrigues,Evan,Evan Rodrigues,5-10,7/28/1993,"Etobicoke, Ontario",2011,BU,Etobicoke,Ontario
Ronan,Matt,Matt Ronan,5-11,1/2/1990,"Woburn, Massachusetts",2011,BU,Woburn,Massachusetts
Santana,Ryan,Ryan Santana,6-1,11/22/1988,"Yorba Linda, California",2011,BU,Yorba Linda,California
Millan,Kieran,Kieran Millan,6-0,8/31/1989,"Edmonton, Alberta",2011,BU,Edmonton,Alberta
Moccia,Anthony,Anthony Moccia,5-9,12/23/1990,"Medford, Massachusetts",2011,BU,Medford,Massachusetts
Rollheiser,Grant,Grant Rollheiser,6-4,7/24/1989,"Chilliwack, British Columbia",2011,BU,Chilliwack,British Columbia
Escobedo,Sean,Sean Escobedo,6-0,10/27/1990,"Bayside, New York",2012,BU,Bayside,New York
Grzelcyk,Matt,Matt Grzelcyk,5-9,1/5/1994,"Charlestown, Massachusetts",2012,BU,Charlestown,Massachusetts
MacGregor,Patrick,Patrick MacGregor,6-4,7/12/1990,"Hamden, Connecticut",2012,BU,Hamden,Connecticut
Noonan,Garrett,Garrett Noonan,6-2,1/28/1991,"Norfolk, Massachusetts",2012,BU,Norfolk,Massachusetts
Oksanen,Ahti,Ahti Oksanen,6-3,3/10/1993,"Kirkkonummi, Finland",2012,BU,Kirkkonummi,Finland
Privitera,Alexx,Alexx Privitera,5-11,1/18/1993,"Old Tappan, New Jersey",2012,BU,Old Tappan,New Jersey
Rosen,Ben,Ben Rosen,5-11,1/7/1989,"Syosset, New York",2012,BU,Syosset,New York
Ruikka,Ryan,Ryan Ruikka,6-0,3/31/1988,"Chelsea, Michigan",2012,BU,Chelsea,Michigan
Gill,Sahir,Sahir Gill,5-10,4/21/1992,"Terrace, British Columbia",2012,BU,Terrace,British Columbia
Hohmann,Cason,Cason Hohmann,5-9,1/10/1993,"Plymouth, Michigan",2012,BU,Plymouth,Michigan
Kurker,Sam,Sam Kurker,6-2,4/8/1994,"Reading, Massachusetts",2012,BU,Reading,Massachusetts
Lane,Matt,Matt Lane,5-10,3/15/1994,"Rochester, New York",2012,BU,Rochester,New York
Megan,Wade,Wade Megan,6-1,7/22/1990,"Canton, New York",2012,BU,Canton,New York
Moran,Mike,Mike Moran,6-1,9/7/1991,"Marshfield, Massachusetts",2012,BU,Marshfield,Massachusetts
Moscatel,Jake,Jake Moscatel,6-0,4/10/1988,"Lexington, Massachusetts",2012,BU,Lexington,Massachusetts
Nieto,Matt,Matt Nieto,5-11,11/5/1992,"Long Beach, California",2012,BU,Long Beach,California
O'Regan,Danny,Danny O'Regan,5-10,1/30/1994,"Needham, Massachusetts",2012,BU,Needham,Massachusetts
Rodrigues,Evan,Evan Rodrigues,5-10,7/28/1993,"Etobicoke, Ontario",2012,BU,Etobicoke,Ontario
Ronan,Matt,Matt Ronan,5-11,1/2/1990,"Woburn, Massachusetts",2012,BU,Woburn,Massachusetts
Santana,Ryan,Ryan Santana,6-1,11/22/1988,"Yorba Linda, California",2012,BU,Yorba Linda,California
Maguire,Sean,Sean Maguire,6-2,2/2/1993,"Powell River, British Columbia",2012,BU,Powell River,British Columbia
Moccia,Anthony,Anthony Moccia,5-9,12/23/1990,"Medford, Massachusetts",2012,BU,Medford,Massachusetts
O'Connor,Matt,Matt O'Connor,6-5,2/14/1992,"Toronto, Ontario",2012,BU,Toronto,Ontario
Carrabino,J.D.,J.D. Carrabino,6-6,2/17/1991,"New Canaan, Connecticut",2013,BU,New Canaan,Connecticut
Grzelcyk,Matt,Matt Grzelcyk,5-9,1/5/1994,"Charlestown, Massachusetts",2013,BU,Charlestown,Massachusetts
MacAfee,Dalton,Dalton MacAfee,6-0,7/8/1994,"Needham, Massachusetts",2013,BU,Needham,Massachusetts
MacGregor,Patrick,Patrick MacGregor,6-4,7/12/1990,"Hamden, Connecticut",2013,BU,Hamden,Connecticut
Noonan,Garrett,Garrett Noonan,6-1,1/28/1991,"Norfolk, Massachusetts",2013,BU,Norfolk,Massachusetts
Oksanen,Ahti,Ahti Oksanen,6-3,3/10/1993,"Kirkkonummi, Finland",2013,BU,Kirkkonummi,Finland
Ryan,T.J.,T.J. Ryan,6-0,11/13/1992,"West Newton, Massachusetts",2013,BU,West Newton,Massachusetts
Somerby,Doyle,Doyle Somerby,6-5,7/4/1994,"Marblehead, Massachusetts",2013,BU,Marblehead,Massachusetts
Baillargeon,Robbie,Robbie Baillargeon,6-0,11/26/1993,"Enfield, Connecticut",2013,BU,Enfield,Connecticut
Collier,Brendan,Brendan Collier,5-9,10/8/1993,"Charlestown, Massachusetts",2013,BU,Charlestown,Massachusetts
Duane,Kevin,Kevin Duane,6-5,1/16/1994,"New Canaan, Connecticut",2013,BU,New Canaan,Connecticut
Hohmann,Cason,Cason Hohmann,5-9,1/10/1993,"Plymouth, Michigan",2013,BU,Plymouth,Michigan
Kelley,Tommy,Tommy Kelley,5-10,9/15/1994,"Natick, Massachusetts",2013,BU,Natick,Massachusetts
Lane,Matt,Matt Lane,5-10,3/15/1994,"Rochester, New York",2013,BU,Rochester,New York
Lawrence,Dillon,Dillon Lawrence,6-3,3/22/1995,"Toronto, Ontario",2013,BU,Toronto,Ontario
Moran,Mike,Mike Moran,6-1,9/7/1991,"Marshfield, Massachusetts",2013,BU,Marshfield,Massachusetts
Moscatel,Jake,Jake Moscatel,6-0,4/10/1988,"Lexington, Massachusetts",2013,BU,Lexington,Massachusetts
O'Regan,Danny,Danny O'Regan,5-10,1/30/1994,"Needham, Massachusetts",2013,BU,Needham,Massachusetts
Roberto,Nick,Nick Roberto,5-9,4/4/1994,"Wakefield, Massachusetts",2013,BU,Wakefield,Massachusetts
Rodrigues,Evan,Evan Rodrigues,5-11,7/28/1993,"Etobicoke, Ontario",2013,BU,Etobicoke,Ontario
Ronan,Matt,Matt Ronan,5-11,1/2/1990,"Woburn, Massachusetts",2013,BU,Woburn,Massachusetts
Maguire,Sean,Sean Maguire,6-2,2/2/1993,"Powell River, British Columbia",2013,BU,Powell River,British Columbia
Moccia,Anthony,Anthony Moccia,5-8,12/23/1990,"Medford, Massachusetts",2013,BU,Medford,Massachusetts
O'Connor,Matt,Matt O'Connor,6-6,2/14/1992,"Toronto, Ontario",2013,BU,Toronto,Ontario
Carrabino,J.D.,J.D. Carrabino,6-6,2/17/1991,"New Canaan, Connecticut",2014,BU,New Canaan,Connecticut
Diffley,Brien,Brien Diffley,6-2,7/8/1995,"Burlington, Massachusetts",2014,BU,Burlington,Massachusetts
Fortunato,Brandon,Brandon Fortunato,5-10,6/7/1996,"North Hills, New York",2014,BU,North Hills,New York
Grzelcyk,Matt,Matt Grzelcyk,5-9,1/5/1994,"Charlestown, Massachusetts",2014,BU,Charlestown,Massachusetts
Hickey,Brandon,Brandon Hickey,6-2,4/13/1996,"Leduc, Alberta",2014,BU,Leduc,Alberta
MacLeod,John,John MacLeod,6-1,6/2/1996,"Dracut, Massachusetts",2014,BU,Dracut,Massachusetts
Oksanen,Ahti,Ahti Oksanen,6-3,3/10/1993,"Kirkkonummi, Finland",2014,BU,Kirkkonummi,Finland
Ryan,T.J.,T.J. Ryan,6-0,11/13/1992,"West Newton, Massachusetts",2014,BU,West Newton,Massachusetts
Somerby,Doyle,Doyle Somerby,6-5,7/4/1994,"Marblehead, Massachusetts",2014,BU,Marblehead,Massachusetts
Baillargeon,Robbie,Robbie Baillargeon,6-0,11/26/1993,"Enfield, Connecticut",2014,BU,Enfield,Connecticut
Duane,Kevin,Kevin Duane,6-5,1/16/1994,"New Canaan, Connecticut",2014,BU,New Canaan,Connecticut
Eichel,Jack,Jack Eichel,6-1,10/28/1996,"North Chelmsford, Massachusetts",2014,BU,North Chelmsford,Massachusetts
Greer,A.J.,A.J. Greer,6-3,12/14/1996,"Joliette, Quebec",2014,BU,Joliette,Quebec
Hohmann,Cason,Cason Hohmann,5-9,1/10/1993,"Plymouth, Michigan",2014,BU,Plymouth,Michigan
Kelley,Tommy,Tommy Kelley,5-10,9/15/1994,"Natick, Massachusetts",2014,BU,Natick,Massachusetts
Lane,Matt,Matt Lane,5-10,3/15/1994,"Rochester, New York",2014,BU,Rochester,New York
Lawrence,Dillon,Dillon Lawrence,6-3,3/22/1995,"Toronto, Ontario",2014,BU,Toronto,Ontario
Moran,Mike,Mike Moran,6-1,9/7/1991,"Marshfield, Massachusetts",2014,BU,Marshfield,Massachusetts
O'Regan,Danny,Danny O'Regan,5-10,1/30/1994,"Needham, Massachusetts",2014,BU,Needham,Massachusetts
Olsson,Nikolas,Nikolas Olsson,5-11,6/14/1994,"Escondido, California",2014,BU,Escondido,California
Phelps,Chase,Chase Phelps,6-0,4/26/1996,"Edina, Minnesota",2014,BU,Edina,Minnesota
Piccinich,J.J.,J.J. Piccinich,5-11,6/12/1996,"Paramus, New Jersey",2014,BU,Paramus,New Jersey
Roberto,Nick,Nick Roberto,5-9,4/4/1994,"Wakefield, Massachusetts",2014,BU,Wakefield,Massachusetts
Rodrigues,Evan,Evan Rodrigues,5-11,7/28/1993,"Etobicoke, Ontario",2014,BU,Etobicoke,Ontario
LaCouvee,Connor,Connor LaCouvee,6-0,5/24/1994,"Qualicum Beach, British Columbia",2014,BU,Qualicum Beach,British Columbia
Moccia,Anthony,Anthony Moccia,5-8,12/23/1990,"Medford, Massachusetts",2014,BU,Medford,Massachusetts
O'Connor,Matt,Matt O'Connor,6-6,2/14/1992,"Toronto, Ontario",2014,BU,Toronto,Ontario
Diffley,Brien,Brien Diffley,6-2,7/8/1995,"Burlington, Massachusetts",2015,BU,Burlington,Massachusetts
Fortunato,Brandon,Brandon Fortunato,5-10,6/7/1996,"North Hills, New York",2015,BU,North Hills,New York
Grzelcyk,Matt,Matt Grzelcyk,5-10,1/5/1994,"Charlestown, Massachusetts",2015,BU,Charlestown,Massachusetts
Hickey,Brandon,Brandon Hickey,6-2,4/13/1996,"Leduc, Alberta",2015,BU,Leduc,Alberta
MacLeod,John,John MacLeod,6-1,6/2/1996,"Dracut, Massachusetts",2015,BU,Dracut,Massachusetts
McAvoy,Charlie,Charlie McAvoy,6-1,12/21/1997,"Long Beach, New York",2015,BU,Long Beach,New York
Somerby,Doyle,Doyle Somerby,6-5,7/4/1994,"Marblehead, Massachusetts",2015,BU,Marblehead,Massachusetts
Switzer,Shane,Shane Switzer,6-2,11/13/1995,"Bloomfield Hills, Michigan",2015,BU,Bloomfield Hills,Michigan
Andrén,Oskar,Oskar Andrén,6-1,3/29/1995,"Stockholm, Sweden",2015,BU,Stockholm,Sweden
Baillargeon,Robbie,Robbie Baillargeon,6-0,11/26/1993,"Enfield, Connecticut",2015,BU,Enfield,Connecticut
Carpenter,Bobo,Bobo Carpenter,5-11,8/16/1996,"North Reading, Massachusetts",2015,BU,North Reading,Massachusetts
Cloonan,Ryan,Ryan Cloonan,5-10,7/20/1995,"East Longmeadow, Massachusetts",2015,BU,East Longmeadow,Massachusetts
Forsbacka Karlsson,Jakob,Jakob Forsbacka Karlsson,6-1,10/31/1996,"Stockholm, Sweden",2015,BU,Stockholm,Sweden
Greenway,Jordan,Jordan Greenway,6-5,2/12/1997,"Canton, New York",2015,BU,Canton,New York
Kelley,Tommy,Tommy Kelley,5-10,9/15/1994,"Natick, Massachusetts",2015,BU,Natick,Massachusetts
Lane,Matt,Matt Lane,5-10,3/15/1994,"Rochester, New York",2015,BU,Rochester,New York
Lawrence,Dillon,Dillon Lawrence,6-3,3/22/1995,"Toronto, Ontario",2015,BU,Toronto,Ontario
Moran,Mike,Mike Moran,6-1,9/7/1991,"Marshfield, Massachusetts",2015,BU,Marshfield,Massachusetts
O'Regan,Danny,Danny O'Regan,5-10,1/30/1994,"Needham, Massachusetts",2015,BU,Needham,Massachusetts
Oksanen,Ahti,Ahti Oksanen,6-3,3/10/1993,"Kirkkonummi, Finland",2015,BU,Kirkkonummi,Finland
Olsson,Nikolas,Nikolas Olsson,6-0,6/14/1994,"Escondido, California",2015,BU,Escondido,California
Phelps,Chase,Chase Phelps,6-1,4/26/1996,"Edina, Minnesota",2015,BU,Edina,Minnesota
Roberto,Nick,Nick Roberto,5-9,4/4/1994,"Wakefield, Massachusetts",2015,BU,Wakefield,Massachusetts
Udahl,Erik,Erik Udahl,5-7,3/31/1996,"East Walpole, Massachusetts",2015,BU,East Walpole,Massachusetts
LaCouvee,Connor,Connor LaCouvee,6-0,5/24/1994,"Qualicum Beach, British Columbia",2015,BU,Qualicum Beach,British Columbia
Maguire,Sean,Sean Maguire,6-2,2/2/1993,"Powell River, British Columbia",2015,BU,Powell River,British Columbia
Prawdzik,Max,Max Prawdzik,6-3,2/22/1997,"Andover, Massachusetts",2015,BU,Andover,Massachusetts
Diffley,Brien,Brien Diffley,6-2,7/8/1995,"Burlington, Massachusetts",2016,BU,Burlington,Massachusetts
Fabbro,Dante,Dante Fabbro,6-1,6/20/1998,"New Westminster, British Columbia",2016,BU,New Westminster,British Columbia
Hickey,Brandon,Brandon Hickey,6-2,4/13/1996,"Leduc, Alberta",2016,BU,Leduc,Alberta
Krys,Chad,Chad Krys,6-0,4/10/1998,"Ridgefield, Connecticut",2016,BU,Ridgefield,Connecticut
MacLeod,John,John MacLeod,6-1,6/2/1996,"Dracut, Massachusetts",2016,BU,Dracut,Massachusetts
McAvoy,Charlie,Charlie McAvoy,6-1,12/21/1997,"Long Beach, New York",2016,BU,Long Beach,New York
Somerby,Doyle,Doyle Somerby,6-5,7/4/1994,"Marblehead, Massachusetts",2016,BU,Marblehead,Massachusetts
Switzer,Shane,Shane Switzer,6-2,11/13/1995,"Bloomfield Hills, Michigan",2016,BU,Bloomfield Hills,Michigan
Andrén,Oskar,Oskar Andrén,6-1,3/29/1995,"Stockholm, Sweden",2016,BU,Stockholm,Sweden
Bellows,Kieffer,Kieffer Bellows,6-1,6/10/1998,"Edina, Minnesota",2016,BU,Edina,Minnesota
Carpenter,Bobo,Bobo Carpenter,5-11,8/16/1996,"North Reading, Massachusetts",2016,BU,North Reading,Massachusetts
Chabot,Gabriel,Gabriel Chabot,5-8,2/14/1998,"Quebec City, Quebec",2016,BU,Quebec City,Quebec
Cloonan,Ryan,Ryan Cloonan,5-10,7/20/1995,"East Longmeadow, Massachusetts",2016,BU,East Longmeadow,Massachusetts
Curry,Patrick,Patrick Curry,5-11,1/9/1996,"Schaumburg, Illinois",2016,BU,Schaumburg,Illinois
Forsbacka Karlsson,Jakob,Jakob Forsbacka Karlsson,6-1,10/31/1996,"Stockholm, Sweden",2016,BU,Stockholm,Sweden
Greenway,Jordan,Jordan Greenway,6-5,2/12/1997,"Canton, New York",2016,BU,Canton,New York
Harper,Patrick,Patrick Harper,5-9,7/29/1998,"New Canaan, Connecticut",2016,BU,New Canaan,Connecticut
Keller,Clayton,Clayton Keller,5-10,7/29/1998,"Swansea, Illinois",2016,BU,Swansea,Illinois
Kelley,Tommy,Tommy Kelley,5-10,9/15/1994,"Natick, Massachusetts",2016,BU,Natick,Massachusetts
McDermott,Johnny,Johnny McDermott,6-2,5/15/1997,"Darien, Connecticut",2016,BU,Darien,Connecticut
Olsson,Nikolas,Nikolas Olsson,6-0,6/14/1994,"Escondido, California",2016,BU,Escondido,California
Phelps,Chase,Chase Phelps,6-1,4/26/1996,"Edina, Minnesota",2016,BU,Edina,Minnesota
Roberto,Nick,Nick Roberto,5-9,4/4/1994,"Wakefield, Massachusetts",2016,BU,Wakefield,Massachusetts
LaCouvee,Connor,Connor LaCouvee,6-0,5/24/1994,"Qualicum Beach, British Columbia",2016,BU,Qualicum Beach,British Columbia
Lynch,Nico,Nico Lynch,0,5/9/1998,"Barnstable, Massachusetts",2016,BU,Barnstable,Massachusetts
Oettinger,Jake,Jake Oettinger,6-4,12/18/1998,"Lakeville, Minnesota",2016,BU,Lakeville,Minnesota
Crotty,Cam,Cam Crotty,6-2,5/5/1999,"Greely, Ontario",2017,BU,Greely,Ontario
Diffley,Brien,Brien Diffley,6-2,7/8/1995,"Burlington, Massachusetts",2017,BU,Burlington,Massachusetts
Fabbro,Dante,Dante Fabbro,6-1,6/20/1998,"New Westminster, British Columbia",2017,BU,New Westminster,British Columbia
Farrance,David,David Farrance,5-11,6/23/1999,"Victor, New York",2017,BU,Victor,New York
Hickey,Brandon,Brandon Hickey,6-2,4/13/1996,"Leduc, Alberta",2017,BU,Leduc,Alberta
Kotkansalo,Kasper,Kasper Kotkansalo,6-2,11/18/1998,"Espoo, Finland",2017,BU,Espoo,Finland
Krys,Chad,Chad Krys,6-0,4/10/1998,"Ridgefield, Connecticut",2017,BU,Ridgefield,Connecticut
MacLeod,John,John MacLeod,6-1,6/2/1996,"Dracut, Massachusetts",2017,BU,Dracut,Massachusetts
Switzer,Shane,Shane Switzer,6-2,11/13/1995,"Bloomfield Hills, Michigan",2017,BU,Bloomfield Hills,Michigan
Amonte,Ty,Ty Amonte,5-11,1/11/1998,"Norwell, Massachusetts",2017,BU,Norwell,Massachusetts
Bowers,Shane,Shane Bowers,6-2,7/30/1999,"Halifax, Nova Scotia",2017,BU,Halifax,Nova Scotia
Carpenter,Bobo,Bobo Carpenter,5-11,8/16/1996,"North Reading, Massachusetts",2017,BU,North Reading,Massachusetts
Chabot,Gabriel,Gabriel Chabot,5-8,2/14/1998,"Quebec City, Quebec",2017,BU,Quebec City,Quebec
Cloonan,Ryan,Ryan Cloonan,5-10,7/20/1995,"East Longmeadow, Massachusetts",2017,BU,East Longmeadow,Massachusetts
Cockerill,Logan,Logan Cockerill,5-9,3/3/1999,"Brighton, Michigan",2017,BU,Brighton,Michigan
Crone,Hank,Hank Crone,5-9,2/19/1998,"Dallas, Texas",2017,BU,Dallas,Texas
Curry,Patrick,Patrick Curry,5-11,1/9/1996,"Schaumburg, Illinois",2017,BU,Schaumburg,Illinois
Greenway,Jordan,Jordan Greenway,6-5,2/12/1997,"Canton, New York",2017,BU,Canton,New York
Harper,Patrick,Patrick Harper,5-9,7/29/1998,"New Canaan, Connecticut",2017,BU,New Canaan,Connecticut
Melanson,Drew,Drew Melanson,5-11,1/10/1995,"Paramus, New Jersey",2017,BU,Paramus,New Jersey
Olsson,Nikolas,Nikolas Olsson,6-0,6/14/1994,"Escondido, California",2017,BU,Escondido,California
Phelps,Chase,Chase Phelps,6-1,4/26/1996,"Edina, Minnesota",2017,BU,Edina,Minnesota
Tkachuk,Brady,Brady Tkachuk,6-3,9/16/1999,"St. Louis, Missouri",2017,BU,St. Louis,Missouri
Witkowski,Jake,Jake Witkowski,5-10,6/23/1999,"Melrose, Massachusetts",2017,BU,Melrose,Massachusetts
Lynch,Nico,Nico Lynch,5-11,5/9/1998,"Barnstable, Massachusetts",2017,BU,Barnstable,Massachusetts
Oettinger,Jake,Jake Oettinger,6-4,12/18/1998,"Lakeville, Minnesota",2017,BU,Lakeville,Minnesota
Prawdzik,Max,Max Prawdzik,6-3,2/22/1997,"Andover, Massachusetts",2017,BU,Andover,Massachusetts
Blixt,Hugo,Hugo Blixt,6-4,1/2/1998,"Linköping, Sweden",2018,BU,Linköping,Sweden
Crotty,Cam,Cam Crotty,6-2,5/5/1999,"Greely, Ontario",2018,BU,Greely,Ontario
Fabbro,Dante,Dante Fabbro,6-1,6/20/1998,"New Westminster, British Columbia",2018,BU,New Westminster,British Columbia
Farrance,David,David Farrance,6-0,6/23/1999,"Victor, New York",2018,BU,Victor,New York
Kotkansalo,Kasper,Kasper Kotkansalo,6-3,11/18/1998,"Espoo, Finland",2018,BU,Espoo,Finland
Krys,Chad,Chad Krys,6-0,4/10/1998,"Ridgefield, Connecticut",2018,BU,Ridgefield,Connecticut
Switzer,Shane,Shane Switzer,6-2,11/13/1995,"Bloomfield Hills, Michigan",2018,BU,Bloomfield Hills,Michigan
Amonte,Ty,Ty Amonte,5-11,1/11/1998,"Norwell, Massachusetts",2018,BU,Norwell,Massachusetts
Bowers,Shane,Shane Bowers,6-2,7/30/1999,"Halifax, Nova Scotia",2018,BU,Halifax,Nova Scotia
Carpenter,Bobo,Bobo Carpenter,5-11,8/16/1996,"North Reading, Massachusetts",2018,BU,North Reading,Massachusetts
Chabot,Gabriel,Gabriel Chabot,5-8,2/14/1998,"Quebec City, Quebec",2018,BU,Quebec City,Quebec
Cheremeta,Mark,Mark Cheremeta,5-11,7/12/1999,"Parkland, Florida",2018,BU,Parkland,Florida
Cloonan,Ryan,Ryan Cloonan,5-10,7/20/1995,"East Longmeadow, Massachusetts",2018,BU,East Longmeadow,Massachusetts
Cockerill,Logan,Logan Cockerill,5-9,3/3/1999,"Brighton, Michigan",2018,BU,Brighton,Michigan
Curry,Patrick,Patrick Curry,6-0,1/9/1996,"Schaumburg, Illinois",2018,BU,Schaumburg,Illinois
DeBoer,Jack,Jack DeBoer,6-3,8/17/2000,"Madison, New Jersey",2018,BU,Madison,New Jersey
Farabee,Joel,Joel Farabee,6-1,2/25/2000,"Cicero, New York",2018,BU,Cicero,New York
Harper,Patrick,Patrick Harper,5-9,7/29/1998,"New Canaan, Connecticut",2018,BU,New Canaan,Connecticut
Quercia,Matthew,Matthew Quercia,6-3,2/24/1999,"Andover, Massachusetts",2018,BU,Andover,Massachusetts
Willman,Max,Max Willman,6-0,2/13/1995,"Barnstable, Massachusetts",2018,BU,Barnstable,Massachusetts
Wise,Jake,Jake Wise,5-11,2/28/2000,"Reading, Massachusetts",2018,BU,Reading,Massachusetts
Witkowski,Jake,Jake Witkowski,5-10,6/23/1999,"Melrose, Massachusetts",2018,BU,Melrose,Massachusetts
Lynch,Nico,Nico Lynch,5-11,5/9/1998,"Barnstable, Massachusetts",2018,BU,Barnstable,Massachusetts
Oettinger,Jake,Jake Oettinger,6-5,12/18/1998,"Lakeville, Minnesota",2018,BU,Lakeville,Minnesota
Prawdzik,Max,Max Prawdzik,6-3,2/22/1997,"Andover, Massachusetts",2018,BU,Andover,Massachusetts
Purpura,Vinnie,Vinnie Purpura,6-3 ,10/29/1998,"Lemont, Illinois",2018,BU,Lemont,Illinois
Blixt,Hugo,Hugo Blixt,6-4,1/2/1998,"Linköping, Sweden",2019,BU,Linköping,Sweden
Crotty,Cam,Cam Crotty,6-2,5/5/1999,"Greely, Ontario",2019,BU,Greely,Ontario
Driscoll,Sean,Sean Driscoll,6-2,7/2/1998,"Mequon, Wisconsin",2019,BU,Mequon,Wisconsin
Farrance,David,David Farrance,6-0,6/23/1999,"Victor, New York",2019,BU,Victor,New York
Fensore,Domenick,Domenick Fensore,5-7,9/7/2001,"Thornwood, New York",2019,BU,Thornwood,New York
Kotkansalo,Kasper,Kasper Kotkansalo,6-3,11/18/1998,"Espoo, Finland",2019,BU,Espoo,Finland
McCarthy,Case,Case McCarthy,6-1 ,1/9/2001,"Clarence Center, New York",2019,BU,Clarence Center,New York
Vlasic,Alex,Alex Vlasic,6-6,6/5/2001,"Wilmette, Illinois",2019,BU,Wilmette,Illinois
Amonte,Ty,Ty Amonte,5-11,1/11/1998,"Norwell, Massachusetts",2019,BU,Norwell,Massachusetts
Armstrong,Jamie,Jamie Armstrong,6-2,8/7/1998,"Warwick, Rhode Island",2019,BU,Warwick,Rhode Island
Boguslavsky,Markus,Markus Boguslavsky,6-1,5/15/1999,"Calgary, Alberta",2019,BU,Calgary,Alberta
Brink,Alex,Alex Brink,6-0,6/12/1994,"Hamilton, New York",2019,BU,Hamilton,New York
Chabot,Gabriel,Gabriel Chabot,5-8,2/14/1998,"Quebec City, Quebec",2019,BU,Quebec City,Quebec
Cockerill,Logan,Logan Cockerill,5-9,3/3/1999,"Brighton, Michigan",2019,BU,Brighton,Michigan
Copeland,John,John Copeland,6-6,3/3/1999,"Wellesley, Massachusetts",2019,BU,Wellesley,Massachusetts
Curry,Patrick,Patrick Curry,6-0,1/9/1996,"Schaumburg, Illinois",2019,BU,Schaumburg,Illinois
DeBoer,Jack,Jack DeBoer,6-3,8/17/2000,"Madison, New Jersey",2019,BU,Madison,New Jersey
Harper,Patrick,Patrick Harper,5-9,7/29/1998,"New Canaan, Connecticut",2019,BU,New Canaan,Connecticut
Mastrosimone,Robert,Robert Mastrosimone,5-10,1/24/2001,"East Islip, New York",2019,BU,East Islip,New York
Phillips,Ethan,Ethan Phillips,5-9,5/7/2001,"Dartmouth, Nova Scotia",2019,BU,Dartmouth,Nova Scotia
Quercia,Matthew,Matthew Quercia,6-3,2/24/1999,"Andover, Massachusetts",2019,BU,Andover,Massachusetts
Skoog,Wilmer,Wilmer Skoog,6-2,7/17/1999,"Tyresö, Sweden",2019,BU,Tyresö,Sweden
Stevens,Sam,Sam Stevens,6-1,4/27/2000,"Montreal, Quebec",2019,BU,Montreal,Quebec
Wise,Jake,Jake Wise,5-11,2/28/2000,"Reading, Massachusetts",2019,BU,Reading,Massachusetts
Witkowski,Jake,Jake Witkowski,5-10,6/23/1999,"Melrose, Massachusetts",2019,BU,Melrose,Massachusetts
Zegras,Trevor,Trevor Zegras,6-0,3/20/2001,"Bedford, New York",2019,BU,Bedford,New York
Abel,Ashton,Ashton Abel,6-0,10/22/1999,"Fort McMurray, Alberta",2019,BU,Fort McMurray,Alberta
Lynch,Nico,Nico Lynch,5-11,5/9/1998,"Barnstable, Massachusetts",2019,BU,Barnstable,Massachusetts
Purpura,Vinnie,Vinnie Purpura,6-6,10/29/1998,"Lemont, Illinois",2019,BU,Lemont,Illinois
Tucker,Sam,Sam Tucker,6-2,4/16/1996,"Wilton, Connecticut",2019,BU,Wilton,Connecticut
Campolieto,Joseph,Joseph Campolieto,6-0,4/29/1998,"Eynon, Pennsylvania",2020,BU,Eynon,Pennsylvania
Driscoll,Sean,Sean Driscoll,6-2,7/2/1998,"Mequon, Wisconsin",2020,BU,Mequon,Wisconsin
Farrance,David,David Farrance,6-0,6/23/1999,"Victor, New York",2020,BU,Victor,New York
Fensore,Domenick,Domenick Fensore,5-7,9/7/2001,"Thornwood, New York",2020,BU,Thornwood,New York
Jarman,Thomas,Thomas Jarman,6-3,4/9/2001,"Gibsonia, Pennsylvania",2020,BU,Gibsonia,Pennsylvania
McCarthy,Case,Case McCarthy,6-1 ,1/9/2001,"Clarence Center, New York",2020,BU,Clarence Center,New York
Vlasic,Alex,Alex Vlasic,6-6,6/5/2001,"Wilmette, Illinois",2020,BU,Wilmette,Illinois
Webber,Cade,Cade Webber,6-7,1/5/2001,"Meadville, Pennsylvania",2020,BU,Meadville,Pennsylvania
Amonte,Ty,Ty Amonte,5-11,1/11/1998,"Norwell, Massachusetts",2020,BU,Norwell,Massachusetts
Armstrong,Jamie,Jamie Armstrong,6-2,8/7/1998,"Warwick, Rhode Island",2020,BU,Warwick,Rhode Island
Boguslavsky,Markus,Markus Boguslavsky,6-1,5/15/1999,"Calgary, Alberta",2020,BU,Calgary,Alberta
Cockerill,Logan,Logan Cockerill,5-9,3/3/1999,"Brighton, Michigan",2020,BU,Brighton,Michigan
Copeland,John,John Copeland,6-6,3/3/1999,"Wellesley, Massachusetts",2020,BU,Wellesley,Massachusetts
DeBoer,Jack,Jack DeBoer,6-3,8/17/2000,"Madison, New Jersey",2020,BU,Madison,New Jersey
Kaufman,Max,Max Kaufman,5-8,6/26/1996,"Rochester, New York",2020,BU,Rochester,New York
Mastrosimone,Robert,Robert Mastrosimone,5-10,1/24/2001,"East Islip, New York",2020,BU,East Islip,New York
O'Brien,Jay,Jay O'Brien,6-0,11/4/1999,"Hingham, Massachusetts",2020,BU,Hingham,Massachusetts
Peterson,Dylan,Dylan Peterson,6-4,1/8/2002,"Roseville, California",2020,BU,Roseville,California
Phillips,Ethan,Ethan Phillips,5-9,5/7/2001,"Dartmouth, Nova Scotia",2020,BU,Dartmouth,Nova Scotia
Quercia,Matthew,Matthew Quercia,6-3,2/24/1999,"Andover, Massachusetts",2020,BU,Andover,Massachusetts
Skoog,Wilmer,Wilmer Skoog,6-2,7/17/1999,"Tyresö, Sweden",2020,BU,Tyresö,Sweden
Stevens,Sam,Sam Stevens,6-1,4/27/2000,"Montreal, Quebec",2020,BU,Montreal,Quebec
Tuch,Luke,Luke Tuch,6-2,3/7/2002,"Baldwinsville, New York",2020,BU,Baldwinsville,New York
Wise,Jake,Jake Wise,5-11,2/28/2000,"Reading, Massachusetts",2020,BU,Reading,Massachusetts
Witkowski,Jake,Jake Witkowski,5-10,6/23/1999,"Melrose, Massachusetts",2020,BU,Melrose,Massachusetts
Zabaneh,Nick,Nick Zabaneh,5-10,3/27/2001,"Toronto, Ontario",2020,BU,Toronto,Ontario
Abel,Ashton,Ashton Abel,6-0,10/22/1999,"Fort McMurray, Alberta",2020,BU,Fort McMurray,Alberta
Commesso,Drew,Drew Commesso,6-2,7/19/2002,"Norwell, Massachusetts",2020,BU,Norwell,Massachusetts
Duplessis,Vinny,Vinny Duplessis,6-1,3/19/1999,"Quebec City, Quebec",2020,BU,Quebec City,Quebec
Campolieto,Joseph,Joseph Campolieto,6-0,4/29/1998,"Eynon, Pennsylvania",2021,BU,Eynon,Pennsylvania
Driscoll,Sean,Sean Driscoll,6-2,7/2/1998,"Mequon, Wisconsin",2021,BU,Mequon,Wisconsin
Fensore,Domenick,Domenick Fensore,5-7,9/7/2001,"Thornwood, New York",2021,BU,Thornwood,New York
Gallagher,Ty,Ty Gallagher,6-0,3/6/2003,"Clarkston, Michigan",2021,BU,Clarkston,Michigan
Jarman,Thomas,Thomas Jarman,6-3,4/9/2001,"Gibsonia, Pennsylvania",2021,BU,Gibsonia,Pennsylvania
McCarthy,Case,Case McCarthy,6-1,1/9/2001,"Clarence Center, New York",2021,BU,Clarence Center,New York
Page,Jack,Jack Page,6-4,11/27/2001,"West Chester, Pennsylvania",2021,BU,West Chester,Pennsylvania
Vlasic,Alex,Alex Vlasic,6-6,6/5/2001,"Wilmette, Illinois",2021,BU,Wilmette,Illinois
Webber,Cade,Cade Webber,6-7,1/5/2001,"Meadville, Pennsylvania",2021,BU,Meadville,Pennsylvania
Amonte,Ty,Ty Amonte,5-11,1/11/1998,"Norwell, Massachusetts",2021,BU,Norwell,Massachusetts
Amonte,Tristan,Tristan Amonte,6-0,2/1/2000,"Norwell, Massachusetts",2021,BU,Norwell,Massachusetts
Armstrong,Jamie,Jamie Armstrong,6-2,8/7/1998,"Warwick, Rhode Island",2021,BU,Warwick,Rhode Island
Boguslavsky,Markus,Markus Boguslavsky,6-1,5/15/1999,"Calgary, Alberta",2021,BU,Calgary,Alberta
Brown,Matt,Matt Brown,5-9,8/9/1999,"Wood Ridge, New Jersey",2021,BU,Wood Ridge,New Jersey
Carrabes,Brian,Brian Carrabes,5-10,8/1/2001,"North Andover, Massachusetts",2021,BU,North Andover,Massachusetts
Cockerill,Logan,Logan Cockerill,5-9,3/3/1999,"Brighton, Michigan",2021,BU,Brighton,Michigan
Copeland,John,John Copeland,6-6,3/3/1999,"Wellesley, Massachusetts",2021,BU,Wellesley,Massachusetts
Kaufman,Max,Max Kaufman,5-8,6/26/1996,"Rochester, New York",2021,BU,Rochester,New York
Mastrosimone,Robert,Robert Mastrosimone,5-10,1/24/2001,"East Islip, New York",2021,BU,East Islip,New York
O'Brien,Jay,Jay O'Brien,6-0,11/4/1999,"Hingham, Massachusetts",2021,BU,Hingham,Massachusetts
Peterson,Dylan,Dylan Peterson,6-4,1/8/2002,"Roseville, California",2021,BU,Roseville,California
Phillips,Ethan,Ethan Phillips,5-9,5/7/2001,"Dartmouth, Nova Scotia",2021,BU,Dartmouth,Nova Scotia
Skoog,Wilmer,Wilmer Skoog,6-2,7/17/1999,"Tyresö, Sweden",2021,BU,Tyresö,Sweden
Stevens,Sam,Sam Stevens,6-1,4/27/2000,"Montreal, Quebec",2021,BU,Montreal,Quebec
Tuch,Luke,Luke Tuch,6-2,3/7/2002,"Baldwinsville, New York",2021,BU,Baldwinsville,New York
Zabaneh,Nick,Nick Zabaneh,5-10,3/27/2001,"Toronto, Ontario",2021,BU,Toronto,Ontario
Abel,Ashton,Ashton Abel,6-0,10/22/1999,"Fort McMurray, Alberta",2021,BU,Fort McMurray,Alberta
Commesso,Drew,Drew Commesso,6-2,7/19/2002,"Norwell, Massachusetts",2021,BU,Norwell,Massachusetts
Duplessis,Vinny,Vinny Duplessis,6-1,3/19/1999,"Quebec City, Quebec",2021,BU,Quebec City,Quebec
Driscoll,Sean,Sean Driscoll,6-2,7/2/1998,"Mequon, Wisconsin",2022,BU,Mequon,Wisconsin
Fensore,Domenick,Domenick Fensore,5-7,9/7/2001,"Thornwood, New York",2022,BU,Thornwood,New York
Gallagher,Ty,Ty Gallagher,6-0,3/6/2003,"Clarkston, Michigan",2022,BU,Clarkston,Michigan
Getz,Lachlan,Lachlan Getz,6-3,2/1/2002,"Northfield, Illinois",2022,BU,Northfield,Illinois
Hutson,Lane,Lane Hutson,5-9,2/14/2004,"North Barrington, Illinois",2022,BU,North Barrington,Illinois
Jarman,Thomas,Thomas Jarman,6-3,4/9/2001,"Gibsonia, Pennsylvania",2022,BU,Gibsonia,Pennsylvania
McCarthy,Case,Case McCarthy,6-1,1/9/2001,"Clarence Center, New York",2022,BU,Clarence Center,New York
Page,Jack,Jack Page,6-4,11/27/2001,"West Chester, Pennsylvania",2022,BU,West Chester,Pennsylvania
Webber,Cade,Cade Webber,6-7,1/5/2001,"Meadville, Pennsylvania",2022,BU,Meadville,Pennsylvania
Amonte,Tristan,Tristan Amonte,6-0,2/1/2000,"Norwell, Massachusetts",2022,BU,Norwell,Massachusetts
Armstrong,Jamie,Jamie Armstrong,6-2,8/7/1998,"Warwick, Rhode Island",2022,BU,Warwick,Rhode Island
Brown,Matt,Matt Brown,5-9,8/9/1999,"Wood Ridge, New Jersey",2022,BU,Wood Ridge,New Jersey
Carrabes,Brian,Brian Carrabes,5-10,8/1/2001,"North Andover, Massachusetts",2022,BU,North Andover,Massachusetts
Copeland,John,John Copeland,6-6,3/3/1999,"Wellesley, Massachusetts",2022,BU,Wellesley,Massachusetts
Greene,Ryan,Ryan Greene,6-1,10/21/2003,"Paradise, Newfoundland and Labrador",2022,BU,Paradise,Newfoundland and Labrador
Hutson,Quinn,Quinn Hutson,5-10,1/1/2002,"North Barrington, Illinois",2022,BU,North Barrington,Illinois
Kaplan,Devin,Devin Kaplan,6-3,1/10/2004,"Bridgewater, New Jersey",2022,BU,Bridgewater,New Jersey
O'Brien,Jay,Jay O'Brien,6-0,11/4/1999,"Hingham, Massachusetts",2022,BU,Hingham,Massachusetts
Peterson,Dylan,Dylan Peterson,6-4,1/8/2002,"Roseville, California",2022,BU,Roseville,California
Phillips,Ethan,Ethan Phillips,5-9,5/7/2001,"Dartmouth, Nova Scotia",2022,BU,Dartmouth,Nova Scotia
Skoog,Wilmer,Wilmer Skoog,6-2,7/17/1999,"Tyresö, Sweden",2022,BU,Tyresö,Sweden
Stevens,Sam,Sam Stevens,6-1,4/27/2000,"Montreal, Quebec",2022,BU,Montreal,Quebec
Tuch,Luke,Luke Tuch,6-2,3/7/2002,"Baldwinsville, New York",2022,BU,Baldwinsville,New York
Wilmer,Jeremy,Jeremy Wilmer,5-8,8/16/2003,"Rockville Centre, New York",2022,BU,Rockville Centre,New York
Zabaneh,Nick,Nick Zabaneh,5-10,3/27/2001,"Toronto, Ontario",2022,BU,Toronto,Ontario
Commesso,Drew,Drew Commesso,6-2,7/19/2002,"Norwell, Massachusetts",2022,BU,Norwell,Massachusetts
Duplessis,Vinny,Vinny Duplessis,6-1,3/19/1999,"Quebec City, Quebec",2022,BU,Quebec City,Quebec
Schena,Patrick,Patrick Schena,6-1,1/13/1998,"Andover, Massachusetts",2022,BU,Andover,Massachusetts
Celebrini,Aiden,Aiden Celebrini,6-1,10/26/2004,"Vancouver, British Columbia",2023,BU,Vancouver,British Columbia
Frechette,Mick,Mick Frechette,6-2,10/27/2003,"Weston, Massachusetts",2023,BU,Weston,Massachusetts
Gallagher,Ty,Ty Gallagher,6-0,3/6/2003,"Clarkston, Michigan",2023,BU,Clarkston,Michigan
Hutson,Lane,Lane Hutson,5-10,2/14/2004,"North Barrington, Illinois",2023,BU,North Barrington,Illinois
Jarman,Thomas,Thomas Jarman,6-3,4/9/2001,"Gibsonia, Pennsylvania",2023,BU,Gibsonia,Pennsylvania
McCarthy,Case,Case McCarthy,6-1,1/9/2001,"Clarence Center, New York",2023,BU,Clarence Center,New York
McCarthy,Gavin,Gavin McCarthy,6-2,6/2/2005,"Clarence Center, New York",2023,BU,Clarence Center,New York
Page,Jack,Jack Page,6-4,11/27/2001,"West Chester, Pennsylvania",2023,BU,West Chester,Pennsylvania
Webber,Cade,Cade Webber,6-7,1/5/2001,"Meadville, Pennsylvania",2023,BU,Meadville,Pennsylvania
Willander,Tom,Tom Willander,6-1,2/9/2005,"Stockholm, Sweden",2023,BU,Stockholm,Sweden
Amonte,Tristan,Tristan Amonte,6-0,2/1/2000,"Norwell, Massachusetts",2023,BU,Norwell,Massachusetts
Celebrini,Macklin,Macklin Celebrini,6-0,6/13/2006,"Vancouver, British Columbia",2023,BU,Vancouver,British Columbia
Gorton,Jack,Jack Gorton,6-3,2/13/2002,"New York, New York",2023,BU,New York,New York
Greene,Ryan,Ryan Greene,6-1,10/21/2003,"Paradise, Newfoundland and Labrador",2023,BU,Paradise,Newfoundland and Labrador
Grimes,Doug,Doug Grimes,6-3,4/18/2002,"Brookline, Massachusetts",2023,BU,Brookline,Massachusetts
Harvey,Jack,Jack Harvey,5-10,3/31/2003,"Stacy, Minnesota",2023,BU,Stacy,Minnesota
Hughes,Jack,Jack Hughes,6-0,11/2/2003,"Westwood, Massachusetts",2023,BU,Westwood,Massachusetts
Hutson,Quinn,Quinn Hutson,5-11,1/1/2002,"North Barrington, Illinois",2023,BU,North Barrington,Illinois
Kaplan,Devin,Devin Kaplan,6-3,1/10/2004,"Bridgewater, New Jersey",2023,BU,Bridgewater,New Jersey
Lachance,Shane,Shane Lachance,6-5,8/30/2003,"Andover, Massachusetts",2023,BU,Andover,Massachusetts
Peterson,Dylan,Dylan Peterson,6-4,1/8/2002,"Roseville, California",2023,BU,Roseville,California
Stevens,Sam,Sam Stevens,6-1,4/27/2000,"Montreal, Quebec",2023,BU,Montreal,Quebec
Tuch,Luke,Luke Tuch,6-2,3/7/2002,"Baldwinsville, New York",2023,BU,Baldwinsville,New York
Wilmer,Jeremy,Jeremy Wilmer,5-8,8/16/2003,"Rockville Centre, New York",2023,BU,Rockville Centre,New York
Zabaneh,Nick,Nick Zabaneh,5-10,3/27/2001,"Toronto, Ontario",2023,BU,Toronto,Ontario
Caron,Mathieu,Mathieu Caron,6-0,3/29/2000,"Abbotsford, British Columbia",2023,BU,Abbotsford,British Columbia
Graham,Henry,Henry Graham,6-0,7/25/2000,"New York, New York",2023,BU,New York,New York
Howard,Nick,Nick Howard,6-0,2/1/1998,"Burlington, Massachusetts",2023,BU,Burlington,Massachusetts
Lacroix,Max,Max Lacroix,6-0,12/13/2003,"Denver, Colorado",2023,BU,Denver,Colorado
Boumedienne,Sascha,Sascha Boumedienne,6-2,1/17/2007,"Stockholm, Sweden",2024,BU,Stockholm,Sweden
Celebrini,Aiden,Aiden Celebrini,6-1,10/26/2004,"Vancouver, British Columbia",2024,BU,Vancouver,British Columbia
Engum,Brehdan,Brehdan Engum,6-3,8/10/2000,"Burnsville, Minnesota",2024,BU,Burnsville,Minnesota
Frechette,Mick,Mick Frechette,6-2,10/27/2003,"Weston, Massachusetts",2024,BU,Weston,Massachusetts
Hutson,Cole,Cole Hutson,5-10,6/28/2006,"Chicago, Illinois",2024,BU,Chicago,Illinois
McCarthy,Gavin,Gavin McCarthy,6-2,6/2/2005,"Clarence Center, New York",2024,BU,Clarence Center,New York
Page,Jack,Jack Page,6-4,11/27/2001,"West Chester, Pennsylvania",2024,BU,West Chester,Pennsylvania
Willander,Tom,Tom Willander,6-1,2/9/2005,"Stockholm, Sweden",2024,BU,Stockholm,Sweden
Amonte,Tristan,Tristan Amonte,6-0,2/1/2000,"Norwell, Massachusetts",2024,BU,Norwell,Massachusetts
Bednarik,Kamil,Kamil Bednarik,6-1,5/26/2006,"Elmhurst, Illinois",2024,BU,Elmhurst,Illinois
Copponi,Matt,Matt Copponi,5-11,6/4/2003,"Mansfield, Massachusetts",2024,BU,Mansfield,Massachusetts
Eiserman,Cole,Cole Eiserman,6-0,8/29/2006,"Newburyport, Massachusetts",2024,BU,Newburyport,Massachusetts
Gorton,Jack,Jack Gorton,6-3,2/13/2002,"New York, New York",2024,BU,New York,New York
Greene,Ryan,Ryan Greene,6-1,10/21/2003,"Paradise, Newfoundland and Labrador",2024,BU,Paradise,Newfoundland and Labrador
Grimes,Doug,Doug Grimes,6-3,4/18/2002,"Brookline, Massachusetts",2024,BU,Brookline,Massachusetts
Harvey,Jack,Jack Harvey,5-10,3/31/2003,"Stacy, Minnesota",2024,BU,Stacy,Minnesota
Hughes,Jack,Jack Hughes,6-0,11/2/2003,"Westwood, Massachusetts",2024,BU,Westwood,Massachusetts
Hutson,Quinn,Quinn Hutson,5-11,1/1/2002,"North Barrington, Illinois",2023,BU,North Barrington,Illinois
Kaplan,Devin,Devin Kaplan,6-3,1/10/2004,"Bridgewater, New Jersey",2024,BU,Bridgewater,New Jersey
Lachance,Shane,Shane Lachance,6-5,8/30/2003,"Andover, Massachusetts",2024,BU,Andover,Massachusetts
Roukounakis,Nick,Nick Roukounakis,6-2,9/8/2003,"Pembroke, Massachusetts",2024,BU,Pembroke,Massachusetts
Svoboda,Brandon,Brandon Svoboda,6-3,2/4/2005,"Pittsburgh, Pennsylvania",2024,BU,Pittsburgh,Pennsylvania
Zetterberg,Alexander,Alexander Zetterberg,5-8,4/27/2006,"Sundsvall, Sweden",2024,BU,Sundsvall,Sweden
Caron,Mathieu,Mathieu Caron,6-0,3/29/2000,"Abbotsford, British Columbia",2024,BU,Abbotsford,British Columbia
Girard,Billy,Billy Girard,6-1,1/27/1999,"Boca Raton, Florida",2024,BU,Boca Raton,Florida
Lacroix,Max,Max Lacroix,6-0,12/13/2003,"Denver, Colorado",2024,BU,Denver,Colorado
Yegorov,Mikhail,Mikhail Yegorov,6-5,3/7/2006,"St. Petersburg, Russia",2024,BU,St. Petersburg,Russia
Amico,Carter,Carter Amico,6-5,3/15/2007,"Westbrook, Maine",2025,BU,Westbrook,Maine
Boumedienne,Sascha,Sascha Boumedienne,6-2,1/17/2007,"Stockholm, Sweden",2025,BU,Stockholm,Sweden
Celebrini,Aiden,Aiden Celebrini,6-1,10/26/2004,"Vancouver, British Columbia",2025,BU,Vancouver,British Columbia
Frechette,Mick,Mick Frechette,6-2,10/27/2003,"Weston, Massachusetts",2025,BU,Weston,Massachusetts
Hutson,Cole,Cole Hutson,5-10,6/28/2006,"Chicago, Illinois",2025,BU,Chicago,Illinois
Kim,Kyle,Kyle Kim,6-2,1/6/2005,"Seoul, South Korea",2025,BU,Seoul,South Korea
McCarthy,Gavin,Gavin McCarthy,6-2,6/2/2005,"Clarence Center, New York",2025,BU,Clarence Center,New York
Souligny,Aidan,Aidan Souligny,6-3,1/2/2006,"Navan, Ontario",2025,BU,Navan,Ontario
Trethewey,Charlie,Charlie Trethewey,6-2,8/2/2007,"Woodbine, Maryland",2025,BU,Woodbine,Maryland
Vass,Malte,Malte Vass,6-2,3/28/2007,"Karlstad, Sweden",2025,BU,Karlstad,Sweden
Wang,Haoxi,Haoxi Wang,6-6,7/27/2007,"Beijing, China",2025,BU,Beijing,China
Willander,Tom,Tom Willander,6-1,2/9/2005,"Stockholm, Sweden",2025,BU,Stockholm,Sweden
Bednarik,Kamil,Kamil Bednarik,6-1,5/26/2006,"Elmhurst, Illinois",2025,BU,Elmhurst,Illinois
Boisvert,Sacha,Sacha Boisvert,6-2,3/17/2006,"Trois-Rivières, Quebec",2025,BU,Trois-Rivières,Quebec
Eiserman,Cole,Cole Eiserman,6-0,8/29/2006,"Newburyport, Massachusetts",2025,BU,Newburyport,Massachusetts
Feldberg,Jay,Jay Feldberg,6-0,2/21/2006,"Toronto, Ontario",2025,BU,Toronto,Ontario
Fondrk,Conrad,Conrad Fondrk,6-0,6/1/2007,"White Bear Lake, Minnesota",2025,BU,White Bear Lake,Minnesota
Harvey,Jack,Jack Harvey,5-10,3/31/2003,"Stacy, Minnesota",2025,BU,Stacy,Minnesota
McLaughlin,Owen,Owen McLaughlin,6-0,3/25/2003,"Spring City, Pennsylvania",2025,BU,Spring City,Pennsylvania
McNelis,John,John McNelis,5-10,1/8/2006,"Potomac, Maryland",2025,BU,Potomac,Maryland
Merrill,Ben,Ben Merrill,6-4,11/4/2005,"Hingham, Massachusetts",2025,BU,Hingham,Massachusetts
Morello,Jonathan,Jonathan Morello,6-1,7/31/2006,"Toronto, Ontario",2025,BU,Toronto,Ontario
Murtagh,Jack,Jack Murtagh,6-1,8/22/2007,"East Greenbush, New York",2025,BU,East Greenbush,New York
Ritchie,Ryder,Ryder Ritchie,6-1,8/3/2006,"Kelowna, British Columbia",2025,BU,Kelowna,British Columbia
Roukounakis,Nick,Nick Roukounakis,6-2,9/8/2003,"Pembroke, Massachusetts",2025,BU,Pembroke,Massachusetts
Svoboda,Brandon,Brandon Svoboda,6-3,2/4/2005,"Pittsburgh, Pennsylvania",2025,BU,Pittsburgh,Pennsylvania
Lacroix,Max,Max Lacroix,6-0,12/13/2003,"Denver, Colorado",2025,BU,Denver,Colorado
Yegorov,Mikhail,Mikhail Yegorov,6-5,3/7/2006,"St. Petersburg, Russia",2025,BU,St. Petersburg,Russia
Lawrence,Tynan,Tynan Lawrence,6-0,8/3/2008,"Fredericton, New Brunswick",2025,BU,Fredericton,New Brunswick