RK,TEAM,DATE,SEASON
1,Wisconsin,2006-10-02,2007
2,New Hampshire,2006-10-02,2007
3,Mercyhurst,2006-10-02,2007
4,St. Lawrence,2006-10-02,2007
5,Minnesota,2006-10-02,2007
6,Dartmouth,2006-10-02,2007
7,Minnesota Duluth,2006-10-02,2007
8,Harvard,2006-10-02,2007
9,Princeton,2006-10-02,2007
10,Boston College,2006-10-02,2007
11,Clarkson,2006-10-02,2007
12,Minnesota State,2006-10-02,2007
13,Brown,2006-10-02,2007
14,Providence,2006-10-02,2007
1,Wisconsin,2006-10-09,2007
2,New Hampshire,2006-10-09,2007
3,Mercyhurst,2006-10-09,2007
4,St. Lawrence,2006-10-09,2007
5,Minnesota,2006-10-09,2007
6,Minnesota Duluth,2006-10-09,2007
7,Dartmouth,2006-10-09,2007
8,Harvard,2006-10-09,2007
9,Princeton,2006-10-09,2007
10,Boston College,2006-10-09,2007
11,Brown,2006-10-09,2007
11,Clarkson,2006-10-09,2007
11,Ohio State,2006-10-09,2007
1,Wisconsin,2006-10-16,2007
2,New Hampshire,2006-10-16,2007
3,St. Lawrence,2006-10-16,2007
4,Mercyhurst,2006-10-16,2007
4,Minnesota Duluth,2006-10-16,2007
6,Minnesota,2006-10-16,2007
7,Dartmouth,2006-10-16,2007
8,Harvard,2006-10-16,2007
9,Princeton,2006-10-16,2007
10,Boston College,2006-10-16,2007
11,Clarkson,2006-10-16,2007
12,Brown,2006-10-16,2007
12,Providence,2006-10-16,2007
14,Ohio State,2006-10-16,2007
1,New Hampshire,2006-10-23,2007
1,Wisconsin,2006-10-23,2007
3,St. Lawrence,2006-10-23,2007
4,Mercyhurst,2006-10-23,2007
5,Minnesota Duluth,2006-10-23,2007
6,Minnesota,2006-10-23,2007
7,Harvard,2006-10-23,2007
8,Dartmouth,2006-10-23,2007
9,Princeton,2006-10-23,2007
10,Boston College,2006-10-23,2007
11,Brown,2006-10-23,2007
12,Boston University,2006-10-23,2007
1,Wisconsin,2006-10-30,2007
2,New Hampshire,2006-10-30,2007
3,Mercyhurst,2006-10-30,2007
4,Minnesota Duluth,2006-10-30,2007
5,St. Lawrence,2006-10-30,2007
6,Harvard,2006-10-30,2007
7,Dartmouth,2006-10-30,2007
8,Minnesota,2006-10-30,2007
8,Princeton,2006-10-30,2007
10,Boston College,2006-10-30,2007
11,Clarkson,2006-10-30,2007
12,Connecticut,2006-10-30,2007
1,Wisconsin,2006-11-06,2007
2,Mercyhurst,2006-11-06,2007
3,New Hampshire,2006-11-06,2007
4,Minnesota,2006-11-06,2007
5,Dartmouth,2006-11-06,2007
6,St. Lawrence,2006-11-06,2007
7,Minnesota Duluth,2006-11-06,2007
8,Harvard,2006-11-06,2007
9,Boston College,2006-11-06,2007
10,Princeton,2006-11-06,2007
11,Ohio State,2006-11-06,2007
1,Wisconsin,2006-11-13,2007
2,Mercyhurst,2006-11-13,2007
3,New Hampshire,2006-11-13,2007
4,Minnesota,2006-11-13,2007
5,St. Lawrence,2006-11-13,2007
6,Dartmouth,2006-11-13,2007
7,Minnesota Duluth,2006-11-13,2007
8,Harvard,2006-11-13,2007
9,Princeton,2006-11-13,2007
10,Boston College,2006-11-13,2007
1,Wisconsin,2006-11-20,2007
2,Mercyhurst,2006-11-20,2007
3,New Hampshire,2006-11-20,2007
4,Minnesota,2006-11-20,2007
5,St. Lawrence,2006-11-20,2007
6,Dartmouth,2006-11-20,2007
7,Harvard,2006-11-20,2007
8,Princeton,2006-11-20,2007
9,Boston College,2006-11-20,2007
10,Minnesota Duluth,2006-11-20,2007
11,Ohio State,2006-11-20,2007
1,Mercyhurst,2006-11-27,2007
2,Wisconsin,2006-11-27,2007
3,New Hampshire,2006-11-27,2007
4,Minnesota,2006-11-27,2007
5,Harvard,2006-11-27,2007
6,Dartmouth,2006-11-27,2007
7,Minnesota Duluth,2006-11-27,2007
7,St. Lawrence,2006-11-27,2007
9,Boston College,2006-11-27,2007
10,Princeton,2006-11-27,2007
11,Ohio State,2006-11-27,2007
1,Mercyhurst,2006-12-04,2007
2,Wisconsin,2006-12-04,2007
3,New Hampshire,2006-12-04,2007
4,Harvard,2006-12-04,2007
5,Minnesota,2006-12-04,2007
6,Dartmouth,2006-12-04,2007
7,St. Lawrence,2006-12-04,2007
8,Minnesota Duluth,2006-12-04,2007
9,Princeton,2006-12-04,2007
10,Ohio State,2006-12-04,2007
11,Boston College,2006-12-04,2007
12,Connecticut,2006-12-04,2007
13,Providence,2006-12-04,2007
14,Colgate,2006-12-04,2007
1,Mercyhurst,2006-12-11,2007
2,New Hampshire,2006-12-11,2007
3,Wisconsin,2006-12-11,2007
4,Minnesota,2006-12-11,2007
5,Dartmouth,2006-12-11,2007
6,Harvard,2006-12-11,2007
7,St. Lawrence,2006-12-11,2007
8,Minnesota Duluth,2006-12-11,2007
9,Connecticut,2006-12-11,2007
9,Ohio State,2006-12-11,2007
11,Boston College,2006-12-11,2007
12,Princeton,2006-12-11,2007
13,Clarkson,2006-12-11,2007
13,Colgate,2006-12-11,2007
1,Mercyhurst,2007-01-02,2007
2,New Hampshire,2007-01-02,2007
2,Wisconsin,2007-01-02,2007
4,Dartmouth,2007-01-02,2007
5,Minnesota,2007-01-02,2007
6,St. Lawrence,2007-01-02,2007
7,Harvard,2007-01-02,2007
8,Minnesota Duluth,2007-01-02,2007
9,Ohio State,2007-01-02,2007
10,Princeton,2007-01-02,2007
11,Boston College,2007-01-02,2007
12,Connecticut,2007-01-02,2007
13,Clarkson,2007-01-02,2007
14,Colgate,2007-01-02,2007
1,Mercyhurst,2007-01-08,2007
2,Wisconsin,2007-01-08,2007
3,New Hampshire,2007-01-08,2007
4,Dartmouth,2007-01-08,2007
5,Harvard,2007-01-08,2007
5,Minnesota,2007-01-08,2007
7,St. Lawrence,2007-01-08,2007
8,Boston College,2007-01-08,2007
9,Minnesota Duluth,2007-01-08,2007
10,Princeton,2007-01-08,2007
11,Ohio State,2007-01-08,2007
12,Clarkson,2007-01-08,2007
12,Providence,2007-01-08,2007
14,Yale,2007-01-08,2007
1,Mercyhurst,2007-01-15,2007
2,Wisconsin,2007-01-15,2007
3,New Hampshire,2007-01-15,2007
4,Dartmouth,2007-01-15,2007
4,Harvard,2007-01-15,2007
6,St. Lawrence,2007-01-15,2007
7,Minnesota,2007-01-15,2007
8,Boston College,2007-01-15,2007
9,Minnesota Duluth,2007-01-15,2007
10,Ohio State,2007-01-15,2007
11,Rensselaer,2007-01-15,2007
12,Yale,2007-01-15,2007
1,Mercyhurst,2007-01-29,2007
2,Wisconsin,2007-01-29,2007
3,Dartmouth,2007-01-29,2007
4,St. Lawrence,2007-01-29,2007
5,New Hampshire,2007-01-29,2007
6,Harvard,2007-01-29,2007
7,Minnesota Duluth,2007-01-29,2007
8,Minnesota,2007-01-29,2007
9,Boston College,2007-01-29,2007
10,Ohio State,2007-01-29,2007
11,Princeton,2007-01-29,2007
1,Mercyhurst,2007-02-05,2007
2,Wisconsin,2007-02-05,2007
3,Dartmouth,2007-02-05,2007
4,St. Lawrence,2007-02-05,2007
5,New Hampshire,2007-02-05,2007
6,Harvard,2007-02-05,2007
7,Minnesota Duluth,2007-02-05,2007
8,Minnesota,2007-02-05,2007
9,Ohio State,2007-02-05,2007
10,Boston College,2007-02-05,2007
11,Connecticut,2007-02-05,2007
1,Mercyhurst,2007-02-12,2007
2,Wisconsin,2007-02-12,2007
3,Dartmouth,2007-02-12,2007
4,New Hampshire,2007-02-12,2007
5,St. Lawrence,2007-02-12,2007
6,Harvard,2007-02-12,2007
7,Minnesota Duluth,2007-02-12,2007
8,Minnesota,2007-02-12,2007
9,Boston College,2007-02-12,2007
10,Ohio State,2007-02-12,2007
11,Connecticut,2007-02-12,2007
12,Princeton,2007-02-12,2007
1,Mercyhurst,2007-02-19,2007
2,Wisconsin,2007-02-19,2007
3,Dartmouth,2007-02-19,2007
4,New Hampshire,2007-02-19,2007
5,St. Lawrence,2007-02-19,2007
6,Harvard,2007-02-19,2007
7,Minnesota Duluth,2007-02-19,2007
8,Boston College,2007-02-19,2007
9,Minnesota,2007-02-19,2007
9,Ohio State,2007-02-19,2007
11,Princeton,2007-02-19,2007
12,Connecticut,2007-02-19,2007
1,Wisconsin,2007-02-26,2007
2,Mercyhurst,2007-02-26,2007
3,Dartmouth,2007-02-26,2007
4,New Hampshire,2007-02-26,2007
5,St. Lawrence,2007-02-26,2007
6,Harvard,2007-02-26,2007
7,Minnesota Duluth,2007-02-26,2007
8,Boston College,2007-02-26,2007
9,Minnesota,2007-02-26,2007
10,Ohio State,2007-02-26,2007
11,Colgate,2007-02-26,2007
1,Wisconsin,2007-03-05,2007
2,Mercyhurst,2007-03-05,2007
3,Dartmouth,2007-03-05,2007
4,New Hampshire,2007-03-05,2007
5,St. Lawrence,2007-03-05,2007
6,Harvard,2007-03-05,2007
7,Boston College,2007-03-05,2007
8,Minnesota Duluth,2007-03-05,2007
9,Minnesota,2007-03-05,2007
10,Ohio State,2007-03-05,2007
11,Providence,2007-03-05,2007
12,Colgate,2007-03-05,2007
1,Wisconsin,2007-10-01,2008
2,Mercyhurst,2007-10-01,2008
3,St. Lawrence,2007-10-01,2008
4,New Hampshire,2007-10-01,2008
5,Minnesota Duluth,2007-10-01,2008
6,Harvard,2007-10-01,2008
7,Minnesota,2007-10-01,2008
8,Boston College,2007-10-01,2008
9,Dartmouth,2007-10-01,2008
10,Ohio State,2007-10-01,2008
11,Connecticut,2007-10-01,2008
12,Colgate,2007-10-01,2008
12,Princeton,2007-10-01,2008
14,Providence,2007-10-01,2008
1,Wisconsin,2007-10-15,2008
2,Mercyhurst,2007-10-15,2008
3,St. Lawrence,2007-10-15,2008
4,New Hampshire,2007-10-15,2008
5,Minnesota Duluth,2007-10-15,2008
6,Harvard,2007-10-15,2008
7,Boston College,2007-10-15,2008
8,Dartmouth,2007-10-15,2008
9,Ohio State,2007-10-15,2008
10,Minnesota,2007-10-15,2008
11,Connecticut,2007-10-15,2008
12,St. Cloud State,2007-10-15,2008
13,Clarkson,2007-10-15,2008
13,Princeton,2007-10-15,2008
15,Colgate,2007-10-15,2008
1,Wisconsin,2007-10-29,2008
2,New Hampshire,2007-10-29,2008
3,Mercyhurst,2007-10-29,2008
4,Minnesota Duluth,2007-10-29,2008
4,St. Lawrence,2007-10-29,2008
6,Minnesota,2007-10-29,2008
7,Harvard,2007-10-29,2008
8,Connecticut,2007-10-29,2008
9,Boston College,2007-10-29,2008
10,Ohio State,2007-10-29,2008
11,Dartmouth,2007-10-29,2008
12,St. Cloud State,2007-10-29,2008
13,Princeton,2007-10-29,2008
1,Wisconsin,2007-11-12,2008
2,Mercyhurst,2007-11-12,2008
2,New Hampshire,2007-11-12,2008
4,Minnesota Duluth,2007-11-12,2008
5,St. Lawrence,2007-11-12,2008
6,Minnesota,2007-11-12,2008
7,Harvard,2007-11-12,2008
8,Dartmouth,2007-11-12,2008
9,Connecticut,2007-11-12,2008
10,Boston College,2007-11-12,2008
10,Princeton,2007-11-12,2008
12,Clarkson,2007-11-12,2008
12,Minnesota State,2007-11-12,2008
14,Colgate,2007-11-12,2008
1,New Hampshire,2007-11-19,2008
2,Wisconsin,2007-11-19,2008
3,St. Lawrence,2007-11-19,2008
4,Minnesota Duluth,2007-11-19,2008
5,Harvard,2007-11-19,2008
6,Minnesota,2007-11-19,2008
7,Mercyhurst,2007-11-19,2008
8,Dartmouth,2007-11-19,2008
9,Connecticut,2007-11-19,2008
10,Clarkson,2007-11-19,2008
11,Boston College,2007-11-19,2008
12,St. Cloud State,2007-11-19,2008
13,Minnesota State,2007-11-19,2008
1,New Hampshire,2007-11-26,2008
2,Harvard,2007-11-26,2008
3,Minnesota Duluth,2007-11-26,2008
4,Wisconsin,2007-11-26,2008
5,St. Lawrence,2007-11-26,2008
6,Minnesota,2007-11-26,2008
7,Mercyhurst,2007-11-26,2008
8,Dartmouth,2007-11-26,2008
9,Connecticut,2007-11-26,2008
10,Boston College,2007-11-26,2008
11,St. Cloud State,2007-11-26,2008
12,Clarkson,2007-11-26,2008
1,New Hampshire,2007-12-03,2008
2,Harvard,2007-12-03,2008
3,Minnesota Duluth,2007-12-03,2008
4,St. Lawrence,2007-12-03,2008
5,Minnesota,2007-12-03,2008
6,Mercyhurst,2007-12-03,2008
7,Wisconsin,2007-12-03,2008
8,Dartmouth,2007-12-03,2008
9,Boston College,2007-12-03,2008
10,Connecticut,2007-12-03,2008
11,St. Cloud State,2007-12-03,2008
12,Clarkson,2007-12-03,2008
13,Providence,2007-12-03,2008
1,Harvard,2007-12-10,2008
2,New Hampshire,2007-12-10,2008
3,Minnesota Duluth,2007-12-10,2008
4,St. Lawrence,2007-12-10,2008
5,Minnesota,2007-12-10,2008
6,Mercyhurst,2007-12-10,2008
7,Wisconsin,2007-12-10,2008
8,Dartmouth,2007-12-10,2008
9,Connecticut,2007-12-10,2008
10,St. Cloud State,2007-12-10,2008
11,Clarkson,2007-12-10,2008
12,Boston College,2007-12-10,2008
13,Princeton,2007-12-10,2008
1,New Hampshire,2007-12-17,2008
2,Minnesota Duluth,2007-12-17,2008
3,Harvard,2007-12-17,2008
4,Minnesota,2007-12-17,2008
5,Mercyhurst,2007-12-17,2008
6,St. Lawrence,2007-12-17,2008
7,Wisconsin,2007-12-17,2008
8,Dartmouth,2007-12-17,2008
9,Connecticut,2007-12-17,2008
9,St. Cloud State,2007-12-17,2008
11,Clarkson,2007-12-17,2008
12,Boston College,2007-12-17,2008
1,New Hampshire,2007-12-31,2008
2,Minnesota Duluth,2007-12-31,2008
3,Harvard,2007-12-31,2008
4,Mercyhurst,2007-12-31,2008
5,Minnesota,2007-12-31,2008
6,Wisconsin,2007-12-31,2008
7,St. Lawrence,2007-12-31,2008
8,Dartmouth,2007-12-31,2008
9,St. Cloud State,2007-12-31,2008
10,Connecticut,2007-12-31,2008
11,Boston College,2007-12-31,2008
12,Clarkson,2007-12-31,2008
13,Princeton,2007-12-31,2008
1,New Hampshire,2008-01-07,2008
2,Harvard,2008-01-07,2008
2,Minnesota Duluth,2008-01-07,2008
4,Minnesota,2008-01-07,2008
5,Wisconsin,2008-01-07,2008
6,Mercyhurst,2008-01-07,2008
7,St. Lawrence,2008-01-07,2008
8,Connecticut,2008-01-07,2008
9,St. Cloud State,2008-01-07,2008
10,Dartmouth,2008-01-07,2008
11,Boston College,2008-01-07,2008
12,Clarkson,2008-01-07,2008
12,Providence,2008-01-07,2008
1,New Hampshire,2008-01-14,2008
2,Harvard,2008-01-14,2008
3,Minnesota Duluth,2008-01-14,2008
4,Minnesota,2008-01-14,2008
5,Wisconsin,2008-01-14,2008
6,Mercyhurst,2008-01-14,2008
7,St. Lawrence,2008-01-14,2008
8,Connecticut,2008-01-14,2008
9,St. Cloud State,2008-01-14,2008
10,Dartmouth,2008-01-14,2008
11,Clarkson,2008-01-14,2008
12,Providence,2008-01-14,2008
13,Boston College,2008-01-14,2008
1,Harvard,2008-01-21,2008
2,New Hampshire,2008-01-21,2008
3,Minnesota Duluth,2008-01-21,2008
4,Minnesota,2008-01-21,2008
5,Wisconsin,2008-01-21,2008
6,Mercyhurst,2008-01-21,2008
6,St. Lawrence,2008-01-21,2008
8,Connecticut,2008-01-21,2008
9,Clarkson,2008-01-21,2008
10,St. Cloud State,2008-01-21,2008
11,Dartmouth,2008-01-21,2008
1,Harvard,2008-01-28,2008
2,New Hampshire,2008-01-28,2008
3,Minnesota Duluth,2008-01-28,2008
4,Minnesota,2008-01-28,2008
5,Wisconsin,2008-01-28,2008
6,St. Lawrence,2008-01-28,2008
7,Mercyhurst,2008-01-28,2008
8,Connecticut,2008-01-28,2008
9,Clarkson,2008-01-28,2008
10,Dartmouth,2008-01-28,2008
11,St. Cloud State,2008-01-28,2008
1,Harvard,2008-02-04,2008
2,New Hampshire,2008-02-04,2008
3,Minnesota Duluth,2008-02-04,2008
4,Minnesota,2008-02-04,2008
5,Wisconsin,2008-02-04,2008
6,St. Lawrence,2008-02-04,2008
7,Mercyhurst,2008-02-04,2008
8,Connecticut,2008-02-04,2008
9,Clarkson,2008-02-04,2008
10,Wayne State,2008-02-04,2008
11,St. Cloud State,2008-02-04,2008
12,Dartmouth,2008-02-04,2008
12,Providence,2008-02-04,2008
1,Harvard,2008-02-11,2008
2,New Hampshire,2008-02-11,2008
3,Minnesota Duluth,2008-02-11,2008
4,Minnesota,2008-02-11,2008
5,Wisconsin,2008-02-11,2008
6,St. Lawrence,2008-02-11,2008
7,Mercyhurst,2008-02-11,2008
8,Connecticut,2008-02-11,2008
9,Clarkson,2008-02-11,2008
10,Dartmouth,2008-02-11,2008
11,Providence,2008-02-11,2008
12,Wayne State,2008-02-11,2008
1,Harvard,2008-02-18,2008
2,New Hampshire,2008-02-18,2008
3,Minnesota Duluth,2008-02-18,2008
4,Minnesota,2008-02-18,2008
5,Wisconsin,2008-02-18,2008
6,St. Lawrence,2008-02-18,2008
7,Mercyhurst,2008-02-18,2008
8,Connecticut,2008-02-18,2008
9,Clarkson,2008-02-18,2008
10,Dartmouth,2008-02-18,2008
11,Wayne State,2008-02-18,2008
12,Providence,2008-02-18,2008
1,Harvard,2008-02-25,2008
2,New Hampshire,2008-02-25,2008
3,Minnesota Duluth,2008-02-25,2008
4,Minnesota,2008-02-25,2008
5,Wisconsin,2008-02-25,2008
6,St. Lawrence,2008-02-25,2008
7,Mercyhurst,2008-02-25,2008
8,Dartmouth,2008-02-25,2008
9,Clarkson,2008-02-25,2008
10,Connecticut,2008-02-25,2008
11,Wayne State,2008-02-25,2008
12,St. Cloud State,2008-02-25,2008
13,Princeton,2008-02-25,2008
1,Harvard,2008-03-03,2008
2,New Hampshire,2008-03-03,2008
3,Minnesota Duluth,2008-03-03,2008
4,Wisconsin,2008-03-03,2008
5,Minnesota,2008-03-03,2008
6,St. Lawrence,2008-03-03,2008
7,Mercyhurst,2008-03-03,2008
8,Dartmouth,2008-03-03,2008
9,Clarkson,2008-03-03,2008
10,Connecticut,2008-03-03,2008
11,Wayne State,2008-03-03,2008
12,Providence,2008-03-03,2008
13,Princeton,2008-03-03,2008
1,Minnesota Duluth,2008-10-06,2009
2,Wisconsin,2008-10-06,2009
3,Harvard,2008-10-06,2009
4,New Hampshire,2008-10-06,2009
5,Mercyhurst,2008-10-06,2009
6,Minnesota,2008-10-06,2009
7,St. Lawrence,2008-10-06,2009
8,Dartmouth,2008-10-06,2009
9,Ohio State,2008-10-06,2009
10,Boston College,2008-10-06,2009
11,Connecticut,2008-10-06,2009
12,Clarkson,2008-10-06,2009
13,Minnesota State,2008-10-06,2009
13,Providence,2008-10-06,2009
13,St. Cloud State,2008-10-06,2009
1,Wisconsin,2008-10-14,2009
2,Minnesota,2008-10-14,2009
3,Harvard,2008-10-14,2009
4,New Hampshire,2008-10-14,2009
5,Minnesota Duluth,2008-10-14,2009
6,St. Lawrence,2008-10-14,2009
7,Dartmouth,2008-10-14,2009
8,Boston College,2008-10-14,2009
9,Mercyhurst,2008-10-14,2009
10,Connecticut,2008-10-14,2009
11,Ohio State,2008-10-14,2009
12,Clarkson,2008-10-14,2009
13,Providence,2008-10-14,2009
14,Boston University,2008-10-14,2009
14,Wayne State,2008-10-14,2009
1,Wisconsin,2008-10-20,2009
2,Minnesota,2008-10-20,2009
3,Harvard,2008-10-20,2009
4,New Hampshire,2008-10-20,2009
5,Dartmouth,2008-10-20,2009
6,Mercyhurst,2008-10-20,2009
7,Boston College,2008-10-20,2009
8,Minnesota Duluth,2008-10-20,2009
9,St. Lawrence,2008-10-20,2009
10,Connecticut,2008-10-20,2009
11,Boston University,2008-10-20,2009
12,Northeastern,2008-10-20,2009
13,Minnesota State,2008-10-20,2009
14,Clarkson,2008-10-20,2009
14,St. Cloud State,2008-10-20,2009
1,Wisconsin,2008-10-27,2009
2,Minnesota,2008-10-27,2009
3,Harvard,2008-10-27,2009
4,Boston College,2008-10-27,2009
5,New Hampshire,2008-10-27,2009
6,Dartmouth,2008-10-27,2009
7,Minnesota Duluth,2008-10-27,2009
8,Boston University,2008-10-27,2009
9,St. Lawrence,2008-10-27,2009
10,Clarkson,2008-10-27,2009
11,Northeastern,2008-10-27,2009
12,Mercyhurst,2008-10-27,2009
13,Cornell,2008-10-27,2009
14,St. Cloud State,2008-10-27,2009
15,Connecticut,2008-10-27,2009
1,Wisconsin,2008-11-03,2009
2,Minnesota,2008-11-03,2009
3,Harvard,2008-11-03,2009
4,Boston College,2008-11-03,2009
5,Dartmouth,2008-11-03,2009
6,New Hampshire,2008-11-03,2009
7,Boston University,2008-11-03,2009
8,Minnesota Duluth,2008-11-03,2009
9,St. Lawrence,2008-11-03,2009
10,North Dakota,2008-11-03,2009
10,Northeastern,2008-11-03,2009
12,Mercyhurst,2008-11-03,2009
13,Connecticut,2008-11-03,2009
14,Cornell,2008-11-03,2009
14,Minnesota State,2008-11-03,2009
14,St. Cloud State,2008-11-03,2009
1,Wisconsin,2008-11-10,2009
2,Minnesota,2008-11-10,2009
3,Dartmouth,2008-11-10,2009
4,Harvard,2008-11-10,2009
5,New Hampshire,2008-11-10,2009
6,Boston College,2008-11-10,2009
7,Boston University,2008-11-10,2009
8,St. Lawrence,2008-11-10,2009
9,Minnesota Duluth,2008-11-10,2009
10,Northeastern,2008-11-10,2009
11,Mercyhurst,2008-11-10,2009
12,North Dakota,2008-11-10,2009
13,Wayne State,2008-11-10,2009
1,Wisconsin,2008-11-17,2009
2,Minnesota,2008-11-17,2009
3,New Hampshire,2008-11-17,2009
4,St. Lawrence,2008-11-17,2009
5,Boston University,2008-11-17,2009
6,Dartmouth,2008-11-17,2009
7,Minnesota Duluth,2008-11-17,2009
8,Boston College,2008-11-17,2009
9,Harvard,2008-11-17,2009
10,Mercyhurst,2008-11-17,2009
11,Clarkson,2008-11-17,2009
11,Wayne State,2008-11-17,2009
13,North Dakota,2008-11-17,2009
13,St. Cloud State,2008-11-17,2009
1,Wisconsin,2008-11-24,2009
2,Minnesota,2008-11-24,2009
3,Dartmouth,2008-11-24,2009
4,Boston University,2008-11-24,2009
5,St. Lawrence,2008-11-24,2009
6,New Hampshire,2008-11-24,2009
7,Minnesota Duluth,2008-11-24,2009
8,Boston College,2008-11-24,2009
9,Harvard,2008-11-24,2009
9,Mercyhurst,2008-11-24,2009
11,Clarkson,2008-11-24,2009
12,Wayne State,2008-11-24,2009
13,North Dakota,2008-11-24,2009
14,St. Cloud State,2008-11-24,2009
15,Princeton,2008-11-24,2009
1,Wisconsin,2008-12-01,2009
2,Minnesota,2008-12-01,2009
3,St. Lawrence,2008-12-01,2009
4,Minnesota Duluth,2008-12-01,2009
5,Dartmouth,2008-12-01,2009
6,Boston University,2008-12-01,2009
7,New Hampshire,2008-12-01,2009
8,Boston College,2008-12-01,2009
9,Mercyhurst,2008-12-01,2009
10,Harvard,2008-12-01,2009
11,Clarkson,2008-12-01,2009
12,St. Cloud State,2008-12-01,2009
13,North Dakota,2008-12-01,2009
14,Wayne State,2008-12-01,2009
1,Wisconsin,2008-12-08,2009
2,Minnesota,2008-12-08,2009
3,Minnesota Duluth,2008-12-08,2009
4,St. Lawrence,2008-12-08,2009
5,Dartmouth,2008-12-08,2009
6,Boston University,2008-12-08,2009
7,New Hampshire,2008-12-08,2009
8,Mercyhurst,2008-12-08,2009
9,Boston College,2008-12-08,2009
9,Harvard,2008-12-08,2009
11,Wayne State,2008-12-08,2009
12,Rensselaer,2008-12-08,2009
13,Connecticut,2008-12-08,2009
13,North Dakota,2008-12-08,2009
13,Providence,2008-12-08,2009
1,Wisconsin,2008-12-15,2009
2,Minnesota,2008-12-15,2009
3,Dartmouth,2008-12-15,2009
4,Minnesota Duluth,2008-12-15,2009
5,Mercyhurst,2008-12-15,2009
6,St. Lawrence,2008-12-15,2009
7,New Hampshire,2008-12-15,2009
8,Boston College,2008-12-15,2009
9,Boston University,2008-12-15,2009
10,Wayne State,2008-12-15,2009
11,Connecticut,2008-12-15,2009
12,North Dakota,2008-12-15,2009
13,Princeton,2008-12-15,2009
13,Providence,2008-12-15,2009
13,Rensselaer,2008-12-15,2009
1,Wisconsin,2009-01-05,2009
2,Minnesota,2009-01-05,2009
3,Minnesota Duluth,2009-01-05,2009
4,Mercyhurst,2009-01-05,2009
5,St. Lawrence,2009-01-05,2009
6,New Hampshire,2009-01-05,2009
7,Boston College,2009-01-05,2009
8,Dartmouth,2009-01-05,2009
9,Boston University,2009-01-05,2009
10,Princeton,2009-01-05,2009
11,Wayne State,2009-01-05,2009
12,Connecticut,2009-01-05,2009
13,North Dakota,2009-01-05,2009
1,Minnesota,2009-01-12,2009
2,Wisconsin,2009-01-12,2009
3,Minnesota Duluth,2009-01-12,2009
4,Mercyhurst,2009-01-12,2009
5,St. Lawrence,2009-01-12,2009
6,Boston College,2009-01-12,2009
7,Dartmouth,2009-01-12,2009
8,New Hampshire,2009-01-12,2009
9,Princeton,2009-01-12,2009
10,Connecticut,2009-01-12,2009
11,Wayne State,2009-01-12,2009
12,Boston University,2009-01-12,2009
13,North Dakota,2009-01-12,2009
13,Providence,2009-01-12,2009
1,Minnesota,2009-01-19,2009
2,Wisconsin,2009-01-19,2009
3,Minnesota Duluth,2009-01-19,2009
4,St. Lawrence,2009-01-19,2009
5,Mercyhurst,2009-01-19,2009
6,Boston College,2009-01-19,2009
7,New Hampshire,2009-01-19,2009
8,Connecticut,2009-01-19,2009
9,Dartmouth,2009-01-19,2009
10,Princeton,2009-01-19,2009
11,Wayne State,2009-01-19,2009
12,Boston University,2009-01-19,2009
12,Clarkson,2009-01-19,2009
12,North Dakota,2009-01-19,2009
1,Wisconsin,2009-01-26,2009
2,Minnesota,2009-01-26,2009
3,Minnesota Duluth,2009-01-26,2009
4,St. Lawrence,2009-01-26,2009
5,Mercyhurst,2009-01-26,2009
6,Boston College,2009-01-26,2009
7,New Hampshire,2009-01-26,2009
8,Connecticut,2009-01-26,2009
9,Dartmouth,2009-01-26,2009
10,Wayne State,2009-01-26,2009
11,Princeton,2009-01-26,2009
1,Wisconsin,2009-02-02,2009
2,Minnesota,2009-02-02,2009
3,Mercyhurst,2009-02-02,2009
4,Minnesota Duluth,2009-02-02,2009
5,New Hampshire,2009-02-02,2009
6,St. Lawrence,2009-02-02,2009
7,Boston College,2009-02-02,2009
8,Dartmouth,2009-02-02,2009
9,Connecticut,2009-02-02,2009
10,Wayne State,2009-02-02,2009
11,Colgate,2009-02-02,2009
12,Harvard,2009-02-02,2009
12,Providence,2009-02-02,2009
12,St. Cloud State,2009-02-02,2009
1,Minnesota,2009-02-09,2009
2,Wisconsin,2009-02-09,2009
3,Mercyhurst,2009-02-09,2009
4,Minnesota Duluth,2009-02-09,2009
5,New Hampshire,2009-02-09,2009
6,St. Lawrence,2009-02-09,2009
7,Boston College,2009-02-09,2009
8,Dartmouth,2009-02-09,2009
9,Connecticut,2009-02-09,2009
10,Wayne State,2009-02-09,2009
11,Harvard,2009-02-09,2009
12,Princeton,2009-02-09,2009
1,Minnesota,2009-02-16,2009
2,Wisconsin,2009-02-16,2009
3,Mercyhurst,2009-02-16,2009
4,Minnesota Duluth,2009-02-16,2009
5,New Hampshire,2009-02-16,2009
6,Boston College,2009-02-16,2009
7,St. Lawrence,2009-02-16,2009
8,Dartmouth,2009-02-16,2009
9,Harvard,2009-02-16,2009
10,Connecticut,2009-02-16,2009
11,Princeton,2009-02-16,2009
12,Wayne State,2009-02-16,2009
1,Minnesota,2009-02-23,2009
2,Wisconsin,2009-02-23,2009
3,Mercyhurst,2009-02-23,2009
4,Minnesota Duluth,2009-02-23,2009
5,New Hampshire,2009-02-23,2009
6,Boston College,2009-02-23,2009
7,Harvard,2009-02-23,2009
8,St. Lawrence,2009-02-23,2009
9,Princeton,2009-02-23,2009
10,Dartmouth,2009-02-23,2009
11,Connecticut,2009-02-23,2009
12,Boston University,2009-02-23,2009
1,Minnesota,2009-03-02,2009
2,Wisconsin,2009-03-02,2009
3,Mercyhurst,2009-03-02,2009
3,Minnesota Duluth,2009-03-02,2009
5,New Hampshire,2009-03-02,2009
6,Boston College,2009-03-02,2009
7,Harvard,2009-03-02,2009
8,St. Lawrence,2009-03-02,2009
9,Dartmouth,2009-03-02,2009
10,Boston University,2009-03-02,2009
11,Princeton,2009-03-02,2009
12,Colgate,2009-03-02,2009
12,Rensselaer,2009-03-02,2009
12,Wayne State,2009-03-02,2009
1,Wisconsin,2009-03-09,2009
2,Minnesota,2009-03-09,2009
3,Mercyhurst,2009-03-09,2009
4,New Hampshire,2009-03-09,2009
5,Minnesota Duluth,2009-03-09,2009
6,Boston College,2009-03-09,2009
7,Dartmouth,2009-03-09,2009
8,St. Lawrence,2009-03-09,2009
9,Harvard,2009-03-09,2009
10,Boston University,2009-03-09,2009
11,Rensselaer,2009-03-09,2009
12,Princeton,2009-03-09,2009
13,Wayne State,2009-03-09,2009
1,Mercyhurst,2009-10-05,2010
2,Minnesota,2009-10-05,2010
3,New Hampshire,2009-10-05,2010
4,Wisconsin,2009-10-05,2010
5,St. Lawrence,2009-10-05,2010
6,Minnesota Duluth,2009-10-05,2010
7,Clarkson,2009-10-05,2010
8,Dartmouth,2009-10-05,2010
9,Harvard,2009-10-05,2010
10,Boston University,2009-10-05,2010
11,North Dakota,2009-10-05,2010
12,Boston College,2009-10-05,2010
13,Ohio State,2009-10-05,2010
14,Providence,2009-10-05,2010
15,Minnesota State,2009-10-05,2010
1,Mercyhurst,2009-10-13,2010
2,Minnesota,2009-10-13,2010
3,New Hampshire,2009-10-13,2010
4,Clarkson,2009-10-13,2010
5,Minnesota Duluth,2009-10-13,2010
6,Wisconsin,2009-10-13,2010
7,Dartmouth,2009-10-13,2010
8,St. Lawrence,2009-10-13,2010
9,Harvard,2009-10-13,2010
10,Boston University,2009-10-13,2010
11,Providence,2009-10-13,2010
12,North Dakota,2009-10-13,2010
13,Princeton,2009-10-13,2010
14,Boston College,2009-10-13,2010
1,Mercyhurst,2009-10-19,2010
2,Minnesota,2009-10-19,2010
3,New Hampshire,2009-10-19,2010
4,Clarkson,2009-10-19,2010
5,Wisconsin,2009-10-19,2010
6,Minnesota Duluth,2009-10-19,2010
6,St. Lawrence,2009-10-19,2010
8,Dartmouth,2009-10-19,2010
9,Boston University,2009-10-19,2010
10,Harvard,2009-10-19,2010
11,Princeton,2009-10-19,2010
12,Minnesota State,2009-10-19,2010
13,Providence,2009-10-19,2010
14,Rensselaer,2009-10-19,2010
1,Mercyhurst,2009-10-26,2010
2,Minnesota,2009-10-26,2010
3,Clarkson,2009-10-26,2010
4,New Hampshire,2009-10-26,2010
5,Minnesota Duluth,2009-10-26,2010
6,Dartmouth,2009-10-26,2010
7,St. Lawrence,2009-10-26,2010
8,Wisconsin,2009-10-26,2010
9,Harvard,2009-10-26,2010
10,Boston University,2009-10-26,2010
11,Minnesota State,2009-10-26,2010
12,Princeton,2009-10-26,2010
13,Northeastern,2009-10-26,2010
14,Connecticut,2009-10-26,2010
15,Niagara,2009-10-26,2010
15,Ohio State,2009-10-26,2010
15,Syracuse,2009-10-26,2010
15,Vermont,2009-10-26,2010
1,Mercyhurst,2009-11-02,2010
2,Clarkson,2009-11-02,2010
3,Minnesota,2009-11-02,2010
4,New Hampshire,2009-11-02,2010
5,Minnesota Duluth,2009-11-02,2010
6,Wisconsin,2009-11-02,2010
7,St. Lawrence,2009-11-02,2010
8,Boston University,2009-11-02,2010
9,Northeastern,2009-11-02,2010
10,Cornell,2009-11-02,2010
11,Harvard,2009-11-02,2010
12,Ohio State,2009-11-02,2010
13,Dartmouth,2009-11-02,2010
14,Princeton,2009-11-02,2010
15,Niagara,2009-11-02,2010
1,Mercyhurst,2009-11-09,2010
2,Clarkson,2009-11-09,2010
3,Minnesota,2009-11-09,2010
4,New Hampshire,2009-11-09,2010
5,Minnesota Duluth,2009-11-09,2010
6,Wisconsin,2009-11-09,2010
7,Cornell,2009-11-09,2010
8,Boston University,2009-11-09,2010
9,Northeastern,2009-11-09,2010
10,Princeton,2009-11-09,2010
11,Harvard,2009-11-09,2010
12,Dartmouth,2009-11-09,2010
13,Ohio State,2009-11-09,2010
13,St. Lawrence,2009-11-09,2010
15,Robert Morris,2009-11-09,2010
1,Mercyhurst,2009-11-16,2010
2,Minnesota,2009-11-16,2010
3,Clarkson,2009-11-16,2010
4,New Hampshire,2009-11-16,2010
5,Minnesota Duluth,2009-11-16,2010
6,Wisconsin,2009-11-16,2010
7,Cornell,2009-11-16,2010
8,Boston University,2009-11-16,2010
9,Northeastern,2009-11-16,2010
10,Princeton,2009-11-16,2010
11,St. Lawrence,2009-11-16,2010
12,Harvard,2009-11-16,2010
13,Dartmouth,2009-11-16,2010
14,Ohio State,2009-11-16,2010
1,Mercyhurst,2009-11-23,2010
2,Minnesota,2009-11-23,2010
3,Clarkson,2009-11-23,2010
4,New Hampshire,2009-11-23,2010
5,Minnesota Duluth,2009-11-23,2010
6,Cornell,2009-11-23,2010
7,Wisconsin,2009-11-23,2010
8,Northeastern,2009-11-23,2010
9,Boston University,2009-11-23,2010
10,Harvard,2009-11-23,2010
11,Princeton,2009-11-23,2010
12,Dartmouth,2009-11-23,2010
12,Niagara,2009-11-23,2010
14,Syracuse,2009-11-23,2010
1,Mercyhurst,2009-11-30,2010
2,Minnesota,2009-11-30,2010
3,New Hampshire,2009-11-30,2010
4,Clarkson,2009-11-30,2010
5,Minnesota Duluth,2009-11-30,2010
6,Cornell,2009-11-30,2010
7,Wisconsin,2009-11-30,2010
8,Northeastern,2009-11-30,2010
9,Harvard,2009-11-30,2010
10,Boston University,2009-11-30,2010
11,Princeton,2009-11-30,2010
12,Niagara,2009-11-30,2010
13,Syracuse,2009-11-30,2010
1,Mercyhurst,2009-12-07,2010
2,Minnesota,2009-12-07,2010
3,Clarkson,2009-12-07,2010
4,New Hampshire,2009-12-07,2010
5,Minnesota Duluth,2009-12-07,2010
6,Harvard,2009-12-07,2010
7,Wisconsin,2009-12-07,2010
8,Cornell,2009-12-07,2010
9,Northeastern,2009-12-07,2010
10,Boston University,2009-12-07,2010
10,St. Lawrence,2009-12-07,2010
12,Connecticut,2009-12-07,2010
12,Niagara,2009-12-07,2010
14,Princeton,2009-12-07,2010
15,Providence,2009-12-07,2010
1,Mercyhurst,2009-12-14,2010
2,Minnesota,2009-12-14,2010
3,Clarkson,2009-12-14,2010
4,New Hampshire,2009-12-14,2010
5,Harvard,2009-12-14,2010
6,Wisconsin,2009-12-14,2010
7,Minnesota Duluth,2009-12-14,2010
8,Cornell,2009-12-14,2010
9,Northeastern,2009-12-14,2010
10,Boston University,2009-12-14,2010
11,Syracuse,2009-12-14,2010
12,Niagara,2009-12-14,2010
12,St. Lawrence,2009-12-14,2010
14,Boston College,2009-12-14,2010
14,Connecticut,2009-12-14,2010
14,Providence,2009-12-14,2010
1,Mercyhurst,2010-01-04,2010
2,Minnesota,2010-01-04,2010
3,Clarkson,2010-01-04,2010
4,New Hampshire,2010-01-04,2010
5,Harvard,2010-01-04,2010
6,Wisconsin,2010-01-04,2010
7,Minnesota Duluth,2010-01-04,2010
8,Cornell,2010-01-04,2010
9,Northeastern,2010-01-04,2010
10,Boston University,2010-01-04,2010
10,Ohio State,2010-01-04,2010
12,Niagara,2010-01-04,2010
13,Connecticut,2010-01-04,2010
14,Providence,2010-01-04,2010
14,Syracuse,2010-01-04,2010
1,Mercyhurst,2010-01-11,2010
2,Minnesota,2010-01-11,2010
3,New Hampshire,2010-01-11,2010
4,Clarkson,2010-01-11,2010
5,Wisconsin,2010-01-11,2010
6,Harvard,2010-01-11,2010
7,Minnesota Duluth,2010-01-11,2010
8,Northeastern,2010-01-11,2010
9,Connecticut,2010-01-11,2010
10,Syracuse,2010-01-11,2010
11,Cornell,2010-01-11,2010
12,Boston University,2010-01-11,2010
13,St. Lawrence,2010-01-11,2010
14,Providence,2010-01-11,2010
15,Ohio State,2010-01-11,2010
1,Mercyhurst,2010-01-18,2010
2,Minnesota,2010-01-18,2010
3,Clarkson,2010-01-18,2010
4,New Hampshire,2010-01-18,2010
5,Minnesota Duluth,2010-01-18,2010
6,Harvard,2010-01-18,2010
7,Wisconsin,2010-01-18,2010
8,Northeastern,2010-01-18,2010
9,Connecticut,2010-01-18,2010
10,Providence,2010-01-18,2010
11,Ohio State,2010-01-18,2010
12,Cornell,2010-01-18,2010
12,Quinnipiac,2010-01-18,2010
12,St. Lawrence,2010-01-18,2010
1,Mercyhurst,2010-01-25,2010
2,Minnesota,2010-01-25,2010
3,Clarkson,2010-01-25,2010
4,New Hampshire,2010-01-25,2010
5,Minnesota Duluth,2010-01-25,2010
6,Northeastern,2010-01-25,2010
7,Harvard,2010-01-25,2010
8,Connecticut,2010-01-25,2010
9,Providence,2010-01-25,2010
10,Wisconsin,2010-01-25,2010
11,Cornell,2010-01-25,2010
12,Quinnipiac,2010-01-25,2010
1,Minnesota,2010-02-01,2010
2,Mercyhurst,2010-02-01,2010
3,Clarkson,2010-02-01,2010
4,New Hampshire,2010-02-01,2010
5,Minnesota Duluth,2010-02-01,2010
6,Harvard,2010-02-01,2010
7,Northeastern,2010-02-01,2010
8,Connecticut,2010-02-01,2010
9,Wisconsin,2010-02-01,2010
10,Providence,2010-02-01,2010
11,Cornell,2010-02-01,2010
12,Syracuse,2010-02-01,2010
13,Ohio State,2010-02-01,2010
14,Niagara,2010-02-01,2010
14,Quinnipiac,2010-02-01,2010
1,Mercyhurst,2010-02-08,2010
2,Minnesota,2010-02-08,2010
2,Minnesota Duluth,2010-02-08,2010
4,Clarkson,2010-02-08,2010
5,Harvard,2010-02-08,2010
6,New Hampshire,2010-02-08,2010
7,Connecticut,2010-02-08,2010
8,Providence,2010-02-08,2010
9,Northeastern,2010-02-08,2010
10,Wisconsin,2010-02-08,2010
11,Cornell,2010-02-08,2010
12,Quinnipiac,2010-02-08,2010
12,St. Lawrence,2010-02-08,2010
1,Mercyhurst,2010-02-15,2010
2,Minnesota,2010-02-15,2010
3,Minnesota Duluth,2010-02-15,2010
4,New Hampshire,2010-02-15,2010
5,Harvard,2010-02-15,2010
6,Clarkson,2010-02-15,2010
7,Connecticut,2010-02-15,2010
8,Wisconsin,2010-02-15,2010
9,Northeastern,2010-02-15,2010
10,Cornell,2010-02-15,2010
11,Providence,2010-02-15,2010
12,Quinnipiac,2010-02-15,2010
13,Ohio State,2010-02-15,2010
1,Mercyhurst,2010-02-22,2010
2,Minnesota Duluth,2010-02-22,2010
3,Minnesota,2010-02-22,2010
4,Harvard,2010-02-22,2010
5,New Hampshire,2010-02-22,2010
6,Clarkson,2010-02-22,2010
7,Connecticut,2010-02-22,2010
8,Northeastern,2010-02-22,2010
9,Cornell,2010-02-22,2010
10,Wisconsin,2010-02-22,2010
11,Quinnipiac,2010-02-22,2010
12,Providence,2010-02-22,2010
13,Boston University,2010-02-22,2010
1,Mercyhurst,2010-03-01,2010
2,Minnesota Duluth,2010-03-01,2010
3,Minnesota,2010-03-01,2010
4,Harvard,2010-03-01,2010
5,New Hampshire,2010-03-01,2010
6,Clarkson,2010-03-01,2010
7,Connecticut,2010-03-01,2010
8,Cornell,2010-03-01,2010
9,Northeastern,2010-03-01,2010
10,Quinnipiac,2010-03-01,2010
11,Providence,2010-03-01,2010
12,Ohio State,2010-03-01,2010
13,Boston University,2010-03-01,2010
14,Wisconsin,2010-03-01,2010
1,Mercyhurst,2010-03-08,2010
2,Minnesota Duluth,2010-03-08,2010
3,Minnesota,2010-03-08,2010
4,Harvard,2010-03-08,2010
5,Clarkson,2010-03-08,2010
6,Cornell,2010-03-08,2010
7,New Hampshire,2010-03-08,2010
8,Boston University,2010-03-08,2010
9,Connecticut,2010-03-08,2010
10,Northeastern,2010-03-08,2010
11,Ohio State,2010-03-08,2010
11,Quinnipiac,2010-03-08,2010
13,Providence,2010-03-08,2010
1,Minnesota Duluth,2010-09-27,2011
2,Cornell,2010-09-27,2011
3,Mercyhurst,2010-09-27,2011
4,Minnesota,2010-09-27,2011
5,Wisconsin,2010-09-27,2011
6,Boston University,2010-09-27,2011
7,Clarkson,2010-09-27,2011
8,Harvard,2010-09-27,2011
9,Boston College,2010-09-27,2011
10,New Hampshire,2010-09-27,2011
10,Providence,2010-09-27,2011
12,Ohio State,2010-09-27,2011
13,North Dakota,2010-09-27,2011
14,St. Lawrence,2010-09-27,2011
15,Quinnipiac,2010-09-27,2011
1,Minnesota Duluth,2010-10-04,2011
2,Cornell,2010-10-04,2011
3,Mercyhurst,2010-10-04,2011
4,Minnesota,2010-10-04,2011
5,Wisconsin,2010-10-04,2011
6,Boston University,2010-10-04,2011
7,Harvard,2010-10-04,2011
8,New Hampshire,2010-10-04,2011
9,Boston College,2010-10-04,2011
10,North Dakota,2010-10-04,2011
11,Clarkson,2010-10-04,2011
12,Ohio State,2010-10-04,2011
13,Quinnipiac,2010-10-04,2011
14,St. Lawrence,2010-10-04,2011
15,Providence,2010-10-04,2011
1,Mercyhurst,2010-10-11,2011
2,Cornell,2010-10-11,2011
3,Minnesota,2010-10-11,2011
3,Wisconsin,2010-10-11,2011
5,Minnesota Duluth,2010-10-11,2011
6,Boston University,2010-10-11,2011
7,Boston College,2010-10-11,2011
8,North Dakota,2010-10-11,2011
9,Harvard,2010-10-11,2011
10,Ohio State,2010-10-11,2011
10,Providence,2010-10-11,2011
12,Quinnipiac,2010-10-11,2011
1,Wisconsin,2010-10-18,2011
2,Cornell,2010-10-18,2011
3,Mercyhurst,2010-10-18,2011
4,Minnesota Duluth,2010-10-18,2011
5,Boston University,2010-10-18,2011
6,North Dakota,2010-10-18,2011
7,Boston College,2010-10-18,2011
8,Minnesota,2010-10-18,2011
9,Harvard,2010-10-18,2011
10,Ohio State,2010-10-18,2011
11,Providence,2010-10-18,2011
12,Quinnipiac,2010-10-18,2011
1,Wisconsin,2010-10-25,2011
2,Cornell,2010-10-25,2011
3,Minnesota Duluth,2010-10-25,2011
4,Mercyhurst,2010-10-25,2011
5,Boston University,2010-10-25,2011
6,Boston College,2010-10-25,2011
6,Minnesota,2010-10-25,2011
8,North Dakota,2010-10-25,2011
9,Harvard,2010-10-25,2011
10,Ohio State,2010-10-25,2011
11,Providence,2010-10-25,2011
12,Quinnipiac,2010-10-25,2011
13,New Hampshire,2010-10-25,2011
14,Syracuse,2010-10-25,2011
1,Wisconsin,2010-11-01,2011
2,Cornell,2010-11-01,2011
3,Minnesota Duluth,2010-11-01,2011
4,Mercyhurst,2010-11-01,2011
5,Boston University,2010-11-01,2011
6,Boston College,2010-11-01,2011
7,North Dakota,2010-11-01,2011
8,Minnesota,2010-11-01,2011
9,Ohio State,2010-11-01,2011
10,Harvard,2010-11-01,2011
11,Providence,2010-11-01,2011
12,New Hampshire,2010-11-01,2011
1,Wisconsin,2010-11-08,2011
2,Cornell,2010-11-08,2011
3,Minnesota Duluth,2010-11-08,2011
4,Mercyhurst,2010-11-08,2011
5,Boston University,2010-11-08,2011
6,Boston College,2010-11-08,2011
7,Minnesota,2010-11-08,2011
8,North Dakota,2010-11-08,2011
9,Ohio State,2010-11-08,2011
10,Harvard,2010-11-08,2011
10,Providence,2010-11-08,2011
12,New Hampshire,2010-11-08,2011
1,Wisconsin,2010-11-15,2011
2,Cornell,2010-11-15,2011
3,Minnesota Duluth,2010-11-15,2011
4,Mercyhurst,2010-11-15,2011
5,Boston University,2010-11-15,2011
6,Minnesota,2010-11-15,2011
7,Boston College,2010-11-15,2011
8,North Dakota,2010-11-15,2011
9,Dartmouth,2010-11-15,2011
10,Providence,2010-11-15,2011
11,Ohio State,2010-11-15,2011
12,Bemidji State,2010-11-15,2011
13,Quinnipiac,2010-11-15,2011
14,Northeastern,2010-11-15,2011
15,Harvard,2010-11-15,2011
1,Wisconsin,2010-11-22,2011
2,Cornell,2010-11-22,2011
3,Mercyhurst,2010-11-22,2011
4,Minnesota Duluth,2010-11-22,2011
5,Boston University,2010-11-22,2011
6,Boston College,2010-11-22,2011
7,Minnesota,2010-11-22,2011
8,North Dakota,2010-11-22,2011
9,Harvard,2010-11-22,2011
10,Ohio State,2010-11-22,2011
11,Dartmouth,2010-11-22,2011
12,Providence,2010-11-22,2011
13,Bemidji State,2010-11-22,2011
14,Northeastern,2010-11-22,2011
1,Cornell,2010-11-29,2011
2,Wisconsin,2010-11-29,2011
3,Mercyhurst,2010-11-29,2011
3,Minnesota Duluth,2010-11-29,2011
5,Boston University,2010-11-29,2011
6,Boston College,2010-11-29,2011
7,Minnesota,2010-11-29,2011
8,North Dakota,2010-11-29,2011
9,Ohio State,2010-11-29,2011
10,Northeastern,2010-11-29,2011
10,Providence,2010-11-29,2011
12,Dartmouth,2010-11-29,2011
13,Harvard,2010-11-29,2011
14,Bemidji State,2010-11-29,2011
14,Quinnipiac,2010-11-29,2011
1,Cornell,2010-12-06,2011
2,Wisconsin,2010-12-06,2011
3,Mercyhurst,2010-12-06,2011
4,Minnesota Duluth,2010-12-06,2011
5,Boston University,2010-12-06,2011
6,Boston College,2010-12-06,2011
7,Minnesota,2010-12-06,2011
8,Providence,2010-12-06,2011
9,North Dakota,2010-12-06,2011
10,Ohio State,2010-12-06,2011
11,Northeastern,2010-12-06,2011
12,Bemidji State,2010-12-06,2011
13,Quinnipiac,2010-12-06,2011
1,Cornell,2010-12-13,2011
2,Wisconsin,2010-12-13,2011
3,Boston University,2010-12-13,2011
4,Mercyhurst,2010-12-13,2011
5,Minnesota Duluth,2010-12-13,2011
6,Boston College,2010-12-13,2011
7,Minnesota,2010-12-13,2011
8,North Dakota,2010-12-13,2011
8,Providence,2010-12-13,2011
10,Northeastern,2010-12-13,2011
11,Bemidji State,2010-12-13,2011
12,Ohio State,2010-12-13,2011
12,Quinnipiac,2010-12-13,2011
14,Harvard,2010-12-13,2011
1,Wisconsin,2011-01-03,2011
2,Cornell,2011-01-03,2011
3,Boston University,2011-01-03,2011
4,Minnesota Duluth,2011-01-03,2011
5,Mercyhurst,2011-01-03,2011
6,Boston College,2011-01-03,2011
7,Minnesota,2011-01-03,2011
8,North Dakota,2011-01-03,2011
9,Providence,2011-01-03,2011
10,Ohio State,2011-01-03,2011
11,Northeastern,2011-01-03,2011
12,Quinnipiac,2011-01-03,2011
13,Dartmouth,2011-01-03,2011
14,Bemidji State,2011-01-03,2011
1,Wisconsin,2011-01-10,2011
2,Cornell,2011-01-10,2011
3,Boston University,2011-01-10,2011
4,Minnesota Duluth,2011-01-10,2011
5,Mercyhurst,2011-01-10,2011
6,Boston College,2011-01-10,2011
7,Minnesota,2011-01-10,2011
8,North Dakota,2011-01-10,2011
9,Providence,2011-01-10,2011
10,Northeastern,2011-01-10,2011
11,Quinnipiac,2011-01-10,2011
12,Bemidji State,2011-01-10,2011
13,Ohio State,2011-01-10,2011
13,Princeton,2011-01-10,2011
1,Wisconsin,2011-01-17,2011
2,Cornell,2011-01-17,2011
3,Boston University,2011-01-17,2011
4,Mercyhurst,2011-01-17,2011
5,Minnesota,2011-01-17,2011
6,Minnesota Duluth,2011-01-17,2011
7,Boston College,2011-01-17,2011
8,North Dakota,2011-01-17,2011
9,Providence,2011-01-17,2011
10,Quinnipiac,2011-01-17,2011
11,Northeastern,2011-01-17,2011
12,Ohio State,2011-01-17,2011
13,Princeton,2011-01-17,2011
1,Wisconsin,2011-01-24,2011
2,Cornell,2011-01-24,2011
3,Boston University,2011-01-24,2011
4,Minnesota,2011-01-24,2011
5,Mercyhurst,2011-01-24,2011
6,Minnesota Duluth,2011-01-24,2011
7,North Dakota,2011-01-24,2011
8,Boston College,2011-01-24,2011
9,Providence,2011-01-24,2011
10,Quinnipiac,2011-01-24,2011
11,Bemidji State,2011-01-24,2011
12,Harvard,2011-01-24,2011
12,Northeastern,2011-01-24,2011
12,Princeton,2011-01-24,2011
1,Wisconsin,2011-01-31,2011
2,Cornell,2011-01-31,2011
3,Boston University,2011-01-31,2011
4,Minnesota,2011-01-31,2011
5,Mercyhurst,2011-01-31,2011
6,Minnesota Duluth,2011-01-31,2011
7,Boston College,2011-01-31,2011
8,North Dakota,2011-01-31,2011
9,Providence,2011-01-31,2011
10,Harvard,2011-01-31,2011
11,Quinnipiac,2011-01-31,2011
12,Bemidji State,2011-01-31,2011
13,Northeastern,2011-01-31,2011
14,Dartmouth,2011-01-31,2011
15,Ohio State,2011-01-31,2011
1,Wisconsin,2011-02-07,2011
2,Cornell,2011-02-07,2011
3,Boston University,2011-02-07,2011
4,Minnesota,2011-02-07,2011
5,Mercyhurst,2011-02-07,2011
6,Minnesota Duluth,2011-02-07,2011
7,Boston College,2011-02-07,2011
8,North Dakota,2011-02-07,2011
9,Providence,2011-02-07,2011
10,Harvard,2011-02-07,2011
11,Quinnipiac,2011-02-07,2011
12,Dartmouth,2011-02-07,2011
13,Bemidji State,2011-02-07,2011
1,Wisconsin,2011-02-14,2011
2,Cornell,2011-02-14,2011
3,Minnesota,2011-02-14,2011
4,Boston University,2011-02-14,2011
5,Mercyhurst,2011-02-14,2011
6,Minnesota Duluth,2011-02-14,2011
7,Boston College,2011-02-14,2011
8,North Dakota,2011-02-14,2011
9,Providence,2011-02-14,2011
10,Dartmouth,2011-02-14,2011
11,Harvard,2011-02-14,2011
12,Quinnipiac,2011-02-14,2011
1,Wisconsin,2011-02-21,2011
2,Cornell,2011-02-21,2011
3,Mercyhurst,2011-02-21,2011
3,Minnesota,2011-02-21,2011
5,Boston University,2011-02-21,2011
6,Minnesota Duluth,2011-02-21,2011
7,Boston College,2011-02-21,2011
8,North Dakota,2011-02-21,2011
9,Dartmouth,2011-02-21,2011
10,Providence,2011-02-21,2011
11,Harvard,2011-02-21,2011
1,Wisconsin,2011-02-28,2011
2,Cornell,2011-02-28,2011
3,Minnesota,2011-02-28,2011
4,Mercyhurst,2011-02-28,2011
5,Boston University,2011-02-28,2011
6,Minnesota Duluth,2011-02-28,2011
7,Boston College,2011-02-28,2011
8,North Dakota,2011-02-28,2011
9,Dartmouth,2011-02-28,2011
10,Providence,2011-02-28,2011
11,Harvard,2011-02-28,2011
1,Wisconsin,2011-03-07,2011
2,Cornell,2011-03-07,2011
3,Minnesota,2011-03-07,2011
4,Mercyhurst,2011-03-07,2011
5,Boston College,2011-03-07,2011
5,Boston University,2011-03-07,2011
7,Minnesota Duluth,2011-03-07,2011
8,Dartmouth,2011-03-07,2011
9,North Dakota,2011-03-07,2011
10,Providence,2011-03-07,2011
11,Northeastern,2011-03-07,2011
1,Wisconsin,2011-03-21,2011
2,Boston University,2011-03-21,2011
3,Boston College,2011-03-21,2011
4,Cornell,2011-03-21,2011
5,Minnesota Duluth,2011-03-21,2011
6,Minnesota,2011-03-21,2011
7,Mercyhurst,2011-03-21,2011
8,Dartmouth,2011-03-21,2011
9,North Dakota,2011-03-21,2011
10,Providence,2011-03-21,2011
11,Harvard,2011-03-21,2011
11,Northeastern,2011-03-21,2011
1,Wisconsin,2011-09-19,2012
2,Boston University,2011-09-19,2012
3,Cornell,2011-09-19,2012
4,Minnesota,2011-09-19,2012
5,Boston College,2011-09-19,2012
6,Minnesota Duluth,2011-09-19,2012
7,North Dakota,2011-09-19,2012
8,Mercyhurst,2011-09-19,2012
9,Quinnipiac,2011-09-19,2012
10,Dartmouth,2011-09-19,2012
10,Providence,2011-09-19,2012
12,Northeastern,2011-09-19,2012
13,Harvard,2011-09-19,2012
14,Ohio State,2011-09-19,2012
1,Wisconsin,2011-10-03,2012
2,Cornell,2011-10-03,2012
3,Minnesota,2011-10-03,2012
4,Boston University,2011-10-03,2012
5,Boston College,2011-10-03,2012
6,North Dakota,2011-10-03,2012
7,Minnesota Duluth,2011-10-03,2012
8,Mercyhurst,2011-10-03,2012
9,Quinnipiac,2011-10-03,2012
10,Dartmouth,2011-10-03,2012
11,Northeastern,2011-10-03,2012
12,Harvard,2011-10-03,2012
13,Bemidji State,2011-10-03,2012
14,Providence,2011-10-03,2012
1,Wisconsin,2011-10-10,2012
2,Cornell,2011-10-10,2012
3,Minnesota,2011-10-10,2012
4,Boston University,2011-10-10,2012
5,Boston College,2011-10-10,2012
6,Minnesota Duluth,2011-10-10,2012
7,North Dakota,2011-10-10,2012
8,Northeastern,2011-10-10,2012
9,Dartmouth,2011-10-10,2012
10,Mercyhurst,2011-10-10,2012
11,Maine,2011-10-10,2012
11,Ohio State,2011-10-10,2012
13,Rensselaer,2011-10-10,2012
13,St. Lawrence,2011-10-10,2012
15,Bemidji State,2011-10-10,2012
15,Harvard,2011-10-10,2012
15,New Hampshire,2011-10-10,2012
1,Wisconsin,2011-10-17,2012
2,Minnesota,2011-10-17,2012
3,Cornell,2011-10-17,2012
4,Boston University,2011-10-17,2012
5,Boston College,2011-10-17,2012
6,Minnesota Duluth,2011-10-17,2012
7,North Dakota,2011-10-17,2012
8,Northeastern,2011-10-17,2012
9,Mercyhurst,2011-10-17,2012
10,Dartmouth,2011-10-17,2012
11,Ohio State,2011-10-17,2012
12,Bemidji State,2011-10-17,2012
13,St. Lawrence,2011-10-17,2012
1,Wisconsin,2011-10-24,2012
2,Minnesota,2011-10-24,2012
3,Cornell,2011-10-24,2012
4,Boston College,2011-10-24,2012
5,Boston University,2011-10-24,2012
6,North Dakota,2011-10-24,2012
7,Minnesota Duluth,2011-10-24,2012
8,Mercyhurst,2011-10-24,2012
9,Northeastern,2011-10-24,2012
10,Dartmouth,2011-10-24,2012
11,Bemidji State,2011-10-24,2012
12,Clarkson,2011-10-24,2012
13,St. Lawrence,2011-10-24,2012
14,Ohio State,2011-10-24,2012
1,Wisconsin,2011-10-31,2012
2,Cornell,2011-10-31,2012
3,Minnesota,2011-10-31,2012
4,Minnesota Duluth,2011-10-31,2012
5,Boston University,2011-10-31,2012
6,Boston College,2011-10-31,2012
7,North Dakota,2011-10-31,2012
8,Mercyhurst,2011-10-31,2012
9,Northeastern,2011-10-31,2012
10,Bemidji State,2011-10-31,2012
10,Harvard,2011-10-31,2012
12,Dartmouth,2011-10-31,2012
13,Ohio State,2011-10-31,2012
14,Clarkson,2011-10-31,2012
1,Wisconsin,2011-11-07,2012
2,Cornell,2011-11-07,2012
3,Minnesota,2011-11-07,2012
4,Boston College,2011-11-07,2012
5,Boston University,2011-11-07,2012
6,Minnesota Duluth,2011-11-07,2012
7,North Dakota,2011-11-07,2012
8,Northeastern,2011-11-07,2012
9,Mercyhurst,2011-11-07,2012
10,Harvard,2011-11-07,2012
11,Bemidji State,2011-11-07,2012
1,Wisconsin,2011-11-14,2012
2,Minnesota,2011-11-14,2012
3,Cornell,2011-11-14,2012
4,Boston College,2011-11-14,2012
5,Boston University,2011-11-14,2012
6,Minnesota Duluth,2011-11-14,2012
7,North Dakota,2011-11-14,2012
8,Northeastern,2011-11-14,2012
9,Mercyhurst,2011-11-14,2012
10,Harvard,2011-11-14,2012
11,Dartmouth,2011-11-14,2012
12,Bemidji State,2011-11-14,2012
1,Wisconsin,2011-11-21,2012
2,Minnesota,2011-11-21,2012
3,Cornell,2011-11-21,2012
4,Boston College,2011-11-21,2012
5,Boston University,2011-11-21,2012
6,North Dakota,2011-11-21,2012
7,Mercyhurst,2011-11-21,2012
8,Minnesota Duluth,2011-11-21,2012
9,Harvard,2011-11-21,2012
10,Northeastern,2011-11-21,2012
11,Bemidji State,2011-11-21,2012
1,Wisconsin,2011-11-28,2012
2,Minnesota,2011-11-28,2012
3,Cornell,2011-11-28,2012
4,Boston College,2011-11-28,2012
5,North Dakota,2011-11-28,2012
6,Mercyhurst,2011-11-28,2012
7,Boston University,2011-11-28,2012
8,Bemidji State,2011-11-28,2012
9,Minnesota Duluth,2011-11-28,2012
10,Northeastern,2011-11-28,2012
11,Harvard,2011-11-28,2012
12,Ohio State,2011-11-28,2012
13,Dartmouth,2011-11-28,2012
14,Quinnipiac,2011-11-28,2012
1,Wisconsin,2011-12-05,2012
2,Minnesota,2011-12-05,2012
3,Cornell,2011-12-05,2012
4,Boston College,2011-12-05,2012
5,North Dakota,2011-12-05,2012
6,Mercyhurst,2011-12-05,2012
7,Bemidji State,2011-12-05,2012
8,Northeastern,2011-12-05,2012
9,Boston University,2011-12-05,2012
10,Minnesota Duluth,2011-12-05,2012
11,Harvard,2011-12-05,2012
12,Ohio State,2011-12-05,2012
13,Clarkson,2011-12-05,2012
1,Wisconsin,2011-12-12,2012
2,Minnesota,2011-12-12,2012
3,Cornell,2011-12-12,2012
4,Boston College,2011-12-12,2012
5,Mercyhurst,2011-12-12,2012
6,North Dakota,2011-12-12,2012
7,Northeastern,2011-12-12,2012
8,Bemidji State,2011-12-12,2012
9,Minnesota Duluth,2011-12-12,2012
10,Harvard,2011-12-12,2012
11,Boston University,2011-12-12,2012
12,Clarkson,2011-12-12,2012
13,Ohio State,2011-12-12,2012
1,Minnesota,2012-01-09,2012
2,Wisconsin,2012-01-09,2012
3,Cornell,2012-01-09,2012
4,Boston College,2012-01-09,2012
5,Mercyhurst,2012-01-09,2012
6,North Dakota,2012-01-09,2012
7,Northeastern,2012-01-09,2012
8,Minnesota Duluth,2012-01-09,2012
9,Bemidji State,2012-01-09,2012
10,Harvard,2012-01-09,2012
11,Boston University,2012-01-09,2012
11,Dartmouth,2012-01-09,2012
11,St. Lawrence,2012-01-09,2012
14,Princeton,2012-01-09,2012
14,Robert Morris,2012-01-09,2012
1,Wisconsin,2012-01-16,2012
2,Minnesota,2012-01-16,2012
3,Cornell,2012-01-16,2012
4,Boston College,2012-01-16,2012
5,Mercyhurst,2012-01-16,2012
6,North Dakota,2012-01-16,2012
7,Northeastern,2012-01-16,2012
8,Minnesota Duluth,2012-01-16,2012
9,Harvard,2012-01-16,2012
10,Dartmouth,2012-01-16,2012
11,Bemidji State,2012-01-16,2012
12,Boston University,2012-01-16,2012
13,Maine,2012-01-16,2012
13,St. Lawrence,2012-01-16,2012
1,Wisconsin,2012-01-23,2012
2,Cornell,2012-01-23,2012
3,Minnesota,2012-01-23,2012
4,Boston College,2012-01-23,2012
5,North Dakota,2012-01-23,2012
6,Northeastern,2012-01-23,2012
7,Mercyhurst,2012-01-23,2012
8,Minnesota Duluth,2012-01-23,2012
9,Harvard,2012-01-23,2012
10,Dartmouth,2012-01-23,2012
11,Bemidji State,2012-01-23,2012
11,St. Lawrence,2012-01-23,2012
1,Wisconsin,2012-01-30,2012
2,Minnesota,2012-01-30,2012
3,Cornell,2012-01-30,2012
4,Boston College,2012-01-30,2012
5,Mercyhurst,2012-01-30,2012
6,North Dakota,2012-01-30,2012
7,Northeastern,2012-01-30,2012
8,Harvard,2012-01-30,2012
9,Minnesota Duluth,2012-01-30,2012
10,Dartmouth,2012-01-30,2012
11,Bemidji State,2012-01-30,2012
12,Boston University,2012-01-30,2012
13,Clarkson,2012-01-30,2012
13,St. Lawrence,2012-01-30,2012
1,Wisconsin,2012-02-06,2012
2,Minnesota,2012-02-06,2012
3,Cornell,2012-02-06,2012
4,North Dakota,2012-02-06,2012
5,Mercyhurst,2012-02-06,2012
6,Boston College,2012-02-06,2012
7,Northeastern,2012-02-06,2012
8,Harvard,2012-02-06,2012
9,Minnesota Duluth,2012-02-06,2012
10,Boston University,2012-02-06,2012
11,Dartmouth,2012-02-06,2012
12,St. Lawrence,2012-02-06,2012
13,Bemidji State,2012-02-06,2012
13,Clarkson,2012-02-06,2012
15,Providence,2012-02-06,2012
1,Wisconsin,2012-02-13,2012
2,Minnesota,2012-02-13,2012
3,Cornell,2012-02-13,2012
4,Boston College,2012-02-13,2012
5,North Dakota,2012-02-13,2012
6,Mercyhurst,2012-02-13,2012
7,Northeastern,2012-02-13,2012
8,Harvard,2012-02-13,2012
9,Boston University,2012-02-13,2012
10,St. Lawrence,2012-02-13,2012
11,Minnesota Duluth,2012-02-13,2012
12,Clarkson,2012-02-13,2012
13,Bemidji State,2012-02-13,2012
13,Dartmouth,2012-02-13,2012
1,Wisconsin,2012-02-20,2012
2,Minnesota,2012-02-20,2012
3,Cornell,2012-02-20,2012
4,Boston College,2012-02-20,2012
5,North Dakota,2012-02-20,2012
6,Mercyhurst,2012-02-20,2012
7,Northeastern,2012-02-20,2012
8,Harvard,2012-02-20,2012
9,Boston University,2012-02-20,2012
10,St. Lawrence,2012-02-20,2012
11,Minnesota Duluth,2012-02-20,2012
12,Clarkson,2012-02-20,2012
13,Bemidji State,2012-02-20,2012
1,Wisconsin,2012-02-27,2012
2,Minnesota,2012-02-27,2012
3,Cornell,2012-02-27,2012
4,Boston College,2012-02-27,2012
5,North Dakota,2012-02-27,2012
6,Mercyhurst,2012-02-27,2012
7,Northeastern,2012-02-27,2012
8,Harvard,2012-02-27,2012
9,Boston University,2012-02-27,2012
10,St. Lawrence,2012-02-27,2012
11,Minnesota Duluth,2012-02-27,2012
12,Bemidji State,2012-02-27,2012
1,Wisconsin,2012-03-05,2012
2,Minnesota,2012-03-05,2012
3,Cornell,2012-03-05,2012
4,Boston College,2012-03-05,2012
5,Boston University,2012-03-05,2012
6,North Dakota,2012-03-05,2012
7,St. Lawrence,2012-03-05,2012
8,Mercyhurst,2012-03-05,2012
9,Northeastern,2012-03-05,2012
10,Minnesota Duluth,2012-03-05,2012
11,Harvard,2012-03-05,2012
12,Providence,2012-03-05,2012
13,Robert Morris,2012-03-05,2012
1,Minnesota,2012-03-19,2012
2,Wisconsin,2012-03-19,2012
3,Cornell,2012-03-19,2012
4,Boston College,2012-03-19,2012
5,Boston University,2012-03-19,2012
6,North Dakota,2012-03-19,2012
7,St. Lawrence,2012-03-19,2012
8,Mercyhurst,2012-03-19,2012
9,Northeastern,2012-03-19,2012
10,Minnesota Duluth,2012-03-19,2012
11,Harvard,2012-03-19,2012
12,Providence,2012-03-19,2012
1,Minnesota,2012-09-17,2013
2,Wisconsin,2012-09-17,2013
3,Cornell,2012-09-17,2013
4,Boston College,2012-09-17,2013
5,North Dakota,2012-09-17,2013
6,Boston University,2012-09-17,2013
7,St. Lawrence,2012-09-17,2013
8,Minnesota Duluth,2012-09-17,2013
9,Northeastern,2012-09-17,2013
10,Mercyhurst,2012-09-17,2013
11,Harvard,2012-09-17,2013
12,Clarkson,2012-09-17,2013
13,Providence,2012-09-17,2013
14,Quinnipiac,2012-09-17,2013
15,Robert Morris,2012-09-17,2013
1,Minnesota,2012-10-01,2013
2,Cornell,2012-10-01,2013
3,Boston College,2012-10-01,2013
4,Wisconsin,2012-10-01,2013
5,North Dakota,2012-10-01,2013
6,Boston University,2012-10-01,2013
7,St. Lawrence,2012-10-01,2013
8,Minnesota Duluth,2012-10-01,2013
9,Mercyhurst,2012-10-01,2013
10,Northeastern,2012-10-01,2013
11,Harvard,2012-10-01,2013
12,Clarkson,2012-10-01,2013
13,Quinnipiac,2012-10-01,2013
14,Providence,2012-10-01,2013
1,Minnesota,2012-10-08,2013
2,Cornell,2012-10-08,2013
3,Boston University,2012-10-08,2013
4,Wisconsin,2012-10-08,2013
5,Boston College,2012-10-08,2013
6,North Dakota,2012-10-08,2013
7,Clarkson,2012-10-08,2013
8,Northeastern,2012-10-08,2013
9,Mercyhurst,2012-10-08,2013
10,Ohio State,2012-10-08,2013
11,Harvard,2012-10-08,2013
12,St. Lawrence,2012-10-08,2013
13,Providence,2012-10-08,2013
14,Minnesota State,2012-10-08,2013
14,Minnesota Duluth,2012-10-08,2013
1,Minnesota,2012-10-15,2013
2,Cornell,2012-10-15,2013
3,Boston University,2012-10-15,2013
4,Boston College,2012-10-15,2013
5,Clarkson,2012-10-15,2013
6,Ohio State,2012-10-15,2013
7,Mercyhurst,2012-10-15,2013
8,Northeastern,2012-10-15,2013
9,Wisconsin,2012-10-15,2013
10,North Dakota,2012-10-15,2013
11,Minnesota Duluth,2012-10-15,2013
12,Harvard,2012-10-15,2013
1,Minnesota,2012-10-22,2013
2,Cornell,2012-10-22,2013
3,Boston University,2012-10-22,2013
4,Clarkson,2012-10-22,2013
5,Mercyhurst,2012-10-22,2013
6,Boston College,2012-10-22,2013
7,Northeastern,2012-10-22,2013
8,North Dakota,2012-10-22,2013
9,Harvard,2012-10-22,2013
10,Minnesota State,2012-10-22,2013
11,Ohio State,2012-10-22,2013
12,Wisconsin,2012-10-22,2013
13,Dartmouth,2012-10-22,2013
14,Minnesota Duluth,2012-10-22,2013
14,Providence,2012-10-22,2013
14,St. Lawrence,2012-10-22,2013
1,Minnesota,2012-10-29,2013
2,Cornell,2012-10-29,2013
3,Boston University,2012-10-29,2013
4,Clarkson,2012-10-29,2013
5,Mercyhurst,2012-10-29,2013
6,Harvard,2012-10-29,2013
7,Northeastern,2012-10-29,2013
8,Boston College,2012-10-29,2013
9,North Dakota,2012-10-29,2013
10,Ohio State,2012-10-29,2013
11,Wisconsin,2012-10-29,2013
12,Minnesota Duluth,2012-10-29,2013
13,Providence,2012-10-29,2013
13,St. Lawrence,2012-10-29,2013
1,Minnesota,2012-11-05,2013
2,Cornell,2012-11-05,2013
3,Clarkson,2012-11-05,2013
4,Mercyhurst,2012-11-05,2013
5,Boston University,2012-11-05,2013
6,Harvard,2012-11-05,2013
7,Boston College,2012-11-05,2013
8,Northeastern,2012-11-05,2013
9,Ohio State,2012-11-05,2013
10,North Dakota,2012-11-05,2013
11,Wisconsin,2012-11-05,2013
12,New Hampshire,2012-11-05,2013
12,Providence,2012-11-05,2013
14,St. Lawrence,2012-11-05,2013
1,Minnesota,2012-11-12,2013
2,Cornell,2012-11-12,2013
3,Clarkson,2012-11-12,2013
4,Mercyhurst,2012-11-12,2013
5,Boston College,2012-11-12,2013
6,Harvard,2012-11-12,2013
7,Boston University,2012-11-12,2013
8,Ohio State,2012-11-12,2013
9,Northeastern,2012-11-12,2013
10,North Dakota,2012-11-12,2013
11,Wisconsin,2012-11-12,2013
12,New Hampshire,2012-11-12,2013
12,Providence,2012-11-12,2013
1,Minnesota,2012-11-19,2013
2,Cornell,2012-11-19,2013
3,Clarkson,2012-11-19,2013
4,Mercyhurst,2012-11-19,2013
5,Boston College,2012-11-19,2013
6,Boston University,2012-11-19,2013
7,Harvard,2012-11-19,2013
8,Ohio State,2012-11-19,2013
9,Northeastern,2012-11-19,2013
10,North Dakota,2012-11-19,2013
11,Wisconsin,2012-11-19,2013
12,Providence,2012-11-19,2013
1,Minnesota,2012-11-26,2013
2,Clarkson,2012-11-26,2013
3,Cornell,2012-11-26,2013
4,Mercyhurst,2012-11-26,2013
5,Boston College,2012-11-26,2013
6,Harvard,2012-11-26,2013
7,Boston University,2012-11-26,2013
8,North Dakota,2012-11-26,2013
9,Northeastern,2012-11-26,2013
10,Wisconsin,2012-11-26,2013
11,Ohio State,2012-11-26,2013
12,Providence,2012-11-26,2013
12,St. Lawrence,2012-11-26,2013
1,Minnesota,2012-12-02,2013
2,Clarkson,2012-12-02,2013
3,Cornell,2012-12-02,2013
4,Mercyhurst,2012-12-02,2013
5,Harvard,2012-12-02,2013
6,Boston College,2012-12-02,2013
7,Boston University,2012-12-02,2013
8,North Dakota,2012-12-02,2013
9,Wisconsin,2012-12-02,2013
10,Northeastern,2012-12-02,2013
11,Ohio State,2012-12-02,2013
1,Minnesota,2012-12-10,2013
2,Clarkson,2012-12-10,2013
3,Cornell,2012-12-10,2013
4,Harvard,2012-12-10,2013
5,Boston College,2012-12-10,2013
6,Boston University,2012-12-10,2013
7,Mercyhurst,2012-12-10,2013
8,Wisconsin,2012-12-10,2013
9,Northeastern,2012-12-10,2013
10,Ohio State,2012-12-10,2013
11,North Dakota,2012-12-10,2013
12,Robert Morris,2012-12-10,2013
1,Minnesota,2013-01-07,2013
2,Harvard,2013-01-07,2013
3,Boston College,2013-01-07,2013
4,Cornell,2013-01-07,2013
5,Clarkson,2013-01-07,2013
6,Boston University,2013-01-07,2013
7,Mercyhurst,2013-01-07,2013
8,Wisconsin,2013-01-07,2013
9,Northeastern,2013-01-07,2013
10,Ohio State,2013-01-07,2013
11,North Dakota,2013-01-07,2013
12,St. Lawrence,2013-01-07,2013
1,Minnesota,2013-01-14,2013
2,Boston College,2013-01-14,2013
3,Harvard,2013-01-14,2013
4,Cornell,2013-01-14,2013
5,Boston University,2013-01-14,2013
6,Clarkson,2013-01-14,2013
7,Wisconsin,2013-01-14,2013
8,Mercyhurst,2013-01-14,2013
9,Ohio State,2013-01-14,2013
10,Northeastern,2013-01-14,2013
11,North Dakota,2013-01-14,2013
12,St. Lawrence,2013-01-14,2013
13,Dartmouth,2013-01-14,2013
1,Minnesota,2013-01-21,2013
2,Harvard,2013-01-21,2013
3,Boston College,2013-01-21,2013
4,Cornell,2013-01-21,2013
5,Boston University,2013-01-21,2013
6,Mercyhurst,2013-01-21,2013
7,Clarkson,2013-01-21,2013
8,Wisconsin,2013-01-21,2013
9,Ohio State,2013-01-21,2013
10,North Dakota,2013-01-21,2013
11,Northeastern,2013-01-21,2013
12,Minnesota Duluth,2013-01-21,2013
1,Minnesota,2013-01-28,2013
2,Boston College,2013-01-28,2013
3,Harvard,2013-01-28,2013
4,Boston University,2013-01-28,2013
5,Cornell,2013-01-28,2013
6,Clarkson,2013-01-28,2013
7,Mercyhurst,2013-01-28,2013
8,Wisconsin,2013-01-28,2013
9,North Dakota,2013-01-28,2013
10,Minnesota Duluth,2013-01-28,2013
11,Northeastern,2013-01-28,2013
1,Minnesota,2013-02-04,2013
2,Boston College,2013-02-04,2013
3,Boston University,2013-02-04,2013
4,Cornell,2013-02-04,2013
5,Harvard,2013-02-04,2013
6,Clarkson,2013-02-04,2013
7,Mercyhurst,2013-02-04,2013
8,Wisconsin,2013-02-04,2013
9,North Dakota,2013-02-04,2013
10,Minnesota Duluth,2013-02-04,2013
11,Northeastern,2013-02-04,2013
12,St. Lawrence,2013-02-04,2013
13,Providence,2013-02-04,2013
1,Minnesota,2013-02-11,2013
2,Boston College,2013-02-11,2013
3,Boston University,2013-02-11,2013
4,Cornell,2013-02-11,2013
5,Harvard,2013-02-11,2013
6,Clarkson,2013-02-11,2013
7,Wisconsin,2013-02-11,2013
8,North Dakota,2013-02-11,2013
9,Mercyhurst,2013-02-11,2013
10,Northeastern,2013-02-11,2013
11,Minnesota Duluth,2013-02-11,2013
12,Quinnipiac,2013-02-11,2013
1,Minnesota,2013-02-18,2013
2,Boston College,2013-02-18,2013
3,Cornell,2013-02-18,2013
4,Boston University,2013-02-18,2013
5,Harvard,2013-02-18,2013
6,Wisconsin,2013-02-18,2013
7,Clarkson,2013-02-18,2013
8,North Dakota,2013-02-18,2013
9,Mercyhurst,2013-02-18,2013
10,Northeastern,2013-02-18,2013
11,Minnesota Duluth,2013-02-18,2013
1,Minnesota,2013-02-25,2013
2,Cornell,2013-02-25,2013
3,Boston College,2013-02-25,2013
4,Boston University,2013-02-25,2013
5,Clarkson,2013-02-25,2013
6,Wisconsin,2013-02-25,2013
7,Harvard,2013-02-25,2013
8,North Dakota,2013-02-25,2013
9,Mercyhurst,2013-02-25,2013
10,Northeastern,2013-02-25,2013
1,Minnesota,2013-03-04,2013
2,Boston College,2013-03-04,2013
3,Cornell,2013-03-04,2013
4,Boston University,2013-03-04,2013
5,Clarkson,2013-03-04,2013
6,Wisconsin,2013-03-04,2013
7,Harvard,2013-03-04,2013
8,North Dakota,2013-03-04,2013
9,Mercyhurst,2013-03-04,2013
10,Northeastern,2013-03-04,2013
1,Minnesota,2013-03-11,2013
2,Cornell,2013-03-11,2013
3,Boston University,2013-03-11,2013
4,Boston College,2013-03-11,2013
5,Harvard,2013-03-11,2013
6,Clarkson,2013-03-11,2013
7,North Dakota,2013-03-11,2013
8,Mercyhurst,2013-03-11,2013
9,Wisconsin,2013-03-11,2013
10,Northeastern,2013-03-11,2013
1,Minnesota,2013-03-25,2013
2,Boston University,2013-03-25,2013
3,Boston College,2013-03-25,2013
4,Cornell,2013-03-25,2013
5,Mercyhurst,2013-03-25,2013
6,North Dakota,2013-03-25,2013
7,Harvard,2013-03-25,2013
8,Clarkson,2013-03-25,2013
9,Wisconsin,2013-03-25,2013
10,Northeastern,2013-03-25,2013
1,Minnesota,2013-09-23,2014
2,Boston College,2013-09-23,2014
3,Clarkson,2013-09-23,2014
4,Cornell,2013-09-23,2014
5,Boston University,2013-09-23,2014
6,Wisconsin,2013-09-23,2014
7,Mercyhurst,2013-09-23,2014
8,North Dakota,2013-09-23,2014
9,Harvard,2013-09-23,2014
10,Northeastern,2013-09-23,2014
11,Minnesota Duluth,2013-09-23,2014
12,Quinnipiac,2013-09-23,2014
13,Ohio State,2013-09-23,2014
14,Dartmouth,2013-09-23,2014
1,Minnesota,2013-10-07,2014
2,Boston College,2013-10-07,2014
3,Clarkson,2013-10-07,2014
4,Cornell,2013-10-07,2014
4,Wisconsin,2013-10-07,2014
6,North Dakota,2013-10-07,2014
7,Boston University,2013-10-07,2014
8,Harvard,2013-10-07,2014
9,Minnesota Duluth,2013-10-07,2014
10,Ohio State,2013-10-07,2014
11,Mercyhurst,2013-10-07,2014
11,Quinnipiac,2013-10-07,2014
13,Northeastern,2013-10-07,2014
14,Dartmouth,2013-10-07,2014
1,Minnesota,2013-10-14,2014
2,Boston College,2013-10-14,2014
3,Clarkson,2013-10-14,2014
4,Wisconsin,2013-10-14,2014
5,Cornell,2013-10-14,2014
5,North Dakota,2013-10-14,2014
7,Boston University,2013-10-14,2014
7,Minnesota Duluth,2013-10-14,2014
9,Harvard,2013-10-14,2014
10,Quinnipiac,2013-10-14,2014
11,Ohio State,2013-10-14,2014
12,Northeastern,2013-10-14,2014
13,Mercyhurst,2013-10-14,2014
1,Minnesota,2013-10-21,2014
2,Wisconsin,2013-10-21,2014
3,Cornell,2013-10-21,2014
4,Boston College,2013-10-21,2014
5,Clarkson,2013-10-21,2014
6,North Dakota,2013-10-21,2014
7,Harvard,2013-10-21,2014
8,Mercyhurst,2013-10-21,2014
9,Quinnipiac,2013-10-21,2014
10,Ohio State,2013-10-21,2014
11,Minnesota Duluth,2013-10-21,2014
12,Boston University,2013-10-21,2014
13,New Hampshire,2013-10-21,2014
1,Minnesota,2013-10-28,2014
2,Wisconsin,2013-10-28,2014
3,Cornell,2013-10-28,2014
4,North Dakota,2013-10-28,2014
5,Clarkson,2013-10-28,2014
6,Boston College,2013-10-28,2014
7,Harvard,2013-10-28,2014
8,Mercyhurst,2013-10-28,2014
9,Quinnipiac,2013-10-28,2014
10,Ohio State,2013-10-28,2014
11,Minnesota Duluth,2013-10-28,2014
12,Boston University,2013-10-28,2014
13,New Hampshire,2013-10-28,2014
14,Robert Morris,2013-10-28,2014
14,Syracuse,2013-10-28,2014
1,Minnesota,2013-11-04,2014
2,Wisconsin,2013-11-04,2014
3,Cornell,2013-11-04,2014
4,North Dakota,2013-11-04,2014
5,Boston College,2013-11-04,2014
6,Clarkson,2013-11-04,2014
7,Quinnipiac,2013-11-04,2014
8,Harvard,2013-11-04,2014
9,Mercyhurst,2013-11-04,2014
10,Boston University,2013-11-04,2014
11,Ohio State,2013-11-04,2014
12,Robert Morris,2013-11-04,2014
13,Syracuse,2013-11-04,2014
1,Minnesota,2013-11-11,2014
2,Wisconsin,2013-11-11,2014
3,Cornell,2013-11-11,2014
4,North Dakota,2013-11-11,2014
5,Boston College,2013-11-11,2014
6,Harvard,2013-11-11,2014
7,Quinnipiac,2013-11-11,2014
8,Boston University,2013-11-11,2014
9,Clarkson,2013-11-11,2014
10,Mercyhurst,2013-11-11,2014
11,Robert Morris,2013-11-11,2014
12,Syracuse,2013-11-11,2014
1,Minnesota,2013-11-18,2014
2,Wisconsin,2013-11-18,2014
3,Cornell,2013-11-18,2014
4,North Dakota,2013-11-18,2014
5,Quinnipiac,2013-11-18,2014
6,Harvard,2013-11-18,2014
7,Boston College,2013-11-18,2014
8,Clarkson,2013-11-18,2014
9,Boston University,2013-11-18,2014
10,Mercyhurst,2013-11-18,2014
11,Robert Morris,2013-11-18,2014
12,Minnesota Duluth,2013-11-18,2014
12,Princeton,2013-11-18,2014
1,Minnesota,2013-11-25,2014
2,Wisconsin,2013-11-25,2014
3,Cornell,2013-11-25,2014
4,North Dakota,2013-11-25,2014
5,Harvard,2013-11-25,2014
6,Clarkson,2013-11-25,2014
7,Boston College,2013-11-25,2014
8,Quinnipiac,2013-11-25,2014
9,Boston University,2013-11-25,2014
10,Robert Morris,2013-11-25,2014
11,Mercyhurst,2013-11-25,2014
11,Minnesota Duluth,2013-11-25,2014
1,Minnesota,2013-12-02,2014
2,Wisconsin,2013-12-02,2014
3,Cornell,2013-12-02,2014
4,North Dakota,2013-12-02,2014
5,Harvard,2013-12-02,2014
6,Boston College,2013-12-02,2014
6,Clarkson,2013-12-02,2014
8,Quinnipiac,2013-12-02,2014
9,Boston University,2013-12-02,2014
10,Robert Morris,2013-12-02,2014
11,Minnesota Duluth,2013-12-02,2014
12,Mercyhurst,2013-12-02,2014
1,Minnesota,2013-12-09,2014
2,Wisconsin,2013-12-09,2014
3,Cornell,2013-12-09,2014
4,North Dakota,2013-12-09,2014
5,Harvard,2013-12-09,2014
6,Clarkson,2013-12-09,2014
7,Boston College,2013-12-09,2014
8,Boston University,2013-12-09,2014
9,Quinnipiac,2013-12-09,2014
10,Robert Morris,2013-12-09,2014
1,Minnesota,2013-12-16,2014
2,Wisconsin,2013-12-16,2014
3,Cornell,2013-12-16,2014
4,North Dakota,2013-12-16,2014
5,Harvard,2013-12-16,2014
6,Clarkson,2013-12-16,2014
7,Boston College,2013-12-16,2014
8,Boston University,2013-12-16,2014
9,Quinnipiac,2013-12-16,2014
10,Robert Morris,2013-12-16,2014
11,Mercyhurst,2013-12-16,2014
1,Minnesota,2014-01-06,2014
2,Wisconsin,2014-01-06,2014
3,Cornell,2014-01-06,2014
4,North Dakota,2014-01-06,2014
5,Harvard,2014-01-06,2014
6,Clarkson,2014-01-06,2014
7,Boston College,2014-01-06,2014
8,Boston University,2014-01-06,2014
9,Robert Morris,2014-01-06,2014
10,Quinnipiac,2014-01-06,2014
11,Mercyhurst,2014-01-06,2014
1,Minnesota,2014-01-13,2014
2,Wisconsin,2014-01-13,2014
3,Cornell,2014-01-13,2014
4,North Dakota,2014-01-13,2014
5,Clarkson,2014-01-13,2014
6,Harvard,2014-01-13,2014
7,Boston College,2014-01-13,2014
8,Robert Morris,2014-01-13,2014
9,Boston University,2014-01-13,2014
10,Quinnipiac,2014-01-13,2014
11,Mercyhurst,2014-01-13,2014
1,Minnesota,2014-01-20,2014
2,Wisconsin,2014-01-20,2014
3,North Dakota,2014-01-20,2014
4,Cornell,2014-01-20,2014
5,Harvard,2014-01-20,2014
6,Clarkson,2014-01-20,2014
7,Boston College,2014-01-20,2014
8,Robert Morris,2014-01-20,2014
9,Quinnipiac,2014-01-20,2014
10,Boston University,2014-01-20,2014
11,Mercyhurst,2014-01-20,2014
1,Minnesota,2014-01-27,2014
2,Wisconsin,2014-01-27,2014
3,North Dakota,2014-01-27,2014
4,Clarkson,2014-01-27,2014
5,Harvard,2014-01-27,2014
6,Cornell,2014-01-27,2014
7,Boston College,2014-01-27,2014
8,Robert Morris,2014-01-27,2014
9,Quinnipiac,2014-01-27,2014
10,Mercyhurst,2014-01-27,2014
11,Boston University,2014-01-27,2014
1,Minnesota,2014-02-03,2014
2,Wisconsin,2014-02-03,2014
3,Clarkson,2014-02-03,2014
4,North Dakota,2014-02-03,2014
5,Cornell,2014-02-03,2014
5,Harvard,2014-02-03,2014
7,Boston College,2014-02-03,2014
8,Quinnipiac,2014-02-03,2014
9,Robert Morris,2014-02-03,2014
10,Mercyhurst,2014-02-03,2014
11,Boston University,2014-02-03,2014
11,Minnesota Duluth,2014-02-03,2014
11,Northeastern,2014-02-03,2014
1,Minnesota,2014-02-10,2014
2,Wisconsin,2014-02-10,2014
3,Cornell,2014-02-10,2014
4,North Dakota,2014-02-10,2014
5,Clarkson,2014-02-10,2014
6,Harvard,2014-02-10,2014
7,Boston College,2014-02-10,2014
8,Mercyhurst,2014-02-10,2014
9,Robert Morris,2014-02-10,2014
10,Quinnipiac,2014-02-10,2014
11,Boston University,2014-02-10,2014
12,Minnesota Duluth,2014-02-10,2014
13,Northeastern,2014-02-10,2014
13,Syracuse,2014-02-10,2014
1,Minnesota,2014-02-17,2014
2,Wisconsin,2014-02-17,2014
3,Cornell,2014-02-17,2014
4,Clarkson,2014-02-17,2014
5,Boston College,2014-02-17,2014
5,Harvard,2014-02-17,2014
7,North Dakota,2014-02-17,2014
8,Mercyhurst,2014-02-17,2014
9,Quinnipiac,2014-02-17,2014
9,Robert Morris,2014-02-17,2014
11,Boston University,2014-02-17,2014
12,Syracuse,2014-02-17,2014
13,Minnesota Duluth,2014-02-17,2014
13,Northeastern,2014-02-17,2014
1,Minnesota,2014-02-24,2014
2,Wisconsin,2014-02-24,2014
3,Clarkson,2014-02-24,2014
4,Boston College,2014-02-24,2014
5,Harvard,2014-02-24,2014
6,Cornell,2014-02-24,2014
7,Quinnipiac,2014-02-24,2014
8,Mercyhurst,2014-02-24,2014
9,North Dakota,2014-02-24,2014
10,Robert Morris,2014-02-24,2014
11,Boston University,2014-02-24,2014
12,Northeastern,2014-02-24,2014
1,Minnesota,2014-03-03,2014
2,Wisconsin,2014-03-03,2014
3,Clarkson,2014-03-03,2014
4,Boston College,2014-03-03,2014
5,Cornell,2014-03-03,2014
6,Harvard,2014-03-03,2014
7,Quinnipiac,2014-03-03,2014
8,Mercyhurst,2014-03-03,2014
9,North Dakota,2014-03-03,2014
10,Robert Morris,2014-03-03,2014
11,Boston University,2014-03-03,2014
12,Northeastern,2014-03-03,2014
13,Minnesota Duluth,2014-03-03,2014
1,Minnesota,2014-03-10,2014
2,Cornell,2014-03-10,2014
3,Wisconsin,2014-03-10,2014
4,Clarkson,2014-03-10,2014
5,Boston College,2014-03-10,2014
6,Harvard,2014-03-10,2014
7,Mercyhurst,2014-03-10,2014
8,North Dakota,2014-03-10,2014
9,Boston University,2014-03-10,2014
10,Quinnipiac,2014-03-10,2014
11,Robert Morris,2014-03-10,2014
12,Minnesota Duluth,2014-03-10,2014
12,RIT,2014-03-10,2014
1,Clarkson,2014-03-24,2014
2,Minnesota,2014-03-24,2014
3,Wisconsin,2014-03-24,2014
4,Cornell,2014-03-24,2014
5,Boston College,2014-03-24,2014
6,Mercyhurst,2014-03-24,2014
7,Harvard,2014-03-24,2014
8,North Dakota,2014-03-24,2014
9,Boston University,2014-03-24,2014
10,Quinnipiac,2014-03-24,2014
11,Robert Morris,2014-03-24,2014
12,RIT,2014-03-24,2014
1,Minnesota,2014-09-22,2015
2,Wisconsin,2014-09-22,2015
3,Boston College,2014-09-22,2015
4,Harvard,2014-09-22,2015
5,Cornell,2014-09-22,2015
6,Boston University,2014-09-22,2015
7,Clarkson,2014-09-22,2015
8,North Dakota,2014-09-22,2015
9,Mercyhurst,2014-09-22,2015
10,Minnesota Duluth,2014-09-22,2015
10,Quinnipiac,2014-09-22,2015
12,Northeastern,2014-09-22,2015
13,Robert Morris,2014-09-22,2015
14,RIT,2014-09-22,2015
1,Minnesota,2014-10-06,2015
2,Wisconsin,2014-10-06,2015
3,Boston College,2014-10-06,2015
4,Harvard,2014-10-06,2015
5,Cornell,2014-10-06,2015
6,Boston University,2014-10-06,2015
7,Mercyhurst,2014-10-06,2015
8,Quinnipiac,2014-10-06,2015
9,Clarkson,2014-10-06,2015
10,North Dakota,2014-10-06,2015
11,Northeastern,2014-10-06,2015
12,Bemidji State,2014-10-06,2015
13,Minnesota Duluth,2014-10-06,2015
13,RIT,2014-10-06,2015
1,Wisconsin,2014-10-13,2015
2,Minnesota,2014-10-13,2015
3,Harvard,2014-10-13,2015
4,Boston College,2014-10-13,2015
5,Cornell,2014-10-13,2015
6,Boston University,2014-10-13,2015
7,Clarkson,2014-10-13,2015
8,Mercyhurst,2014-10-13,2015
9,Quinnipiac,2014-10-13,2015
10,North Dakota,2014-10-13,2015
11,Bemidji State,2014-10-13,2015
12,Minnesota Duluth,2014-10-13,2015
13,St. Lawrence,2014-10-13,2015
1,Minnesota,2014-10-20,2015
2,Wisconsin,2014-10-20,2015
3,Boston College,2014-10-20,2015
4,Harvard,2014-10-20,2015
5,Cornell,2014-10-20,2015
6,Boston University,2014-10-20,2015
7,Quinnipiac,2014-10-20,2015
8,Mercyhurst,2014-10-20,2015
9,North Dakota,2014-10-20,2015
10,Clarkson,2014-10-20,2015
11,Minnesota Duluth,2014-10-20,2015
12,Northeastern,2014-10-20,2015
13,St. Lawrence,2014-10-20,2015
1,Minnesota,2014-10-27,2015
2,Boston College,2014-10-27,2015
3,Wisconsin,2014-10-27,2015
4,Harvard,2014-10-27,2015
5,Quinnipiac,2014-10-27,2015
6,Boston University,2014-10-27,2015
7,Mercyhurst,2014-10-27,2015
8,Cornell,2014-10-27,2015
9,Clarkson,2014-10-27,2015
10,Minnesota Duluth,2014-10-27,2015
10,North Dakota,2014-10-27,2015
12,St. Lawrence,2014-10-27,2015
13,Ohio State,2014-10-27,2015
13,RIT,2014-10-27,2015
1,Boston College,2014-11-03,2015
2,Minnesota,2014-11-03,2015
3,Wisconsin,2014-11-03,2015
4,Harvard,2014-11-03,2015
5,Quinnipiac,2014-11-03,2015
6,Boston University,2014-11-03,2015
7,Mercyhurst,2014-11-03,2015
8,Clarkson,2014-11-03,2015
9,Minnesota Duluth,2014-11-03,2015
10,North Dakota,2014-11-03,2015
11,Cornell,2014-11-03,2015
12,Bemidji State,2014-11-03,2015
13,Dartmouth,2014-11-03,2015
13,St. Lawrence,2014-11-03,2015
13,Vermont,2014-11-03,2015
1,Boston College,2014-11-10,2015
2,Minnesota,2014-11-10,2015
3,Wisconsin,2014-11-10,2015
4,Harvard,2014-11-10,2015
5,Quinnipiac,2014-11-10,2015
6,Boston University,2014-11-10,2015
7,Clarkson,2014-11-10,2015
8,Mercyhurst,2014-11-10,2015
9,Minnesota Duluth,2014-11-10,2015
10,Dartmouth,2014-11-10,2015
11,North Dakota,2014-11-10,2015
12,Bemidji State,2014-11-10,2015
13,Cornell,2014-11-10,2015
13,Princeton,2014-11-10,2015
1,Boston College,2014-11-17,2015
2,Minnesota,2014-11-17,2015
3,Wisconsin,2014-11-17,2015
4,Quinnipiac,2014-11-17,2015
5,Clarkson,2014-11-17,2015
6,Harvard,2014-11-17,2015
7,Boston University,2014-11-17,2015
8,Mercyhurst,2014-11-17,2015
9,Bemidji State,2014-11-17,2015
10,Minnesota Duluth,2014-11-17,2015
11,Princeton,2014-11-17,2015
12,Cornell,2014-11-17,2015
13,St. Lawrence,2014-11-17,2015
1,Boston College,2014-11-24,2015
2,Minnesota,2014-11-24,2015
3,Wisconsin,2014-11-24,2015
4,Quinnipiac,2014-11-24,2015
5,Clarkson,2014-11-24,2015
6,Boston University,2014-11-24,2015
7,Harvard,2014-11-24,2015
8,Mercyhurst,2014-11-24,2015
9,Minnesota Duluth,2014-11-24,2015
10,Bemidji State,2014-11-24,2015
11,St. Lawrence,2014-11-24,2015
1,Boston College,2014-12-01,2015
2,Minnesota,2014-12-01,2015
3,Wisconsin,2014-12-01,2015
4,Quinnipiac,2014-12-01,2015
5,Boston University,2014-12-01,2015
6,Clarkson,2014-12-01,2015
7,Mercyhurst,2014-12-01,2015
8,Minnesota Duluth,2014-12-01,2015
9,Bemidji State,2014-12-01,2015
10,Harvard,2014-12-01,2015
11,St. Lawrence,2014-12-01,2015
1,Boston College,2014-12-08,2015
2,Minnesota,2014-12-08,2015
3,Wisconsin,2014-12-08,2015
4,Boston University,2014-12-08,2015
5,Quinnipiac,2014-12-08,2015
6,Mercyhurst,2014-12-08,2015
7,Minnesota Duluth,2014-12-08,2015
8,Harvard,2014-12-08,2015
9,Bemidji State,2014-12-08,2015
10,Clarkson,2014-12-08,2015
11,Cornell,2014-12-08,2015
1,Boston College,2014-12-15,2015
2,Minnesota,2014-12-15,2015
3,Wisconsin,2014-12-15,2015
4,Boston University,2014-12-15,2015
5,Quinnipiac,2014-12-15,2015
6,Harvard,2014-12-15,2015
6,Minnesota Duluth,2014-12-15,2015
8,Clarkson,2014-12-15,2015
9,Bemidji State,2014-12-15,2015
10,Mercyhurst,2014-12-15,2015
11,Cornell,2014-12-15,2015
1,Boston College,2015-01-05,2015
2,Minnesota,2015-01-05,2015
3,Wisconsin,2015-01-05,2015
4,Boston University,2015-01-05,2015
5,Quinnipiac,2015-01-05,2015
6,Harvard,2015-01-05,2015
7,Minnesota Duluth,2015-01-05,2015
8,Clarkson,2015-01-05,2015
9,Mercyhurst,2015-01-05,2015
10,Cornell,2015-01-05,2015
10,Ohio State,2015-01-05,2015
12,Bemidji State,2015-01-05,2015
1,Boston College,2015-01-12,2015
2,Minnesota,2015-01-12,2015
3,Wisconsin,2015-01-12,2015
4,Quinnipiac,2015-01-12,2015
5,Harvard,2015-01-12,2015
6,Boston University,2015-01-12,2015
7,Minnesota Duluth,2015-01-12,2015
8,Clarkson,2015-01-12,2015
9,Mercyhurst,2015-01-12,2015
10,Ohio State,2015-01-12,2015
11,Cornell,2015-01-12,2015
12,Bemidji State,2015-01-12,2015
1,Boston College,2015-01-19,2015
2,Minnesota,2015-01-19,2015
3,Quinnipiac,2015-01-19,2015
4,Wisconsin,2015-01-19,2015
5,Harvard,2015-01-19,2015
6,Minnesota Duluth,2015-01-19,2015
7,Boston University,2015-01-19,2015
7,Clarkson,2015-01-19,2015
9,Mercyhurst,2015-01-19,2015
10,Cornell,2015-01-19,2015
11,Bemidji State,2015-01-19,2015
13,Ohio State,2015-01-19,2015
1,Boston College,2015-01-26,2015
2,Minnesota,2015-01-26,2015
3,Wisconsin,2015-01-26,2015
4,Harvard,2015-01-26,2015
5,Quinnipiac,2015-01-26,2015
6,Minnesota Duluth,2015-01-26,2015
7,Boston University,2015-01-26,2015
8,Clarkson,2015-01-26,2015
9,St. Lawrence,2015-01-26,2015
10,Cornell,2015-01-26,2015
11,Mercyhurst,2015-01-26,2015
12,North Dakota,2015-01-26,2015
13,Bemidji State,2015-01-26,2015
1,Boston College,2015-02-02,2015
2,Minnesota,2015-02-02,2015
3,Wisconsin,2015-02-02,2015
4,Harvard,2015-02-02,2015
5,Quinnipiac,2015-02-02,2015
6,Boston University,2015-02-02,2015
7,Minnesota Duluth,2015-02-02,2015
8,St. Lawrence,2015-02-02,2015
9,Cornell,2015-02-02,2015
10,Clarkson,2015-02-02,2015
11,North Dakota,2015-02-02,2015
12,Ohio State,2015-02-02,2015
13,Princeton,2015-02-02,2015
1,Boston College,2015-02-09,2015
2,Minnesota,2015-02-09,2015
3,Wisconsin,2015-02-09,2015
4,Harvard,2015-02-09,2015
5,Quinnipiac,2015-02-09,2015
6,Minnesota Duluth,2015-02-09,2015
7,Boston University,2015-02-09,2015
8,Clarkson,2015-02-09,2015
9,North Dakota,2015-02-09,2015
10,Cornell,2015-02-09,2015
11,St. Lawrence,2015-02-09,2015
12,Princeton,2015-02-09,2015
1,Boston College,2015-02-16,2015
2,Minnesota,2015-02-16,2015
3,Harvard,2015-02-16,2015
4,Wisconsin,2015-02-16,2015
5,Quinnipiac,2015-02-16,2015
6,Boston University,2015-02-16,2015
7,Clarkson,2015-02-16,2015
7,North Dakota,2015-02-16,2015
9,Minnesota Duluth,2015-02-16,2015
10,St. Lawrence,2015-02-16,2015
11,Ohio State,2015-02-16,2015
12,Cornell,2015-02-16,2015
13,Princeton,2015-02-16,2015
1,Boston College,2015-02-23,2015
2,Minnesota,2015-02-23,2015
3,Wisconsin,2015-02-23,2015
4,Harvard,2015-02-23,2015
5,Clarkson,2015-02-23,2015
6,Quinnipiac,2015-02-23,2015
7,Boston University,2015-02-23,2015
8,North Dakota,2015-02-23,2015
9,Minnesota Duluth,2015-02-23,2015
10,St. Lawrence,2015-02-23,2015
11,Cornell,2015-02-23,2015
12,Ohio State,2015-02-23,2015
1,Boston College,2015-03-02,2015
2,Minnesota,2015-03-02,2015
3,Wisconsin,2015-03-02,2015
4,Harvard,2015-03-02,2015
5,Clarkson,2015-03-02,2015
6,Quinnipiac,2015-03-02,2015
7,Boston University,2015-03-02,2015
8,North Dakota,2015-03-02,2015
9,Cornell,2015-03-02,2015
10,Bemidji State,2015-03-02,2015
11,Minnesota Duluth,2015-03-02,2015
12,St. Lawrence,2015-03-02,2015
1,Boston College,2015-03-09,2015
2,Minnesota,2015-03-09,2015
3,Wisconsin,2015-03-09,2015
4,Harvard,2015-03-09,2015
5,Boston University,2015-03-09,2015
6,Quinnipiac,2015-03-09,2015
7,Clarkson,2015-03-09,2015
8,North Dakota,2015-03-09,2015
9,Cornell,2015-03-09,2015
10,Bemidji State,2015-03-09,2015
11,Minnesota Duluth,2015-03-09,2015
11,RIT,2015-03-09,2015
1,Minnesota,2015-03-23,2015
2,Harvard,2015-03-23,2015
3,Boston College,2015-03-23,2015
4,Wisconsin,2015-03-23,2015
5,Boston University,2015-03-23,2015
6,Quinnipiac,2015-03-23,2015
7,Clarkson,2015-03-23,2015
8,North Dakota,2015-03-23,2015
9,Cornell,2015-03-23,2015
10,Bemidji State,2015-03-23,2015
11,Minnesota Duluth,2015-03-23,2015
12,RIT,2015-03-23,2015
1,Minnesota,2015-09-21,2016
2,Boston College,2015-09-21,2016
3,Wisconsin,2015-09-21,2016
4,Harvard,2015-09-21,2016
5,Clarkson,2015-09-21,2016
6,North Dakota,2015-09-21,2016
7,Quinnipiac,2015-09-21,2016
8,Boston University,2015-09-21,2016
9,Bemidji State,2015-09-21,2016
10,Cornell,2015-09-21,2016
11,Northeastern,2015-09-21,2016
12,Mercyhurst,2015-09-21,2016
13,Minnesota Duluth,2015-09-21,2016
14,St. Lawrence,2015-09-21,2016
1,Minnesota,2015-10-05,2016
2,Boston College,2015-10-05,2016
3,Wisconsin,2015-10-05,2016
4,Harvard,2015-10-05,2016
5,Clarkson,2015-10-05,2016
6,North Dakota,2015-10-05,2016
7,Boston University,2015-10-05,2016
8,Quinnipiac,2015-10-05,2016
9,Bemidji State,2015-10-05,2016
10,Cornell,2015-10-05,2016
11,Northeastern,2015-10-05,2016
12,Mercyhurst,2015-10-05,2016
13,Minnesota Duluth,2015-10-05,2016
1,Minnesota,2015-10-12,2016
2,Boston College,2015-10-12,2016
2,Wisconsin,2015-10-12,2016
4,Clarkson,2015-10-12,2016
5,Harvard,2015-10-12,2016
6,North Dakota,2015-10-12,2016
7,Quinnipiac,2015-10-12,2016
8,Bemidji State,2015-10-12,2016
9,Boston University,2015-10-12,2016
10,Cornell,2015-10-12,2016
11,Mercyhurst,2015-10-12,2016
12,Northeastern,2015-10-12,2016
13,Lindenwood,2015-10-12,2016
1,Minnesota,2015-10-19,2016
2,Boston College,2015-10-19,2016
3,Wisconsin,2015-10-19,2016
4,Clarkson,2015-10-19,2016
5,Harvard,2015-10-19,2016
6,Bemidji State,2015-10-19,2016
7,North Dakota,2015-10-19,2016
8,Quinnipiac,2015-10-19,2016
9,Cornell,2015-10-19,2016
10,Northeastern,2015-10-19,2016
11,Boston University,2015-10-19,2016
12,Penn State,2015-10-19,2016
1,Minnesota,2015-10-26,2016
2,Boston College,2015-10-26,2016
3,Wisconsin,2015-10-26,2016
4,Clarkson,2015-10-26,2016
5,Quinnipiac,2015-10-26,2016
6,Bemidji State,2015-10-26,2016
7,North Dakota,2015-10-26,2016
8,Harvard,2015-10-26,2016
9,Northeastern,2015-10-26,2016
10,Dartmouth,2015-10-26,2016
11,Cornell,2015-10-26,2016
12,Connecticut,2015-10-26,2016
13,Colgate,2015-10-26,2016
13,Minnesota Duluth,2015-10-26,2016
13,Princeton,2015-10-26,2016
13,St. Lawrence,2015-10-26,2016
1,Wisconsin,2015-11-02,2016
2,Boston College,2015-11-02,2016
3,Minnesota,2015-11-02,2016
4,Clarkson,2015-11-02,2016
5,North Dakota,2015-11-02,2016
6,Bemidji State,2015-11-02,2016
7,Quinnipiac,2015-11-02,2016
8,Northeastern,2015-11-02,2016
9,Harvard,2015-11-02,2016
10,Princeton,2015-11-02,2016
11,Dartmouth,2015-11-02,2016
12,Minnesota Duluth,2015-11-02,2016
13,Colgate,2015-11-02,2016
13,St. Lawrence,2015-11-02,2016
1,Wisconsin,2015-11-09,2016
2,Boston College,2015-11-09,2016
3,Minnesota,2015-11-09,2016
4,Clarkson,2015-11-09,2016
5,Bemidji State,2015-11-09,2016
6,North Dakota,2015-11-09,2016
7,Northeastern,2015-11-09,2016
8,Quinnipiac,2015-11-09,2016
9,Harvard,2015-11-09,2016
10,Princeton,2015-11-09,2016
11,Dartmouth,2015-11-09,2016
12,Colgate,2015-11-09,2016
1,Wisconsin,2015-11-16,2016
2,Boston College,2015-11-16,2016
3,Minnesota,2015-11-16,2016
4,Clarkson,2015-11-16,2016
5,Northeastern,2015-11-16,2016
6,Bemidji State,2015-11-16,2016
7,North Dakota,2015-11-16,2016
8,Quinnipiac,2015-11-16,2016
9,Harvard,2015-11-16,2016
10,Princeton,2015-11-16,2016
11,Colgate,2015-11-16,2016
12,Dartmouth,2015-11-16,2016
1,Wisconsin,2015-11-23,2016
2,Boston College,2015-11-23,2016
3,Minnesota,2015-11-23,2016
4,Northeastern,2015-11-23,2016
5,Quinnipiac,2015-11-23,2016
6,Clarkson,2015-11-23,2016
7,Bemidji State,2015-11-23,2016
8,Harvard,2015-11-23,2016
9,North Dakota,2015-11-23,2016
10,Colgate,2015-11-23,2016
11,Princeton,2015-11-23,2016
12,Minnesota Duluth,2015-11-23,2016
12,St. Lawrence,2015-11-23,2016
14,Boston University,2015-11-23,2016
1,Wisconsin,2015-11-30,2016
2,Boston College,2015-11-30,2016
3,Minnesota,2015-11-30,2016
4,Quinnipiac,2015-11-30,2016
5,Clarkson,2015-11-30,2016
6,Bemidji State,2015-11-30,2016
7,Harvard,2015-11-30,2016
8,Northeastern,2015-11-30,2016
9,North Dakota,2015-11-30,2016
10,Minnesota Duluth,2015-11-30,2016
11,Colgate,2015-11-30,2016
12,Princeton,2015-11-30,2016
13,St. Lawrence,2015-11-30,2016
1,Wisconsin,2015-12-07,2016
2,Boston College,2015-12-07,2016
3,Minnesota,2015-12-07,2016
4,Quinnipiac,2015-12-07,2016
5,Bemidji State,2015-12-07,2016
5,Clarkson,2015-12-07,2016
7,Northeastern,2015-12-07,2016
8,Harvard,2015-12-07,2016
9,North Dakota,2015-12-07,2016
10,Colgate,2015-12-07,2016
11,Princeton,2015-12-07,2016
12,Minnesota Duluth,2015-12-07,2016
1,Boston College,2015-12-14,2016
2,Wisconsin,2015-12-14,2016
3,Minnesota,2015-12-14,2016
4,Quinnipiac,2015-12-14,2016
5,Bemidji State,2015-12-14,2016
6,Clarkson,2015-12-14,2016
7,North Dakota,2015-12-14,2016
8,Northeastern,2015-12-14,2016
9,Harvard,2015-12-14,2016
10,Colgate,2015-12-14,2016
11,Princeton,2015-12-14,2016
12,Minnesota Duluth,2015-12-14,2016
1,Boston College,2016-01-04,2016
2,Wisconsin,2016-01-04,2016
3,Minnesota,2016-01-04,2016
4,Quinnipiac,2016-01-04,2016
5,Clarkson,2016-01-04,2016
6,Bemidji State,2016-01-04,2016
7,North Dakota,2016-01-04,2016
8,Northeastern,2016-01-04,2016
9,Harvard,2016-01-04,2016
10,Colgate,2016-01-04,2016
11,Princeton,2016-01-04,2016
12,Minnesota Duluth,2016-01-04,2016
12,Robert Morris,2016-01-04,2016
1,Boston College,2016-01-11,2016
2,Wisconsin,2016-01-11,2016
3,Minnesota,2016-01-11,2016
4,Quinnipiac,2016-01-11,2016
5,Clarkson,2016-01-11,2016
6,Bemidji State,2016-01-11,2016
7,Northeastern,2016-01-11,2016
8,Harvard,2016-01-11,2016
9,North Dakota,2016-01-11,2016
10,Princeton,2016-01-11,2016
11,Colgate,2016-01-11,2016
12,Boston University,2016-01-11,2016
1,Boston College,2016-01-18,2016
2,Wisconsin,2016-01-18,2016
3,Minnesota,2016-01-18,2016
4,Quinnipiac,2016-01-18,2016
5,Clarkson,2016-01-18,2016
6,Northeastern,2016-01-18,2016
7,Bemidji State,2016-01-18,2016
8,North Dakota,2016-01-18,2016
9,Princeton,2016-01-18,2016
10,Colgate,2016-01-18,2016
11,Harvard,2016-01-18,2016
12,St. Lawrence,2016-01-18,2016
1,Boston College,2016-01-25,2016
2,Wisconsin,2016-01-25,2016
3,Minnesota,2016-01-25,2016
4,Quinnipiac,2016-01-25,2016
5,Clarkson,2016-01-25,2016
6,Northeastern,2016-01-25,2016
7,Bemidji State,2016-01-25,2016
8,North Dakota,2016-01-25,2016
9,Princeton,2016-01-25,2016
10,Colgate,2016-01-25,2016
11,Harvard,2016-01-25,2016
12,St. Lawrence,2016-01-25,2016
1,Boston College,2016-02-01,2016
2,Wisconsin,2016-02-01,2016
3,Minnesota,2016-02-01,2016
4,Quinnipiac,2016-02-01,2016
5,Clarkson,2016-02-01,2016
5,Northeastern,2016-02-01,2016
7,Bemidji State,2016-02-01,2016
8,North Dakota,2016-02-01,2016
9,Princeton,2016-02-01,2016
10,Colgate,2016-02-01,2016
11,Harvard,2016-02-01,2016
1,Boston College,2016-02-08,2016
2,Wisconsin,2016-02-08,2016
3,Minnesota,2016-02-08,2016
4,Quinnipiac,2016-02-08,2016
5,Clarkson,2016-02-08,2016
6,Northeastern,2016-02-08,2016
7,Bemidji State,2016-02-08,2016
8,Princeton,2016-02-08,2016
9,North Dakota,2016-02-08,2016
10,Colgate,2016-02-08,2016
1,Boston College,2016-02-15,2016
2,Wisconsin,2016-02-15,2016
3,Minnesota,2016-02-15,2016
4,Quinnipiac,2016-02-15,2016
5,Clarkson,2016-02-15,2016
6,Northeastern,2016-02-15,2016
7,Bemidji State,2016-02-15,2016
8,Princeton,2016-02-15,2016
9,North Dakota,2016-02-15,2016
10,Colgate,2016-02-15,2016
11,Harvard,2016-02-15,2016
1,Boston College,2016-02-22,2016
2,Minnesota,2016-02-22,2016
3,Wisconsin,2016-02-22,2016
4,Quinnipiac,2016-02-22,2016
5,Clarkson,2016-02-22,2016
6,Northeastern,2016-02-22,2016
7,Bemidji State,2016-02-22,2016
8,Princeton,2016-02-22,2016
9,Colgate,2016-02-22,2016
10,North Dakota,2016-02-22,2016
11,Harvard,2016-02-22,2016
1,Boston College,2016-02-29,2016
2,Minnesota,2016-02-29,2016
3,Wisconsin,2016-02-29,2016
4,Quinnipiac,2016-02-29,2016
5,Clarkson,2016-02-29,2016
6,Northeastern,2016-02-29,2016
7,Colgate,2016-02-29,2016
8,North Dakota,2016-02-29,2016
9,Princeton,2016-02-29,2016
10,Bemidji State,2016-02-29,2016
11,Boston University,2016-02-29,2016
12,St. Lawrence,2016-02-29,2016
1,Boston College,2016-03-07,2016
2,Wisconsin,2016-03-07,2016
3,Minnesota,2016-03-07,2016
4,Quinnipiac,2016-03-07,2016
5,Clarkson,2016-03-07,2016
6,Northeastern,2016-03-07,2016
7,Princeton,2016-03-07,2016
8,Colgate,2016-03-07,2016
9,North Dakota,2016-03-07,2016
10,Bemidji State,2016-03-07,2016
11,Mercyhurst,2016-03-07,2016
12,St. Lawrence,2016-03-07,2016
13,Boston University,2016-03-07,2016
1,Minnesota,2016-03-21,2016
2,Boston College,2016-03-21,2016
3,Wisconsin,2016-03-21,2016
4,Clarkson,2016-03-21,2016
5,Quinnipiac,2016-03-21,2016
6,Northeastern,2016-03-21,2016
7,Princeton,2016-03-21,2016
8,Colgate,2016-03-21,2016
9,North Dakota,2016-03-21,2016
10,Bemidji State,2016-03-21,2016
11,Mercyhurst,2016-03-21,2016
12,St. Lawrence,2016-03-21,2016
13,Boston University,2016-03-21,2016
1,Wisconsin,2016-09-19,2017
2,Minnesota,2016-09-19,2017
3,Boston College,2016-09-19,2017
4,Quinnipiac,2016-09-19,2017
5,Clarkson,2016-09-19,2017
6,North Dakota,2016-09-19,2017
7,Princeton,2016-09-19,2017
8,Colgate,2016-09-19,2017
9,Northeastern,2016-09-19,2017
10,Boston University,2016-09-19,2017
11,Bemidji State,2016-09-19,2017
12,Minnesota Duluth,2016-09-19,2017
13,Cornell,2016-09-19,2017
13,Harvard,2016-09-19,2017
13,Mercyhurst,2016-09-19,2017
1,Wisconsin,2016-10-03,2017
2,Minnesota,2016-10-03,2017
3,Quinnipiac,2016-10-03,2017
4,Clarkson,2016-10-03,2017
5,Boston College,2016-10-03,2017
6,Minnesota Duluth,2016-10-03,2017
7,North Dakota,2016-10-03,2017
8,Colgate,2016-10-03,2017
9,Boston University,2016-10-03,2017
10,Princeton,2016-10-03,2017
11,Bemidji State,2016-10-03,2017
12,St. Lawrence,2016-10-03,2017
13,Cornell,2016-10-03,2017
14,Mercyhurst,2016-10-03,2017
15,Northeastern,2016-10-03,2017
1,Wisconsin,2016-10-10,2017
2,Quinnipiac,2016-10-10,2017
3,Minnesota,2016-10-10,2017
4,Minnesota Duluth,2016-10-10,2017
5,Boston College,2016-10-10,2017
6,Colgate,2016-10-10,2017
7,Clarkson,2016-10-10,2017
8,Bemidji State,2016-10-10,2017
9,St. Lawrence,2016-10-10,2017
10,North Dakota,2016-10-10,2017
11,Princeton,2016-10-10,2017
12,Boston University,2016-10-10,2017
1,Wisconsin,2016-10-17,2017
2,Minnesota,2016-10-17,2017
3,Quinnipiac,2016-10-17,2017
4,Minnesota Duluth,2016-10-17,2017
5,Colgate,2016-10-17,2017
6,Boston College,2016-10-17,2017
7,St. Lawrence,2016-10-17,2017
8,Clarkson,2016-10-17,2017
9,North Dakota,2016-10-17,2017
10,Bemidji State,2016-10-17,2017
11,Princeton,2016-10-17,2017
12,Boston University,2016-10-17,2017
13,Robert Morris,2016-10-17,2017
14,Ohio State,2016-10-17,2017
15,Mercyhurst,2016-10-17,2017
1,Wisconsin,2016-10-24,2017
2,Minnesota,2016-10-24,2017
3,Minnesota Duluth,2016-10-24,2017
4,Boston College,2016-10-24,2017
5,Quinnipiac,2016-10-24,2017
6,Colgate,2016-10-24,2017
7,St. Lawrence,2016-10-24,2017
8,Clarkson,2016-10-24,2017
9,Princeton,2016-10-24,2017
10,Bemidji State,2016-10-24,2017
11,North Dakota,2016-10-24,2017
12,Northeastern,2016-10-24,2017
13,Cornell,2016-10-24,2017
13,Ohio State,2016-10-24,2017
1,Wisconsin,2016-10-31,2017
2,Minnesota,2016-10-31,2017
3,Minnesota Duluth,2016-10-31,2017
4,Boston College,2016-10-31,2017
5,Quinnipiac,2016-10-31,2017
6,Colgate,2016-10-31,2017
7,St. Lawrence,2016-10-31,2017
8,Clarkson,2016-10-31,2017
9,North Dakota,2016-10-31,2017
10,Princeton,2016-10-31,2017
11,Bemidji State,2016-10-31,2017
1,Wisconsin,2016-11-07,2017
2,Minnesota,2016-11-07,2017
3,Minnesota Duluth,2016-11-07,2017
4,St. Lawrence,2016-11-07,2017
5,Colgate,2016-11-07,2017
6,Boston College,2016-11-07,2017
7,Clarkson,2016-11-07,2017
8,Quinnipiac,2016-11-07,2017
9,North Dakota,2016-11-07,2017
10,Princeton,2016-11-07,2017
11,Northeastern,2016-11-07,2017
12,Robert Morris,2016-11-07,2017
13,Bemidji State,2016-11-07,2017
14,Boston University,2016-11-07,2017
14,Cornell,2016-11-07,2017
1,Wisconsin,2016-11-14,2017
2,Minnesota,2016-11-14,2017
3,Minnesota Duluth,2016-11-14,2017
4,St. Lawrence,2016-11-14,2017
5,Colgate,2016-11-14,2017
6,Boston College,2016-11-14,2017
7,Clarkson,2016-11-14,2017
8,Quinnipiac,2016-11-14,2017
9,North Dakota,2016-11-14,2017
10,Northeastern,2016-11-14,2017
11,Robert Morris,2016-11-14,2017
12,Princeton,2016-11-14,2017
13,Bemidji State,2016-11-14,2017
1,Wisconsin,2016-11-21,2017
2,Minnesota,2016-11-21,2017
3,St. Lawrence,2016-11-21,2017
4,Minnesota Duluth,2016-11-21,2017
5,Clarkson,2016-11-21,2017
6,Boston College,2016-11-21,2017
7,North Dakota,2016-11-21,2017
8,Quinnipiac,2016-11-21,2017
9,Colgate,2016-11-21,2017
10,Northeastern,2016-11-21,2017
11,Princeton,2016-11-21,2017
12,Robert Morris,2016-11-21,2017
1,Wisconsin,2016-11-28,2017
2,Minnesota,2016-11-28,2017
3,St. Lawrence,2016-11-28,2017
4,Minnesota Duluth,2016-11-28,2017
5,Clarkson,2016-11-28,2017
6,Boston College,2016-11-28,2017
7,Colgate,2016-11-28,2017
8,Quinnipiac,2016-11-28,2017
9,North Dakota,2016-11-28,2017
10,Northeastern,2016-11-28,2017
11,Robert Morris,2016-11-28,2017
12,Boston University,2016-11-28,2017
1,Wisconsin,2016-12-05,2017
2,Minnesota,2016-12-05,2017
3,Minnesota Duluth,2016-12-05,2017
4,Clarkson,2016-12-05,2017
4,St. Lawrence,2016-12-05,2017
6,Boston College,2016-12-05,2017
7,Colgate,2016-12-05,2017
8,Quinnipiac,2016-12-05,2017
9,Robert Morris,2016-12-05,2017
10,North Dakota,2016-12-05,2017
11,Cornell,2016-12-05,2017
12,Northeastern,2016-12-05,2017
13,Boston University,2016-12-05,2017
13,Princeton,2016-12-05,2017
13,Vermont,2016-12-05,2017
1,Wisconsin,2016-12-12,2017
2,Minnesota,2016-12-12,2017
3,Clarkson,2016-12-12,2017
4,St. Lawrence,2016-12-12,2017
5,Minnesota Duluth,2016-12-12,2017
6,Boston College,2016-12-12,2017
7,Colgate,2016-12-12,2017
8,Quinnipiac,2016-12-12,2017
9,Robert Morris,2016-12-12,2017
10,North Dakota,2016-12-12,2017
11,Boston University,2016-12-12,2017
12,Princeton,2016-12-12,2017
13,Cornell,2016-12-12,2017
13,Vermont,2016-12-12,2017
1,Wisconsin,2017-01-09,2017
2,Minnesota,2017-01-09,2017
3,Clarkson,2017-01-09,2017
4,Minnesota Duluth,2017-01-09,2017
5,St. Lawrence,2017-01-09,2017
6,Boston College,2017-01-09,2017
7,Robert Morris,2017-01-09,2017
8,Colgate,2017-01-09,2017
9,Quinnipiac,2017-01-09,2017
10,Boston University,2017-01-09,2017
11,Princeton,2017-01-09,2017
12,Northeastern,2017-01-09,2017
13,Mercyhurst,2017-01-09,2017
13,North Dakota,2017-01-09,2017
1,Wisconsin,2017-01-16,2017
2,Minnesota Duluth,2017-01-16,2017
3,Clarkson,2017-01-16,2017
4,Minnesota,2017-01-16,2017
5,St. Lawrence,2017-01-16,2017
6,Boston College,2017-01-16,2017
7,Robert Morris,2017-01-16,2017
8,Quinnipiac,2017-01-16,2017
9,Princeton,2017-01-16,2017
10,Cornell,2017-01-16,2017
11,Colgate,2017-01-16,2017
12,Boston University,2017-01-16,2017
13,North Dakota,2017-01-16,2017
1,Wisconsin,2017-01-23,2017
2,Minnesota Duluth,2017-01-23,2017
3,Clarkson,2017-01-23,2017
4,Minnesota,2017-01-23,2017
5,St. Lawrence,2017-01-23,2017
6,Boston College,2017-01-23,2017
7,Robert Morris,2017-01-23,2017
8,Cornell,2017-01-23,2017
9,Princeton,2017-01-23,2017
10,Quinnipiac,2017-01-23,2017
11,North Dakota,2017-01-23,2017
12,Boston University,2017-01-23,2017
1,Wisconsin,2017-01-30,2017
2,Minnesota Duluth,2017-01-30,2017
3,Clarkson,2017-01-30,2017
4,Minnesota,2017-01-30,2017
5,St. Lawrence,2017-01-30,2017
6,Boston College,2017-01-30,2017
7,Cornell,2017-01-30,2017
8,Robert Morris,2017-01-30,2017
9,Princeton,2017-01-30,2017
10,Quinnipiac,2017-01-30,2017
11,North Dakota,2017-01-30,2017
12,Boston University,2017-01-30,2017
12,Colgate,2017-01-30,2017
1,Wisconsin,2017-02-06,2017
2,Minnesota Duluth,2017-02-06,2017
3,St. Lawrence,2017-02-06,2017
4,Clarkson,2017-02-06,2017
5,Minnesota,2017-02-06,2017
6,Boston College,2017-02-06,2017
7,Cornell,2017-02-06,2017
8,Robert Morris,2017-02-06,2017
9,Quinnipiac,2017-02-06,2017
10,Princeton,2017-02-06,2017
11,Colgate,2017-02-06,2017
1,Wisconsin,2017-02-13,2017
2,Minnesota Duluth,2017-02-13,2017
3,Clarkson,2017-02-13,2017
4,Minnesota,2017-02-13,2017
5,St. Lawrence,2017-02-13,2017
6,Boston College,2017-02-13,2017
7,Cornell,2017-02-13,2017
8,Robert Morris,2017-02-13,2017
9,Princeton,2017-02-13,2017
10,Quinnipiac,2017-02-13,2017
11,Colgate,2017-02-13,2017
12,Northeastern,2017-02-13,2017
1,Wisconsin,2017-02-20,2017
2,Minnesota Duluth,2017-02-20,2017
3,Clarkson,2017-02-20,2017
4,Minnesota,2017-02-20,2017
5,St. Lawrence,2017-02-20,2017
6,Boston College,2017-02-20,2017
7,Cornell,2017-02-20,2017
8,Princeton,2017-02-20,2017
9,Robert Morris,2017-02-20,2017
10,Quinnipiac,2017-02-20,2017
11,Boston University,2017-02-20,2017
12,Colgate,2017-02-20,2017
12,Northeastern,2017-02-20,2017
1,Wisconsin,2017-02-27,2017
2,Minnesota Duluth,2017-02-27,2017
3,Clarkson,2017-02-27,2017
4,St. Lawrence,2017-02-27,2017
5,Minnesota,2017-02-27,2017
6,Boston College,2017-02-27,2017
7,Cornell,2017-02-27,2017
8,Princeton,2017-02-27,2017
9,Robert Morris,2017-02-27,2017
10,Quinnipiac,2017-02-27,2017
11,Boston University,2017-02-27,2017
11,Northeastern,2017-02-27,2017
1,Wisconsin,2017-03-06,2017
2,Clarkson,2017-03-06,2017
3,Minnesota Duluth,2017-03-06,2017
4,Boston College,2017-03-06,2017
5,Minnesota,2017-03-06,2017
6,St. Lawrence,2017-03-06,2017
7,Cornell,2017-03-06,2017
8,Robert Morris,2017-03-06,2017
9,Princeton,2017-03-06,2017
10,Northeastern,2017-03-06,2017
11,Quinnipiac,2017-03-06,2017
1,Clarkson,2017-03-20,2017
2,Wisconsin,2017-03-20,2017
3,Boston College,2017-03-20,2017
4,Minnesota,2017-03-20,2017
5,Minnesota Duluth,2017-03-20,2017
6,St. Lawrence,2017-03-20,2017
7,Cornell,2017-03-20,2017
8,Robert Morris,2017-03-20,2017
9,Princeton,2017-03-20,2017
10,Northeastern,2017-03-20,2017
11,Quinnipiac,2017-03-20,2017
1,Clarkson,2017-09-18,2018
2,Wisconsin,2017-09-18,2018
3,Minnesota,2017-09-18,2018
4,Boston College,2017-09-18,2018
5,Minnesota Duluth,2017-09-18,2018
6,St. Lawrence,2017-09-18,2018
7,Cornell,2017-09-18,2018
8,Northeastern,2017-09-18,2018
9,Quinnipiac,2017-09-18,2018
10,Robert Morris,2017-09-18,2018
11,Colgate,2017-09-18,2018
11,Princeton,2017-09-18,2018
13,Ohio State,2017-09-18,2018
14,Harvard,2017-09-18,2018
14,Mercyhurst,2017-09-18,2018
1,Wisconsin,2017-10-02,2018
2,Clarkson,2017-10-02,2018
3,Boston College,2017-10-02,2018
4,Minnesota,2017-10-02,2018
4,Minnesota Duluth,2017-10-02,2018
6,St. Lawrence,2017-10-02,2018
7,Cornell,2017-10-02,2018
8,Northeastern,2017-10-02,2018
9,Robert Morris,2017-10-02,2018
10,Colgate,2017-10-02,2018
11,Ohio State,2017-10-02,2018
12,Merrimack,2017-10-02,2018
13,Harvard,2017-10-02,2018
13,Providence,2017-10-02,2018
13,Quinnipiac,2017-10-02,2018
1,Wisconsin,2017-10-09,2018
2,Clarkson,2017-10-09,2018
3,Boston College,2017-10-09,2018
4,St. Lawrence,2017-10-09,2018
5,Minnesota Duluth,2017-10-09,2018
6,Northeastern,2017-10-09,2018
7,Ohio State,2017-10-09,2018
8,Colgate,2017-10-09,2018
9,Minnesota,2017-10-09,2018
10,Robert Morris,2017-10-09,2018
11,Cornell,2017-10-09,2018
12,Providence,2017-10-09,2018
13,Harvard,2017-10-09,2018
14,Bemidji State,2017-10-09,2018
14,Princeton,2017-10-09,2018
1,Wisconsin,2017-10-16,2018
2,Clarkson,2017-10-16,2018
3,Boston College,2017-10-16,2018
4,Ohio State,2017-10-16,2018
5,Colgate,2017-10-16,2018
6,St. Lawrence,2017-10-16,2018
7,Minnesota,2017-10-16,2018
8,Minnesota Duluth,2017-10-16,2018
9,Northeastern,2017-10-16,2018
10,Cornell,2017-10-16,2018
11,Robert Morris,2017-10-16,2018
12,Harvard,2017-10-16,2018
13,Providence,2017-10-16,2018
14,Bemidji State,2017-10-16,2018
14,Maine,2017-10-16,2018
14,Quinnipiac,2017-10-16,2018
1,Wisconsin,2017-10-23,2018
2,Clarkson,2017-10-23,2018
3,Boston College,2017-10-23,2018
4,Ohio State,2017-10-23,2018
5,Colgate,2017-10-23,2018
6,Minnesota,2017-10-23,2018
7,Northeastern,2017-10-23,2018
7,St. Lawrence,2017-10-23,2018
9,Cornell,2017-10-23,2018
10,Robert Morris,2017-10-23,2018
11,Minnesota Duluth,2017-10-23,2018
12,Harvard,2017-10-23,2018
13,Maine,2017-10-23,2018
14,Princeton,2017-10-23,2018
15,Providence,2017-10-23,2018
1,Wisconsin,2017-10-30,2018
2,Boston College,2017-10-30,2018
3,Clarkson,2017-10-30,2018
4,Ohio State,2017-10-30,2018
5,Colgate,2017-10-30,2018
6,Minnesota,2017-10-30,2018
7,St. Lawrence,2017-10-30,2018
8,Cornell,2017-10-30,2018
9,Providence,2017-10-30,2018
10,Robert Morris,2017-10-30,2018
11,New Hampshire,2017-10-30,2018
12,Harvard,2017-10-30,2018
13,Northeastern,2017-10-30,2018
14,Princeton,2017-10-30,2018
15,Minnesota Duluth,2017-10-30,2018
1,Wisconsin,2017-11-06,2018
2,Boston College,2017-11-06,2018
3,Clarkson,2017-11-06,2018
4,Colgate,2017-11-06,2018
5,Ohio State,2017-11-06,2018
6,Minnesota,2017-11-06,2018
7,Cornell,2017-11-06,2018
8,St. Lawrence,2017-11-06,2018
9,Providence,2017-11-06,2018
10,Robert Morris,2017-11-06,2018
11,New Hampshire,2017-11-06,2018
12,Northeastern,2017-11-06,2018
1,Wisconsin,2017-11-13,2018
2,Boston College,2017-11-13,2018
3,Colgate,2017-11-13,2018
4,Clarkson,2017-11-13,2018
5,Ohio State,2017-11-13,2018
6,Minnesota,2017-11-13,2018
7,St. Lawrence,2017-11-13,2018
8,Cornell,2017-11-13,2018
9,Robert Morris,2017-11-13,2018
10,Providence,2017-11-13,2018
11,Harvard,2017-11-13,2018
12,New Hampshire,2017-11-13,2018
1,Wisconsin,2017-11-20,2018
2,Colgate,2017-11-20,2018
3,Boston College,2017-11-20,2018
4,Clarkson,2017-11-20,2018
5,Ohio State,2017-11-20,2018
6,Minnesota,2017-11-20,2018
7,St. Lawrence,2017-11-20,2018
8,Cornell,2017-11-20,2018
9,Robert Morris,2017-11-20,2018
10,Providence,2017-11-20,2018
11,New Hampshire,2017-11-20,2018
1,Wisconsin,2017-11-27,2018
2,Boston College,2017-11-27,2018
3,Colgate,2017-11-27,2018
4,Clarkson,2017-11-27,2018
5,Ohio State,2017-11-27,2018
6,Minnesota,2017-11-27,2018
7,Cornell,2017-11-27,2018
8,St. Lawrence,2017-11-27,2018
9,Robert Morris,2017-11-27,2018
10,Providence,2017-11-27,2018
11,Northeastern,2017-11-27,2018
12,Minnesota Duluth,2017-11-27,2018
1,Wisconsin,2017-12-04,2018
2,Boston College,2017-12-04,2018
3,Clarkson,2017-12-04,2018
4,Colgate,2017-12-04,2018
5,Cornell,2017-12-04,2018
6,Minnesota,2017-12-04,2018
7,Ohio State,2017-12-04,2018
8,Providence,2017-12-04,2018
8,St. Lawrence,2017-12-04,2018
10,Robert Morris,2017-12-04,2018
11,Northeastern,2017-12-04,2018
12,Maine,2017-12-04,2018
1,Wisconsin,2017-12-11,2018
2,Boston College,2017-12-11,2018
3,Clarkson,2017-12-11,2018
4,Colgate,2017-12-11,2018
5,Cornell,2017-12-11,2018
6,Minnesota,2017-12-11,2018
7,Ohio State,2017-12-11,2018
8,Providence,2017-12-11,2018
9,Robert Morris,2017-12-11,2018
10,St. Lawrence,2017-12-11,2018
11,Maine,2017-12-11,2018
12,Bemidji State,2017-12-11,2018
12,Northeastern,2017-12-11,2018
1,Wisconsin,2018-01-08,2018
2,Boston College,2018-01-08,2018
3,Clarkson,2018-01-08,2018
4,Colgate,2018-01-08,2018
5,Minnesota,2018-01-08,2018
6,Cornell,2018-01-08,2018
7,Providence,2018-01-08,2018
8,Ohio State,2018-01-08,2018
9,Robert Morris,2018-01-08,2018
10,Maine,2018-01-08,2018
11,St. Lawrence,2018-01-08,2018
12,Northeastern,2018-01-08,2018
1,Wisconsin,2018-01-15,2018
2,Boston College,2018-01-15,2018
2,Clarkson,2018-01-15,2018
4,Colgate,2018-01-15,2018
5,Minnesota,2018-01-15,2018
6,Cornell,2018-01-15,2018
7,Ohio State,2018-01-15,2018
8,Providence,2018-01-15,2018
9,Maine,2018-01-15,2018
10,St. Lawrence,2018-01-15,2018
11,Robert Morris,2018-01-15,2018
12,Northeastern,2018-01-15,2018
13,Mercyhurst,2018-01-15,2018
1,Wisconsin,2018-01-22,2018
2,Colgate,2018-01-22,2018
3,Boston College,2018-01-22,2018
3,Clarkson,2018-01-22,2018
5,Ohio State,2018-01-22,2018
6,Cornell,2018-01-22,2018
7,Minnesota,2018-01-22,2018
8,St. Lawrence,2018-01-22,2018
9,Maine,2018-01-22,2018
10,Providence,2018-01-22,2018
11,Robert Morris,2018-01-22,2018
12,Northeastern,2018-01-22,2018
13,Bemidji State,2018-01-22,2018
14,Mercyhurst,2018-01-22,2018
1,Wisconsin,2018-01-29,2018
2,Clarkson,2018-01-29,2018
3,Boston College,2018-01-29,2018
4,Colgate,2018-01-29,2018
5,Cornell,2018-01-29,2018
6,Ohio State,2018-01-29,2018
7,Minnesota,2018-01-29,2018
8,St. Lawrence,2018-01-29,2018
9,Providence,2018-01-29,2018
10,Robert Morris,2018-01-29,2018
11,Maine,2018-01-29,2018
12,Mercyhurst,2018-01-29,2018
13,Northeastern,2018-01-29,2018
1,Clarkson,2018-02-05,2018
2,Wisconsin,2018-02-05,2018
3,Boston College,2018-02-05,2018
4,Colgate,2018-02-05,2018
5,Ohio State,2018-02-05,2018
6,Cornell,2018-02-05,2018
7,Minnesota,2018-02-05,2018
8,St. Lawrence,2018-02-05,2018
9,Maine,2018-02-05,2018
9,Robert Morris,2018-02-05,2018
11,Providence,2018-02-05,2018
12,Mercyhurst,2018-02-05,2018
13,Minnesota Duluth,2018-02-05,2018
1,Wisconsin,2018-02-12,2018
2,Clarkson,2018-02-12,2018
3,Colgate,2018-02-12,2018
4,Boston College,2018-02-12,2018
5,Cornell,2018-02-12,2018
6,Ohio State,2018-02-12,2018
7,Minnesota,2018-02-12,2018
8,St. Lawrence,2018-02-12,2018
9,Robert Morris,2018-02-12,2018
10,Maine,2018-02-12,2018
11,Providence,2018-02-12,2018
12,Minnesota Duluth,2018-02-12,2018
12,New Hampshire,2018-02-12,2018
14,Mercyhurst,2018-02-12,2018
1,Wisconsin,2018-02-19,2018
2,Clarkson,2018-02-19,2018
3,Boston College,2018-02-19,2018
4,Colgate,2018-02-19,2018
5,Cornell,2018-02-19,2018
6,Ohio State,2018-02-19,2018
7,Minnesota,2018-02-19,2018
8,St. Lawrence,2018-02-19,2018
9,Robert Morris,2018-02-19,2018
10,Providence,2018-02-19,2018
11,Maine,2018-02-19,2018
12,Minnesota Duluth,2018-02-19,2018
1,Wisconsin,2018-02-26,2018
2,Clarkson,2018-02-26,2018
3,Boston College,2018-02-26,2018
4,Colgate,2018-02-26,2018
5,Ohio State,2018-02-26,2018
6,Cornell,2018-02-26,2018
7,Minnesota,2018-02-26,2018
8,St. Lawrence,2018-02-26,2018
9,Robert Morris,2018-02-26,2018
10,Maine,2018-02-26,2018
11,Northeastern,2018-02-26,2018
12,Bemidji State,2018-02-26,2018
13,Providence,2018-02-26,2018
1,Clarkson,2018-03-05,2018
2,Wisconsin,2018-03-05,2018
3,Colgate,2018-03-05,2018
4,Boston College,2018-03-05,2018
5,Minnesota,2018-03-05,2018
6,Ohio State,2018-03-05,2018
7,Cornell,2018-03-05,2018
8,St. Lawrence,2018-03-05,2018
9,Northeastern,2018-03-05,2018
10,Robert Morris,2018-03-05,2018
11,Mercyhurst,2018-03-05,2018
12,Maine,2018-03-05,2018
1,Clarkson,2018-03-19,2018
2,Colgate,2018-03-19,2018
3,Wisconsin,2018-03-19,2018
4,Ohio State,2018-03-19,2018
5,Boston College,2018-03-19,2018
6,Minnesota,2018-03-19,2018
7,Cornell,2018-03-19,2018
8,Northeastern,2018-03-19,2018
8,St. Lawrence,2018-03-19,2018
10,Mercyhurst,2018-03-19,2018
11,Robert Morris,2018-03-19,2018
1,Clarkson,2018-09-17,2019
2,Wisconsin,2018-09-17,2019
3,Minnesota,2018-09-17,2019
4,Boston College,2018-09-17,2019
5,Colgate,2018-09-17,2019
6,Cornell,2018-09-17,2019
7,Ohio State,2018-09-17,2019
8,Northeastern,2018-09-17,2019
9,Minnesota Duluth,2018-09-17,2019
10,Mercyhurst,2018-09-17,2019
11,St. Lawrence,2018-09-17,2019
12,Princeton,2018-09-17,2019
13,Connecticut,2018-09-17,2019
13,Maine,2018-09-17,2019
15,Harvard,2018-09-17,2019
15,Providence,2018-09-17,2019
1,Clarkson,2018-10-01,2019
2,Wisconsin,2018-10-01,2019
3,Minnesota,2018-10-01,2019
4,Minnesota Duluth,2018-10-01,2019
5,Ohio State,2018-10-01,2019
6,Boston College,2018-10-01,2019
7,Cornell,2018-10-01,2019
8,Colgate,2018-10-01,2019
9,Northeastern,2018-10-01,2019
10,St. Lawrence,2018-10-01,2019
11,Mercyhurst,2018-10-01,2019
12,Princeton,2018-10-01,2019
13,Connecticut,2018-10-01,2019
14,Penn State,2018-10-01,2019
14,Robert Morris,2018-10-01,2019
1,Clarkson,2018-10-08,2019
2,Wisconsin,2018-10-08,2019
3,Minnesota,2018-10-08,2019
4,Minnesota Duluth,2018-10-08,2019
5,Ohio State,2018-10-08,2019
6,Boston College,2018-10-08,2019
7,Cornell,2018-10-08,2019
8,Colgate,2018-10-08,2019
9,Northeastern,2018-10-08,2019
10,St. Lawrence,2018-10-08,2019
11,Maine,2018-10-08,2019
12,Connecticut,2018-10-08,2019
13,Mercyhurst,2018-10-08,2019
13,Providence,2018-10-08,2019
1,Clarkson,2018-10-15,2019
2,Wisconsin,2018-10-15,2019
3,Minnesota,2018-10-15,2019
4,Ohio State,2018-10-15,2019
5,Minnesota Duluth,2018-10-15,2019
6,Boston College,2018-10-15,2019
7,Cornell,2018-10-15,2019
8,Colgate,2018-10-15,2019
9,Northeastern,2018-10-15,2019
10,Maine,2018-10-15,2019
11,St. Lawrence,2018-10-15,2019
12,Mercyhurst,2018-10-15,2019
1,Wisconsin,2018-10-22,2019
2,Clarkson,2018-10-22,2019
3,Minnesota,2018-10-22,2019
4,Ohio State,2018-10-22,2019
5,Minnesota Duluth,2018-10-22,2019
6,Boston College,2018-10-22,2019
7,Cornell,2018-10-22,2019
8,Northeastern,2018-10-22,2019
9,Colgate,2018-10-22,2019
10,St. Lawrence,2018-10-22,2019
11,Maine,2018-10-22,2019
12,Princeton,2018-10-22,2019
13,Mercyhurst,2018-10-22,2019
1,Wisconsin,2018-10-29,2019
2,Minnesota,2018-10-29,2019
3,Clarkson,2018-10-29,2019
4,Ohio State,2018-10-29,2019
5,Boston College,2018-10-29,2019
6,Cornell,2018-10-29,2019
7,Minnesota Duluth,2018-10-29,2019
8,Northeastern,2018-10-29,2019
9,Colgate,2018-10-29,2019
10,St. Lawrence,2018-10-29,2019
11,Maine,2018-10-29,2019
12,Mercyhurst,2018-10-29,2019
13,Princeton,2018-10-29,2019
1,Wisconsin,2018-11-05,2019
2,Minnesota,2018-11-05,2019
3,Clarkson,2018-11-05,2019
4,Ohio State,2018-11-05,2019
5,Boston College,2018-11-05,2019
6,Northeastern,2018-11-05,2019
7,Cornell,2018-11-05,2019
8,Minnesota Duluth,2018-11-05,2019
9,St. Lawrence,2018-11-05,2019
10,Colgate,2018-11-05,2019
11,Maine,2018-11-05,2019
12,Providence,2018-11-05,2019
13,Brown,2018-11-05,2019
14,Princeton,2018-11-05,2019
1,Wisconsin,2018-11-12,2019
2,Minnesota,2018-11-12,2019
3,Clarkson,2018-11-12,2019
4,Boston College,2018-11-12,2019
5,Northeastern,2018-11-12,2019
6,Cornell,2018-11-12,2019
7,Minnesota Duluth,2018-11-12,2019
7,Ohio State,2018-11-12,2019
9,St. Lawrence,2018-11-12,2019
10,Providence,2018-11-12,2019
11,Colgate,2018-11-12,2019
12,Merrimack,2018-11-12,2019
12,Princeton,2018-11-12,2019
14,Mercyhurst,2018-11-12,2019
15,Robert Morris,2018-11-12,2019
1,Wisconsin,2018-11-19,2019
2,Minnesota,2018-11-19,2019
3,Clarkson,2018-11-19,2019
4,Boston College,2018-11-19,2019
5,Northeastern,2018-11-19,2019
6,Ohio State,2018-11-19,2019
7,Cornell,2018-11-19,2019
8,St. Lawrence,2018-11-19,2019
9,Providence,2018-11-19,2019
10,Princeton,2018-11-19,2019
11,Minnesota Duluth,2018-11-19,2019
12,Colgate,2018-11-19,2019
12,Merrimack,2018-11-19,2019
1,Wisconsin,2018-11-26,2019
2,Minnesota,2018-11-26,2019
3,Clarkson,2018-11-26,2019
4,Boston College,2018-11-26,2019
5,Northeastern,2018-11-26,2019
6,Ohio State,2018-11-26,2019
7,Cornell,2018-11-26,2019
8,Providence,2018-11-26,2019
9,St. Lawrence,2018-11-26,2019
10,Princeton,2018-11-26,2019
11,Harvard,2018-11-26,2019
12,Merrimack,2018-11-26,2019
13,Colgate,2018-11-26,2019
13,Maine,2018-11-26,2019
1,Wisconsin,2018-12-03,2019
2,Minnesota,2018-12-03,2019
3,Northeastern,2018-12-03,2019
4,Cornell,2018-12-03,2019
5,Clarkson,2018-12-03,2019
6,Princeton,2018-12-03,2019
7,Ohio State,2018-12-03,2019
8,Providence,2018-12-03,2019
9,Boston College,2018-12-03,2019
10,Colgate,2018-12-03,2019
11,Harvard,2018-12-03,2019
12,Boston University,2018-12-03,2019
12,St. Lawrence,2018-12-03,2019
1,Wisconsin,2018-12-10,2019
2,Minnesota,2018-12-10,2019
3,Northeastern,2018-12-10,2019
4,Cornell,2018-12-10,2019
5,Clarkson,2018-12-10,2019
6,Princeton,2018-12-10,2019
7,Providence,2018-12-10,2019
8,Ohio State,2018-12-10,2019
9,Colgate,2018-12-10,2019
10,Boston College,2018-12-10,2019
11,Boston University,2018-12-10,2019
1,Wisconsin,2019-01-07,2019
2,Minnesota,2019-01-07,2019
3,Northeastern,2019-01-07,2019
4,Cornell,2019-01-07,2019
5,Princeton,2019-01-07,2019
6,Clarkson,2019-01-07,2019
7,Ohio State,2019-01-07,2019
8,Providence,2019-01-07,2019
9,Colgate,2019-01-07,2019
10,Boston College,2019-01-07,2019
11,Boston University,2019-01-07,2019
12,Mercyhurst,2019-01-07,2019
13,Maine,2019-01-07,2019
13,Merrimack,2019-01-07,2019
13,Minnesota Duluth,2019-01-07,2019
1,Wisconsin,2019-01-14,2019
2,Minnesota,2019-01-14,2019
3,Northeastern,2019-01-14,2019
4,Princeton,2019-01-14,2019
5,Ohio State,2019-01-14,2019
6,Clarkson,2019-01-14,2019
7,Cornell,2019-01-14,2019
8,Colgate,2019-01-14,2019
9,Providence,2019-01-14,2019
10,Boston College,2019-01-14,2019
11,Boston University,2019-01-14,2019
1,Wisconsin,2019-01-21,2019
2,Minnesota,2019-01-21,2019
3,Northeastern,2019-01-21,2019
4,Princeton,2019-01-21,2019
5,Clarkson,2019-01-21,2019
6,Cornell,2019-01-21,2019
7,Ohio State,2019-01-21,2019
8,Colgate,2019-01-21,2019
9,Boston College,2019-01-21,2019
10,Boston University,2019-01-21,2019
11,Providence,2019-01-21,2019
12,Minnesota Duluth,2019-01-21,2019
1,Wisconsin,2019-01-28,2019
2,Minnesota,2019-01-28,2019
3,Northeastern,2019-01-28,2019
4,Princeton,2019-01-28,2019
5,Clarkson,2019-01-28,2019
6,Cornell,2019-01-28,2019
7,Boston College,2019-01-28,2019
8,Boston University,2019-01-28,2019
9,Ohio State,2019-01-28,2019
10,Colgate,2019-01-28,2019
11,Merrimack,2019-01-28,2019
11,Minnesota Duluth,2019-01-28,2019
11,Providence,2019-01-28,2019
1,Minnesota,2019-02-04,2019
2,Wisconsin,2019-02-04,2019
3,Northeastern,2019-02-04,2019
4,Clarkson,2019-02-04,2019
5,Princeton,2019-02-04,2019
6,Cornell,2019-02-04,2019
7,Boston College,2019-02-04,2019
8,Boston University,2019-02-04,2019
9,Ohio State,2019-02-04,2019
10,Colgate,2019-02-04,2019
11,Minnesota Duluth,2019-02-04,2019
1,Minnesota,2019-02-11,2019
2,Wisconsin,2019-02-11,2019
3,Northeastern,2019-02-11,2019
4,Clarkson,2019-02-11,2019
5,Princeton,2019-02-11,2019
6,Cornell,2019-02-11,2019
7,Boston University,2019-02-11,2019
8,Boston College,2019-02-11,2019
9,Colgate,2019-02-11,2019
10,Ohio State,2019-02-11,2019
11,Minnesota Duluth,2019-02-11,2019
1,Wisconsin,2019-02-18,2019
2,Minnesota,2019-02-18,2019
3,Northeastern,2019-02-18,2019
4,Cornell,2019-02-18,2019
5,Clarkson,2019-02-18,2019
6,Princeton,2019-02-18,2019
7,Boston College,2019-02-18,2019
8,Boston University,2019-02-18,2019
9,Colgate,2019-02-18,2019
10,Ohio State,2019-02-18,2019
11,Providence,2019-02-18,2019
1,Minnesota,2019-02-25,2019
2,Wisconsin,2019-02-25,2019
3,Northeastern,2019-02-25,2019
4,Cornell,2019-02-25,2019
5,Clarkson,2019-02-25,2019
6,Boston College,2019-02-25,2019
7,Princeton,2019-02-25,2019
8,Boston University,2019-02-25,2019
9,Colgate,2019-02-25,2019
10,Ohio State,2019-02-25,2019
11,Providence,2019-02-25,2019
1,Minnesota,2019-03-04,2019
2,Wisconsin,2019-03-04,2019
3,Northeastern,2019-03-04,2019
4,Clarkson,2019-03-04,2019
5,Cornell,2019-03-04,2019
6,Boston College,2019-03-04,2019
7,Princeton,2019-03-04,2019
8,Boston University,2019-03-04,2019
9,Ohio State,2019-03-04,2019
10,Colgate,2019-03-04,2019
11,Providence,2019-03-04,2019
1,Wisconsin,2019-03-11,2019
2,Minnesota,2019-03-11,2019
3,Northeastern,2019-03-11,2019
4,Clarkson,2019-03-11,2019
5,Boston College,2019-03-11,2019
6,Cornell,2019-03-11,2019
7,Princeton,2019-03-11,2019
8,Boston University,2019-03-11,2019
9,Ohio State,2019-03-11,2019
10,Providence,2019-03-11,2019
11,Colgate,2019-03-11,2019
1,Wisconsin,2019-03-25,2019
2,Minnesota,2019-03-25,2019
3,Clarkson,2019-03-25,2019
4,Cornell,2019-03-25,2019
5,Northeastern,2019-03-25,2019
6,Boston College,2019-03-25,2019
7,Princeton,2019-03-25,2019
8,Boston University,2019-03-25,2019
9,Ohio State,2019-03-25,2019
10,Colgate,2019-03-25,2019
11,Providence,2019-03-25,2019
1,Wisconsin,2019-09-16,2020
2,Minnesota,2019-09-16,2020
3,Clarkson,2019-09-16,2020
4,Northeastern,2019-09-16,2020
5,Cornell,2019-09-16,2020
6,Princeton,2019-09-16,2020
7,Boston University,2019-09-16,2020
8,Boston College,2019-09-16,2020
9,Ohio State,2019-09-16,2020
10,Minnesota Duluth,2019-09-16,2020
11,Colgate,2019-09-16,2020
12,Providence,2019-09-16,2020
13,St. Lawrence,2019-09-16,2020
14,Harvard,2019-09-16,2020
14,Syracuse,2019-09-16,2020
1,Wisconsin,2019-09-30,2020
2,Minnesota,2019-09-30,2020
3,Clarkson,2019-09-30,2020
4,Northeastern,2019-09-30,2020
5,Cornell,2019-09-30,2020
6,Princeton,2019-09-30,2020
7,Boston College,2019-09-30,2020
8,Boston University,2019-09-30,2020
9,Ohio State,2019-09-30,2020
10,Minnesota Duluth,2019-09-30,2020
11,Robert Morris,2019-09-30,2020
12,Providence,2019-09-30,2020
13,Harvard,2019-09-30,2020
14,Colgate,2019-09-30,2020
14,Syracuse,2019-09-30,2020
1,Wisconsin,2019-10-07,2020
2,Minnesota,2019-10-07,2020
3,Northeastern,2019-10-07,2020
4,Clarkson,2019-10-07,2020
5,Cornell,2019-10-07,2020
6,Princeton,2019-10-07,2020
7,Boston College,2019-10-07,2020
8,Ohio State,2019-10-07,2020
9,Minnesota Duluth,2019-10-07,2020
10,Boston University,2019-10-07,2020
11,Robert Morris,2019-10-07,2020
12,Harvard,2019-10-07,2020
13,Colgate,2019-10-07,2020
13,Mercyhurst,2019-10-07,2020
13,Syracuse,2019-10-07,2020
1,Wisconsin,2019-10-14,2020
2,Minnesota,2019-10-14,2020
3,Northeastern,2019-10-14,2020
4,Clarkson,2019-10-14,2020
5,Cornell,2019-10-14,2020
6,Princeton,2019-10-14,2020
7,Boston College,2019-10-14,2020
8,Minnesota Duluth,2019-10-14,2020
9,Ohio State,2019-10-14,2020
10,Robert Morris,2019-10-14,2020
11,Harvard,2019-10-14,2020
12,Boston University,2019-10-14,2020
13,Syracuse,2019-10-14,2020
14,Mercyhurst,2019-10-14,2020
14,New Hampshire,2019-10-14,2020
1,Wisconsin,2019-10-21,2020
2,Minnesota,2019-10-21,2020
3,Northeastern,2019-10-21,2020
4,Clarkson,2019-10-21,2020
5,Cornell,2019-10-21,2020
6,Boston College,2019-10-21,2020
6,Princeton,2019-10-21,2020
8,Robert Morris,2019-10-21,2020
9,Ohio State,2019-10-21,2020
10,Boston University,2019-10-21,2020
11,Minnesota Duluth,2019-10-21,2020
12,Harvard,2019-10-21,2020
12,Mercyhurst,2019-10-21,2020
14,Colgate,2019-10-21,2020
15,Bemidji State,2019-10-21,2020
1,Wisconsin,2019-10-28,2020
2,Minnesota,2019-10-28,2020
3,Cornell,2019-10-28,2020
4,Northeastern,2019-10-28,2020
5,Clarkson,2019-10-28,2020
6,Princeton,2019-10-28,2020
7,Boston College,2019-10-28,2020
8,Ohio State,2019-10-28,2020
9,Boston University,2019-10-28,2020
10,Minnesota Duluth,2019-10-28,2020
11,Robert Morris,2019-10-28,2020
12,Harvard,2019-10-28,2020
1,Minnesota,2019-11-04,2020
2,Wisconsin,2019-11-04,2020
3,Cornell,2019-11-04,2020
4,Northeastern,2019-11-04,2020
5,Boston College,2019-11-04,2020
6,Clarkson,2019-11-04,2020
7,Princeton,2019-11-04,2020
8,Ohio State,2019-11-04,2020
9,Minnesota Duluth,2019-11-04,2020
10,Boston University,2019-11-04,2020
11,Robert Morris,2019-11-04,2020
12,Harvard,2019-11-04,2020
1,Minnesota,2019-11-11,2020
2,Wisconsin,2019-11-11,2020
3,Cornell,2019-11-11,2020
4,Northeastern,2019-11-11,2020
5,Clarkson,2019-11-11,2020
6,Boston College,2019-11-11,2020
7,Ohio State,2019-11-11,2020
8,Princeton,2019-11-11,2020
9,Harvard,2019-11-11,2020
10,Minnesota Duluth,2019-11-11,2020
11,Boston University,2019-11-11,2020
12,Robert Morris,2019-11-11,2020
1,Minnesota,2019-11-18,2020
2,Wisconsin,2019-11-18,2020
3,Cornell,2019-11-18,2020
4,Northeastern,2019-11-18,2020
5,Clarkson,2019-11-18,2020
6,Boston College,2019-11-18,2020
7,Ohio State,2019-11-18,2020
8,Princeton,2019-11-18,2020
9,Harvard,2019-11-18,2020
10,Minnesota Duluth,2019-11-18,2020
11,Boston University,2019-11-18,2020
12,Mercyhurst,2019-11-18,2020
1,Minnesota,2019-11-25,2020
2,Wisconsin,2019-11-25,2020
3,Cornell,2019-11-25,2020
4,Northeastern,2019-11-25,2020
5,Princeton,2019-11-25,2020
6,Ohio State,2019-11-25,2020
7,Clarkson,2019-11-25,2020
8,Boston College,2019-11-25,2020
9,Minnesota Duluth,2019-11-25,2020
10,Boston University,2019-11-25,2020
11,Harvard,2019-11-25,2020
12,Robert Morris,2019-11-25,2020
1,Wisconsin,2019-12-02,2020
2,Minnesota,2019-12-02,2020
3,Northeastern,2019-12-02,2020
4,Cornell,2019-12-02,2020
5,Ohio State,2019-12-02,2020
6,Princeton,2019-12-02,2020
7,Clarkson,2019-12-02,2020
8,Boston College,2019-12-02,2020
9,Boston University,2019-12-02,2020
10,Minnesota Duluth,2019-12-02,2020
11,Mercyhurst,2019-12-02,2020
11,Robert Morris,2019-12-02,2020
13,Harvard,2019-12-02,2020
1,Wisconsin,2019-12-09,2020
2,Minnesota,2019-12-09,2020
3,Northeastern,2019-12-09,2020
4,Cornell,2019-12-09,2020
5,Ohio State,2019-12-09,2020
6,Clarkson,2019-12-09,2020
7,Princeton,2019-12-09,2020
8,Boston University,2019-12-09,2020
9,Boston College,2019-12-09,2020
10,Minnesota Duluth,2019-12-09,2020
11,Harvard,2019-12-09,2020
12,Mercyhurst,2019-12-09,2020
13,Quinnipiac,2019-12-09,2020
13,Robert Morris,2019-12-09,2020
1,Wisconsin,2020-01-06,2020
2,Minnesota,2020-01-06,2020
3,Northeastern,2020-01-06,2020
4,Cornell,2020-01-06,2020
5,Clarkson,2020-01-06,2020
5,Ohio State,2020-01-06,2020
7,Princeton,2020-01-06,2020
8,Boston University,2020-01-06,2020
9,Harvard,2020-01-06,2020
10,Minnesota Duluth,2020-01-06,2020
11,Boston College,2020-01-06,2020
12,Robert Morris,2020-01-06,2020
13,Providence,2020-01-06,2020
1,Minnesota,2020-01-13,2020
2,Wisconsin,2020-01-13,2020
3,Northeastern,2020-01-13,2020
4,Cornell,2020-01-13,2020
5,Ohio State,2020-01-13,2020
6,Princeton,2020-01-13,2020
7,Clarkson,2020-01-13,2020
8,Boston University,2020-01-13,2020
9,Harvard,2020-01-13,2020
10,Minnesota Duluth,2020-01-13,2020
11,Quinnipiac,2020-01-13,2020
12,Bemidji State,2020-01-13,2020
12,Boston College,2020-01-13,2020
1,Wisconsin,2020-01-20,2020
2,Minnesota,2020-01-20,2020
3,Northeastern,2020-01-20,2020
4,Cornell,2020-01-20,2020
5,Ohio State,2020-01-20,2020
6,Princeton,2020-01-20,2020
7,Boston University,2020-01-20,2020
7,Clarkson,2020-01-20,2020
9,Minnesota Duluth,2020-01-20,2020
10,Harvard,2020-01-20,2020
11,Quinnipiac,2020-01-20,2020
12,Boston College,2020-01-20,2020
13,Bemidji State,2020-01-20,2020
13,Colgate,2020-01-20,2020
1,Wisconsin,2020-01-27,2020
2,Minnesota,2020-01-27,2020
3,Northeastern,2020-01-27,2020
4,Cornell,2020-01-27,2020
5,Ohio State,2020-01-27,2020
6,Princeton,2020-01-27,2020
7,Clarkson,2020-01-27,2020
8,Boston University,2020-01-27,2020
9,Minnesota Duluth,2020-01-27,2020
10,Harvard,2020-01-27,2020
11,Quinnipiac,2020-01-27,2020
11,Robert Morris,2020-01-27,2020
13,Bemidji State,2020-01-27,2020
13,Providence,2020-01-27,2020
1,Wisconsin,2020-02-03,2020
2,Cornell,2020-02-03,2020
3,Northeastern,2020-02-03,2020
4,Minnesota,2020-02-03,2020
5,Ohio State,2020-02-03,2020
6,Princeton,2020-02-03,2020
7,Clarkson,2020-02-03,2020
8,Boston University,2020-02-03,2020
9,Minnesota Duluth,2020-02-03,2020
10,Harvard,2020-02-03,2020
11,Quinnipiac,2020-02-03,2020
11,Robert Morris,2020-02-03,2020
13,Bemidji State,2020-02-03,2020
13,Providence,2020-02-03,2020
1,Cornell,2020-02-10,2020
2,Wisconsin,2020-02-10,2020
3,Northeastern,2020-02-10,2020
4,Minnesota,2020-02-10,2020
5,Princeton,2020-02-10,2020
6,Clarkson,2020-02-10,2020
6,Ohio State,2020-02-10,2020
8,Minnesota Duluth,2020-02-10,2020
9,Boston University,2020-02-10,2020
10,Harvard,2020-02-10,2020
10,Quinnipiac,2020-02-10,2020
12,Robert Morris,2020-02-10,2020
1,Cornell,2020-02-17,2020
2,Wisconsin,2020-02-17,2020
3,Minnesota,2020-02-17,2020
3,Northeastern,2020-02-17,2020
5,Ohio State,2020-02-17,2020
6,Princeton,2020-02-17,2020
7,Clarkson,2020-02-17,2020
8,Boston University,2020-02-17,2020
9,Minnesota Duluth,2020-02-17,2020
10,Quinnipiac,2020-02-17,2020
11,Harvard,2020-02-17,2020
12,Providence,2020-02-17,2020
1,Cornell,2020-02-24,2020
2,Wisconsin,2020-02-24,2020
3,Minnesota,2020-02-24,2020
4,Northeastern,2020-02-24,2020
5,Ohio State,2020-02-24,2020
6,Princeton,2020-02-24,2020
7,Clarkson,2020-02-24,2020
8,Boston University,2020-02-24,2020
9,Minnesota Duluth,2020-02-24,2020
10,Quinnipiac,2020-02-24,2020
11,Harvard,2020-02-24,2020
12,Providence,2020-02-24,2020
1,Cornell,2020-03-02,2020
2,Wisconsin,2020-03-02,2020
3,Minnesota,2020-03-02,2020
4,Northeastern,2020-03-02,2020
5,Ohio State,2020-03-02,2020
6,Princeton,2020-03-02,2020
7,Clarkson,2020-03-02,2020
8,Minnesota Duluth,2020-03-02,2020
9,Boston University,2020-03-02,2020
10,Harvard,2020-03-02,2020
10,Quinnipiac,2020-03-02,2020
12,Mercyhurst,2020-03-02,2020
1,Cornell,2020-03-09,2020
2,Wisconsin,2020-03-09,2020
3,Northeastern,2020-03-09,2020
4,Ohio State,2020-03-09,2020
5,Minnesota,2020-03-09,2020
6,Princeton,2020-03-09,2020
7,Clarkson,2020-03-09,2020
8,Minnesota Duluth,2020-03-09,2020
9,Boston University,2020-03-09,2020
10,Mercyhurst,2020-03-09,2020
11,Quinnipiac,2020-03-09,2020
12,Harvard,2020-03-09,2020
1,Cornell,2020-03-23,2020
2,Wisconsin,2020-03-23,2020
3,Northeastern,2020-03-23,2020
4,Ohio State,2020-03-23,2020
5,Minnesota,2020-03-23,2020
6,Princeton,2020-03-23,2020
7,Clarkson,2020-03-23,2020
8,Minnesota Duluth,2020-03-23,2020
9,Boston University,2020-03-23,2020
10,Mercyhurst,2020-03-23,2020
11,Quinnipiac,2020-03-23,2020
1,Wisconsin,2020-11-09,2021
2,Cornell,2020-11-09,2021
3,Northeastern,2020-11-09,2021
4,Minnesota,2020-11-09,2021
5,Ohio State,2020-11-09,2021
6,Princeton,2020-11-09,2021
7,Clarkson,2020-11-09,2021
8,Minnesota Duluth,2020-11-09,2021
9,Boston University,2020-11-09,2021
10,Mercyhurst,2020-11-09,2021
11,Harvard,2020-11-09,2021
12,Quinnipiac,2020-11-09,2021
13,Boston College,2020-11-09,2021
14,Colgate,2020-11-09,2021
1,Wisconsin,2020-11-23,2021
2,Northeastern,2020-11-23,2021
3,Minnesota,2020-11-23,2021
4,Ohio State,2020-11-23,2021
5,Clarkson,2020-11-23,2021
6,Minnesota Duluth,2020-11-23,2021
7,Boston College,2020-11-23,2021
7,Boston University,2020-11-23,2021
9,Colgate,2020-11-23,2021
10,Mercyhurst,2020-11-23,2021
11,Quinnipiac,2020-11-23,2021
12,Providence,2020-11-23,2021
13,Connecticut,2020-11-23,2021
1,Wisconsin,2020-11-30,2021
2,Northeastern,2020-11-30,2021
3,Minnesota,2020-11-30,2021
4,Ohio State,2020-11-30,2021
5,Colgate,2020-11-30,2021
6,Minnesota Duluth,2020-11-30,2021
7,Clarkson,2020-11-30,2021
8,Boston University,2020-11-30,2021
9,Providence,2020-11-30,2021
10,Boston College,2020-11-30,2021
11,Mercyhurst,2020-11-30,2021
12,Quinnipiac,2020-11-30,2021
13,Connecticut,2020-11-30,2021
1,Wisconsin,2020-12-07,2021
2,Northeastern,2020-12-07,2021
3,Minnesota,2020-12-07,2021
4,Ohio State,2020-12-07,2021
5,Colgate,2020-12-07,2021
6,Minnesota Duluth,2020-12-07,2021
7,Clarkson,2020-12-07,2021
8,Providence,2020-12-07,2021
9,Boston College,2020-12-07,2021
10,Boston University,2020-12-07,2021
11,Mercyhurst,2020-12-07,2021
11,Penn State,2020-12-07,2021
13,Quinnipiac,2020-12-07,2021
13,Robert Morris,2020-12-07,2021
1,Wisconsin,2020-12-14,2021
2,Minnesota,2020-12-14,2021
3,Northeastern,2020-12-14,2021
4,Ohio State,2020-12-14,2021
5,Colgate,2020-12-14,2021
6,Minnesota Duluth,2020-12-14,2021
7,Providence,2020-12-14,2021
8,Boston College,2020-12-14,2021
9,Clarkson,2020-12-14,2021
10,Mercyhurst,2020-12-14,2021
11,Boston University,2020-12-14,2021
12,Penn State,2020-12-14,2021
13,Quinnipiac,2020-12-14,2021
14,Robert Morris,2020-12-14,2021
1,Wisconsin,2021-01-04,2021
2,Minnesota,2021-01-04,2021
3,Northeastern,2021-01-04,2021
4,Ohio State,2021-01-04,2021
5,Colgate,2021-01-04,2021
6,Minnesota Duluth,2021-01-04,2021
7,Providence,2021-01-04,2021
8,Boston College,2021-01-04,2021
9,Clarkson,2021-01-04,2021
10,Mercyhurst,2021-01-04,2021
11,Penn State,2021-01-04,2021
11,Quinnipiac,2021-01-04,2021
13,Robert Morris,2021-01-04,2021
14,Boston University,2021-01-04,2021
1,Minnesota,2021-01-11,2021
2,Wisconsin,2021-01-11,2021
3,Ohio State,2021-01-11,2021
4,Northeastern,2021-01-11,2021
5,Colgate,2021-01-11,2021
6,Minnesota Duluth,2021-01-11,2021
7,Providence,2021-01-11,2021
8,Boston College,2021-01-11,2021
9,Clarkson,2021-01-11,2021
10,Penn State,2021-01-11,2021
11,Vermont,2021-01-11,2021
12,Boston University,2021-01-11,2021
12,Mercyhurst,2021-01-11,2021
1,Wisconsin,2021-01-18,2021
2,Minnesota,2021-01-18,2021
3,Ohio State,2021-01-18,2021
4,Northeastern,2021-01-18,2021
5,Colgate,2021-01-18,2021
6,Minnesota Duluth,2021-01-18,2021
7,Providence,2021-01-18,2021
8,Boston College,2021-01-18,2021
9,Penn State,2021-01-18,2021
10,Clarkson,2021-01-18,2021
11,Vermont,2021-01-18,2021
12,Robert Morris,2021-01-18,2021
1,Wisconsin,2021-01-25,2021
2,Minnesota,2021-01-25,2021
3,Ohio State,2021-01-25,2021
4,Northeastern,2021-01-25,2021
5,Colgate,2021-01-25,2021
6,Minnesota Duluth,2021-01-25,2021
7,Boston College,2021-01-25,2021
8,Penn State,2021-01-25,2021
9,Providence,2021-01-25,2021
10,Clarkson,2021-01-25,2021
11,Robert Morris,2021-01-25,2021
12,Vermont,2021-01-25,2021
13,Quinnipiac,2021-01-25,2021
1,Wisconsin,2021-02-01,2021
2,Minnesota,2021-02-01,2021
3,Northeastern,2021-02-01,2021
4,Ohio State,2021-02-01,2021
5,Colgate,2021-02-01,2021
6,Minnesota Duluth,2021-02-01,2021
7,Boston College,2021-02-01,2021
8,Penn State,2021-02-01,2021
9,Clarkson,2021-02-01,2021
10,Providence,2021-02-01,2021
11,Robert Morris,2021-02-01,2021
12,Vermont,2021-02-01,2021
1,Wisconsin,2021-02-08,2021
2,Minnesota,2021-02-08,2021
3,Northeastern,2021-02-08,2021
4,Ohio State,2021-02-08,2021
5,Colgate,2021-02-08,2021
6,Boston College,2021-02-08,2021
6,Minnesota Duluth,2021-02-08,2021
8,Penn State,2021-02-08,2021
9,Clarkson,2021-02-08,2021
10,Providence,2021-02-08,2021
11,Robert Morris,2021-02-08,2021
12,Boston University,2021-02-08,2021
12,Mercyhurst,2021-02-08,2021
12,Quinnipiac,2021-02-08,2021
12,Vermont,2021-02-08,2021
1,Wisconsin,2021-02-15,2021
2,Northeastern,2021-02-15,2021
3,Ohio State,2021-02-15,2021
4,Minnesota,2021-02-15,2021
5,Colgate,2021-02-15,2021
6,Boston College,2021-02-15,2021
7,Minnesota Duluth,2021-02-15,2021
8,Penn State,2021-02-15,2021
9,Clarkson,2021-02-15,2021
10,Providence,2021-02-15,2021
11,Robert Morris,2021-02-15,2021
12,Quinnipiac,2021-02-15,2021
12,Vermont,2021-02-15,2021
1,Wisconsin,2021-02-22,2021
2,Northeastern,2021-02-22,2021
3,Ohio State,2021-02-22,2021
4,Minnesota,2021-02-22,2021
5,Colgate,2021-02-22,2021
6,Boston College,2021-02-22,2021
7,Minnesota Duluth,2021-02-22,2021
8,Penn State,2021-02-22,2021
9,Clarkson,2021-02-22,2021
10,Providence,2021-02-22,2021
11,Robert Morris,2021-02-22,2021
12,Quinnipiac,2021-02-22,2021
1,Northeastern,2021-03-01,2021
2,Wisconsin,2021-03-01,2021
3,Ohio State,2021-03-01,2021
4,Minnesota,2021-03-01,2021
5,Minnesota Duluth,2021-03-01,2021
6,Colgate,2021-03-01,2021
7,Penn State,2021-03-01,2021
8,Boston College,2021-03-01,2021
9,Providence,2021-03-01,2021
10,Quinnipiac,2021-03-01,2021
11,Clarkson,2021-03-01,2021
12,St. Lawrence,2021-03-01,2021
13,Mercyhurst,2021-03-01,2021
14,Syracuse,2021-03-01,2021
1,Northeastern,2021-03-08,2021
2,Wisconsin,2021-03-08,2021
3,Ohio State,2021-03-08,2021
4,Colgate,2021-03-08,2021
5,Minnesota,2021-03-08,2021
6,Minnesota Duluth,2021-03-08,2021
7,Boston College,2021-03-08,2021
8,Penn State,2021-03-08,2021
9,Providence,2021-03-08,2021
10,Robert Morris,2021-03-08,2021
11,St. Lawrence,2021-03-08,2021
12,Quinnipiac,2021-03-08,2021
13,Clarkson,2021-03-08,2021
14,Syracuse,2021-03-08,2021
1,Wisconsin,2021-03-22,2021
2,Northeastern,2021-03-22,2021
3,Ohio State,2021-03-22,2021
4,Minnesota Duluth,2021-03-22,2021
5,Colgate,2021-03-22,2021
6,Minnesota,2021-03-22,2021
7,Boston College,2021-03-22,2021
8,Penn State,2021-03-22,2021
9,Providence,2021-03-22,2021
10,Robert Morris,2021-03-22,2021
11,Quinnipiac,2021-03-22,2021
12,St. Lawrence,2021-03-22,2021
13,Clarkson,2021-03-22,2021
1,Wisconsin,2021-09-20,2022
2,Northeastern,2021-09-20,2022
3,Ohio State,2021-09-20,2022
4,Minnesota,2021-09-20,2022
5,Minnesota Duluth,2021-09-20,2022
6,Colgate,2021-09-20,2022
7,Boston College,2021-09-20,2022
8,Cornell,2021-09-20,2022
9,Penn State,2021-09-20,2022
10,Princeton,2021-09-20,2022
11,Quinnipiac,2021-09-20,2022
12,Clarkson,2021-09-20,2022
12,Providence,2021-09-20,2022
14,Harvard,2021-09-20,2022
1,Wisconsin,2021-09-27,2022
2,Northeastern,2021-09-27,2022
3,Ohio State,2021-09-27,2022
4,Colgate,2021-09-27,2022
4,Minnesota,2021-09-27,2022
6,Minnesota Duluth,2021-09-27,2022
7,Boston College,2021-09-27,2022
8,Cornell,2021-09-27,2022
9,Princeton,2021-09-27,2022
10,Quinnipiac,2021-09-27,2022
11,Clarkson,2021-09-27,2022
12,Harvard,2021-09-27,2022
13,Providence,2021-09-27,2022
14,Penn State,2021-09-27,2022
1,Wisconsin,2021-10-04,2022
2,Northeastern,2021-10-04,2022
3,Ohio State,2021-10-04,2022
4,Colgate,2021-10-04,2022
5,Boston College,2021-10-04,2022
6,Minnesota,2021-10-04,2022
7,Minnesota Duluth,2021-10-04,2022
8,Quinnipiac,2021-10-04,2022
9,Cornell,2021-10-04,2022
10,Princeton,2021-10-04,2022
11,Clarkson,2021-10-04,2022
12,Harvard,2021-10-04,2022
13,Boston University,2021-10-04,2022
14,Minnesota State,2021-10-04,2022
14,Penn State,2021-10-04,2022
14,Providence,2021-10-04,2022
1,Wisconsin,2021-10-11,2022
2,Ohio State,2021-10-11,2022
3,Colgate,2021-10-11,2022
4,Boston College,2021-10-11,2022
5,Northeastern,2021-10-11,2022
6,Minnesota,2021-10-11,2022
7,Minnesota Duluth,2021-10-11,2022
8,Quinnipiac,2021-10-11,2022
9,Cornell,2021-10-11,2022
9,Providence,2021-10-11,2022
11,Boston University,2021-10-11,2022
12,Clarkson,2021-10-11,2022
13,Princeton,2021-10-11,2022
14,Harvard,2021-10-11,2022
15,Minnesota State,2021-10-11,2022
1,Wisconsin,2021-10-18,2022
2,Ohio State,2021-10-18,2022
3,Colgate,2021-10-18,2022
4,Boston College,2021-10-18,2022
5,Minnesota,2021-10-18,2022
6,Northeastern,2021-10-18,2022
7,Quinnipiac,2021-10-18,2022
8,Minnesota Duluth,2021-10-18,2022
9,Providence,2021-10-18,2022
10,Cornell,2021-10-18,2022
11,Clarkson,2021-10-18,2022
12,Harvard,2021-10-18,2022
13,Boston University,2021-10-18,2022
14,Princeton,2021-10-18,2022
1,Wisconsin,2021-10-25,2022
2,Ohio State,2021-10-25,2022
3,Minnesota,2021-10-25,2022
4,Boston College,2021-10-25,2022
5,Colgate,2021-10-25,2022
6,Northeastern,2021-10-25,2022
7,Minnesota Duluth,2021-10-25,2022
8,Quinnipiac,2021-10-25,2022
9,Cornell,2021-10-25,2022
10,Harvard,2021-10-25,2022
11,Providence,2021-10-25,2022
12,Minnesota State,2021-10-25,2022
13,Rensselaer,2021-10-25,2022
14,Princeton,2021-10-25,2022
15,Clarkson,2021-10-25,2022
15,Yale,2021-10-25,2022
1,Wisconsin,2021-11-01,2022
2,Ohio State,2021-11-01,2022
3,Minnesota,2021-11-01,2022
4,Colgate,2021-11-01,2022
5,Northeastern,2021-11-01,2022
6,Minnesota Duluth,2021-11-01,2022
7,Boston College,2021-11-01,2022
8,Quinnipiac,2021-11-01,2022
9,Harvard,2021-11-01,2022
10,Clarkson,2021-11-01,2022
11,Princeton,2021-11-01,2022
11,Providence,2021-11-01,2022
13,Boston University,2021-11-01,2022
14,Connecticut,2021-11-01,2022
1,Wisconsin,2021-11-08,2022
2,Ohio State,2021-11-08,2022
3,Minnesota,2021-11-08,2022
4,Northeastern,2021-11-08,2022
5,Colgate,2021-11-08,2022
6,Minnesota Duluth,2021-11-08,2022
7,Boston College,2021-11-08,2022
8,Quinnipiac,2021-11-08,2022
9,Clarkson,2021-11-08,2022
10,Harvard,2021-11-08,2022
11,Princeton,2021-11-08,2022
12,Connecticut,2021-11-08,2022
12,Yale,2021-11-08,2022
1,Wisconsin,2021-11-15,2022
2,Ohio State,2021-11-15,2022
3,Minnesota,2021-11-15,2022
4,Northeastern,2021-11-15,2022
5,Colgate,2021-11-15,2022
6,Quinnipiac,2021-11-15,2022
7,Clarkson,2021-11-15,2022
7,Minnesota Duluth,2021-11-15,2022
9,Yale,2021-11-15,2022
10,Princeton,2021-11-15,2022
11,Harvard,2021-11-15,2022
12,Boston College,2021-11-15,2022
1,Wisconsin,2021-11-22,2022
2,Ohio State,2021-11-22,2022
3,Minnesota,2021-11-22,2022
4,Northeastern,2021-11-22,2022
5,Quinnipiac,2021-11-22,2022
6,Yale,2021-11-22,2022
7,Minnesota Duluth,2021-11-22,2022
8,Colgate,2021-11-22,2022
9,Clarkson,2021-11-22,2022
10,Harvard,2021-11-22,2022
10,Princeton,2021-11-22,2022
12,Boston College,2021-11-22,2022
1,Wisconsin,2021-11-29,2022
2,Ohio State,2021-11-29,2022
3,Northeastern,2021-11-29,2022
4,Quinnipiac,2021-11-29,2022
5,Minnesota,2021-11-29,2022
6,Colgate,2021-11-29,2022
7,Yale,2021-11-29,2022
8,Clarkson,2021-11-29,2022
9,Harvard,2021-11-29,2022
9,Minnesota Duluth,2021-11-29,2022
11,Princeton,2021-11-29,2022
12,Penn State,2021-11-29,2022
13,Mercyhurst,2021-11-29,2022
14,Connecticut,2021-11-29,2022
1,Wisconsin,2021-12-06,2022
2,Ohio State,2021-12-06,2022
3,Northeastern,2021-12-06,2022
4,Minnesota,2021-12-06,2022
5,Quinnipiac,2021-12-06,2022
6,Colgate,2021-12-06,2022
7,Yale,2021-12-06,2022
8,Clarkson,2021-12-06,2022
9,Minnesota Duluth,2021-12-06,2022
10,Harvard,2021-12-06,2022
11,Connecticut,2021-12-06,2022
12,Penn State,2021-12-06,2022
1,Wisconsin,2021-12-13,2022
2,Ohio State,2021-12-13,2022
3,Northeastern,2021-12-13,2022
4,Quinnipiac,2021-12-13,2022
5,Minnesota,2021-12-13,2022
6,Colgate,2021-12-13,2022
7,Yale,2021-12-13,2022
8,Minnesota Duluth,2021-12-13,2022
9,Clarkson,2021-12-13,2022
10,Harvard,2021-12-13,2022
11,Connecticut,2021-12-13,2022
12,Penn State,2021-12-13,2022
1,Wisconsin,2022-01-03,2022
2,Ohio State,2022-01-03,2022
3,Northeastern,2022-01-03,2022
4,Quinnipiac,2022-01-03,2022
5,Minnesota,2022-01-03,2022
6,Colgate,2022-01-03,2022
7,Yale,2022-01-03,2022
8,Minnesota Duluth,2022-01-03,2022
9,Clarkson,2022-01-03,2022
10,Connecticut,2022-01-03,2022
10,Harvard,2022-01-03,2022
12,Providence,2022-01-03,2022
1,Wisconsin,2022-01-10,2022
2,Ohio State,2022-01-10,2022
3,Northeastern,2022-01-10,2022
4,Minnesota,2022-01-10,2022
5,Quinnipiac,2022-01-10,2022
6,Colgate,2022-01-10,2022
7,Clarkson,2022-01-10,2022
8,Yale,2022-01-10,2022
9,Minnesota Duluth,2022-01-10,2022
10,Harvard,2022-01-10,2022
11,Connecticut,2022-01-10,2022
1,Wisconsin,2022-01-17,2022
2,Ohio State,2022-01-17,2022
3,Northeastern,2022-01-17,2022
4,Quinnipiac,2022-01-17,2022
5,Minnesota,2022-01-17,2022
6,Colgate,2022-01-17,2022
7,Clarkson,2022-01-17,2022
8,Minnesota Duluth,2022-01-17,2022
9,Harvard,2022-01-17,2022
10,Yale,2022-01-17,2022
11,Connecticut,2022-01-17,2022
1,Northeastern,2022-01-24,2022
2,Minnesota,2022-01-24,2022
3,Ohio State,2022-01-24,2022
3,Wisconsin,2022-01-24,2022
5,Minnesota Duluth,2022-01-24,2022
6,Harvard,2022-01-24,2022
7,Quinnipiac,2022-01-24,2022
8,Yale,2022-01-24,2022
9,Colgate,2022-01-24,2022
10,Clarkson,2022-01-24,2022
11,Connecticut,2022-01-24,2022
1,Minnesota,2022-01-31,2022
2,Ohio State,2022-01-31,2022
3,Northeastern,2022-01-31,2022
4,Wisconsin,2022-01-31,2022
5,Minnesota Duluth,2022-01-31,2022
6,Harvard,2022-01-31,2022
7,Colgate,2022-01-31,2022
8,Quinnipiac,2022-01-31,2022
9,Yale,2022-01-31,2022
10,Connecticut,2022-01-31,2022
10,Vermont,2022-01-31,2022
12,Clarkson,2022-01-31,2022
1,Minnesota,2022-02-07,2022
2,Ohio State,2022-02-07,2022
3,Wisconsin,2022-02-07,2022
4,Minnesota Duluth,2022-02-07,2022
5,Northeastern,2022-02-07,2022
6,Harvard,2022-02-07,2022
7,Yale,2022-02-07,2022
8,Colgate,2022-02-07,2022
9,Clarkson,2022-02-07,2022
9,Quinnipiac,2022-02-07,2022
11,Vermont,2022-02-07,2022
12,Connecticut,2022-02-07,2022
1,Minnesota,2022-02-14,2022
2,Ohio State,2022-02-14,2022
3,Wisconsin,2022-02-14,2022
4,Northeastern,2022-02-14,2022
5,Minnesota Duluth,2022-02-14,2022
6,Yale,2022-02-14,2022
7,Harvard,2022-02-14,2022
8,Colgate,2022-02-14,2022
9,Quinnipiac,2022-02-14,2022
10,Clarkson,2022-02-14,2022
11,Connecticut,2022-02-14,2022
12,Vermont,2022-02-14,2022
1,Minnesota,2022-02-21,2022
2,Ohio State,2022-02-21,2022
3,Northeastern,2022-02-21,2022
4,Wisconsin,2022-02-21,2022
5,Minnesota Duluth,2022-02-21,2022
6,Harvard,2022-02-21,2022
7,Yale,2022-02-21,2022
8,Colgate,2022-02-21,2022
9,Quinnipiac,2022-02-21,2022
10,Clarkson,2022-02-21,2022
11,Vermont,2022-02-21,2022
1,Minnesota,2022-02-28,2022
2,Ohio State,2022-02-28,2022
3,Northeastern,2022-02-28,2022
4,Wisconsin,2022-02-28,2022
5,Colgate,2022-02-28,2022
6,Quinnipiac,2022-02-28,2022
7,Yale,2022-02-28,2022
8,Minnesota Duluth,2022-02-28,2022
9,Harvard,2022-02-28,2022
10,Vermont,2022-02-28,2022
11,Clarkson,2022-02-28,2022
12,Princeton,2022-02-28,2022
1,Ohio State,2022-03-07,2022
2,Minnesota,2022-03-07,2022
3,Northeastern,2022-03-07,2022
4,Colgate,2022-03-07,2022
5,Wisconsin,2022-03-07,2022
6,Yale,2022-03-07,2022
7,Quinnipiac,2022-03-07,2022
8,Minnesota Duluth,2022-03-07,2022
9,Harvard,2022-03-07,2022
10,Clarkson,2022-03-07,2022
11,Connecticut,2022-03-07,2022
12,Vermont,2022-03-07,2022
1,Ohio State,2022-03-21,2022
2,Minnesota Duluth,2022-03-21,2022
3,Northeastern,2022-03-21,2022
4,Minnesota,2022-03-21,2022
5,Yale,2022-03-21,2022
6,Wisconsin,2022-03-21,2022
7,Colgate,2022-03-21,2022
8,Quinnipiac,2022-03-21,2022
9,Harvard,2022-03-21,2022
10,Clarkson,2022-03-21,2022
11,Connecticut,2022-03-21,2022
12,Vermont,2022-03-21,2022
1,Ohio State,2022-09-12,2023
2,Minnesota,2022-09-12,2023
3,Wisconsin,2022-09-12,2023
4,Northeastern,2022-09-12,2023
5,Minnesota Duluth,2022-09-12,2023
6,Colgate,2022-09-12,2023
7,Yale,2022-09-12,2023
8,Quinnipiac,2022-09-12,2023
9,Clarkson,2022-09-12,2023
10,Princeton,2022-09-12,2023
11,Harvard,2022-09-12,2023
12,Cornell,2022-09-12,2023
13,Vermont,2022-09-12,2023
14,Penn State,2022-09-12,2023
15,Boston College,2022-09-12,2023
1,Ohio State,2022-09-26,2023
2,Minnesota,2022-09-26,2023
3,Northeastern,2022-09-26,2023
4,Minnesota Duluth,2022-09-26,2023
5,Wisconsin,2022-09-26,2023
6,Colgate,2022-09-26,2023
7,Yale,2022-09-26,2023
8,Quinnipiac,2022-09-26,2023
9,Princeton,2022-09-26,2023
10,Clarkson,2022-09-26,2023
11,Penn State,2022-09-26,2023
12,Cornell,2022-09-26,2023
12,Harvard,2022-09-26,2023
14,Vermont,2022-09-26,2023
15,Boston College,2022-09-26,2023
1,Ohio State,2022-10-03,2023
2,Minnesota,2022-10-03,2023
3,Northeastern,2022-10-03,2023
4,Minnesota Duluth,2022-10-03,2023
5,Wisconsin,2022-10-03,2023
6,Colgate,2022-10-03,2023
7,Quinnipiac,2022-10-03,2023
8,Yale,2022-10-03,2023
9,Princeton,2022-10-03,2023
10,Clarkson,2022-10-03,2023
11,Penn State,2022-10-03,2023
12,Cornell,2022-10-03,2023
13,Harvard,2022-10-03,2023
14,Vermont,2022-10-03,2023
15,Connecticut,2022-10-03,2023
1,Ohio State,2022-10-10,2023
2,Minnesota,2022-10-10,2023
3,Northeastern,2022-10-10,2023
4,Minnesota Duluth,2022-10-10,2023
5,Wisconsin,2022-10-10,2023
6,Colgate,2022-10-10,2023
7,Quinnipiac,2022-10-10,2023
8,Yale,2022-10-10,2023
9,Princeton,2022-10-10,2023
10,Cornell,2022-10-10,2023
11,Clarkson,2022-10-10,2023
11,Penn State,2022-10-10,2023
13,Harvard,2022-10-10,2023
14,Boston College,2022-10-10,2023
15,Providence,2022-10-10,2023
1,Ohio State,2022-10-17,2023
2,Minnesota,2022-10-17,2023
3,Northeastern,2022-10-17,2023
4,Minnesota Duluth,2022-10-17,2023
5,Wisconsin,2022-10-17,2023
6,Colgate,2022-10-17,2023
7,Quinnipiac,2022-10-17,2023
8,Yale,2022-10-17,2023
9,Princeton,2022-10-17,2023
10,Cornell,2022-10-17,2023
11,Clarkson,2022-10-17,2023
12,Penn State,2022-10-17,2023
13,Providence,2022-10-17,2023
14,Vermont,2022-10-17,2023
15,Harvard,2022-10-17,2023
1,Ohio State,2022-10-24,2023
2,Minnesota,2022-10-24,2023
3,Wisconsin,2022-10-24,2023
4,Colgate,2022-10-24,2023
5,Minnesota Duluth,2022-10-24,2023
6,Northeastern,2022-10-24,2023
7,Quinnipiac,2022-10-24,2023
8,Cornell,2022-10-24,2023
9,Yale,2022-10-24,2023
10,Clarkson,2022-10-24,2023
10,Princeton,2022-10-24,2023
12,Penn State,2022-10-24,2023
13,Providence,2022-10-24,2023
14,Vermont,2022-10-24,2023
15,Boston College,2022-10-24,2023
1,Minnesota,2022-10-31,2023
2,Ohio State,2022-10-31,2023
3,Wisconsin,2022-10-31,2023
4,Quinnipiac,2022-10-31,2023
5,Minnesota Duluth,2022-10-31,2023
6,Colgate,2022-10-31,2023
7,Northeastern,2022-10-31,2023
8,Yale,2022-10-31,2023
9,Cornell,2022-10-31,2023
10,Clarkson,2022-10-31,2023
11,Penn State,2022-10-31,2023
12,Providence,2022-10-31,2023
13,Vermont,2022-10-31,2023
14,Princeton,2022-10-31,2023
15,Boston College,2022-10-31,2023
1,Minnesota,2022-11-07,2023
2,Ohio State,2022-11-07,2023
3,Wisconsin,2022-11-07,2023
4,Colgate,2022-11-07,2023
5,Quinnipiac,2022-11-07,2023
6,Yale,2022-11-07,2023
7,Minnesota Duluth,2022-11-07,2023
8,Northeastern,2022-11-07,2023
9,Cornell,2022-11-07,2023
10,Providence,2022-11-07,2023
11,Clarkson,2022-11-07,2023
12,Penn State,2022-11-07,2023
13,Vermont,2022-11-07,2023
14,Connecticut,2022-11-07,2023
15,Princeton,2022-11-07,2023
1,Minnesota,2022-11-14,2023
2,Ohio State,2022-11-14,2023
3,Wisconsin,2022-11-14,2023
4,Colgate,2022-11-14,2023
5,Quinnipiac,2022-11-14,2023
6,Yale,2022-11-14,2023
7,Minnesota Duluth,2022-11-14,2023
8,Northeastern,2022-11-14,2023
9,Cornell,2022-11-14,2023
10,Clarkson,2022-11-14,2023
11,Penn State,2022-11-14,2023
12,Connecticut,2022-11-14,2023
13,Providence,2022-11-14,2023
14,Vermont,2022-11-14,2023
15,Princeton,2022-11-14,2023
1,Ohio State,2022-11-21,2023
2,Wisconsin,2022-11-21,2023
3,Minnesota,2022-11-21,2023
4,Quinnipiac,2022-11-21,2023
5,Yale,2022-11-21,2023
6,Colgate,2022-11-21,2023
7,Minnesota Duluth,2022-11-21,2023
8,Northeastern,2022-11-21,2023
9,Cornell,2022-11-21,2023
10,Clarkson,2022-11-21,2023
11,Providence,2022-11-21,2023
12,Penn State,2022-11-21,2023
12,Vermont,2022-11-21,2023
14,Princeton,2022-11-21,2023
15,Connecticut,2022-11-21,2023
1,Ohio State,2022-11-28,2023
2,Wisconsin,2022-11-28,2023
3,Yale,2022-11-28,2023
4,Quinnipiac,2022-11-28,2023
5,Minnesota,2022-11-28,2023
6,Colgate,2022-11-28,2023
7,Northeastern,2022-11-28,2023
8,Minnesota Duluth,2022-11-28,2023
9,Providence,2022-11-28,2023
10,Cornell,2022-11-28,2023
11,Clarkson,2022-11-28,2023
12,Penn State,2022-11-28,2023
13,Vermont,2022-11-28,2023
14,Connecticut,2022-11-28,2023
15,Princeton,2022-11-28,2023
1,Ohio State,2022-12-05,2023
2,Wisconsin,2022-12-05,2023
3,Quinnipiac,2022-12-05,2023
4,Yale,2022-12-05,2023
5,Colgate,2022-12-05,2023
6,Minnesota,2022-12-05,2023
7,Minnesota Duluth,2022-12-05,2023
8,Northeastern,2022-12-05,2023
9,Cornell,2022-12-05,2023
10,Providence,2022-12-05,2023
11,Clarkson,2022-12-05,2023
12,Penn State,2022-12-05,2023
13,Vermont,2022-12-05,2023
14,St. Cloud State,2022-12-05,2023
15,Connecticut,2022-12-05,2023
1,Ohio State,2022-12-12,2023
2,Wisconsin,2022-12-12,2023
3,Yale,2022-12-12,2023
4,Quinnipiac,2022-12-12,2023
5,Minnesota,2022-12-12,2023
6,Colgate,2022-12-12,2023
7,Northeastern,2022-12-12,2023
8,Minnesota Duluth,2022-12-12,2023
9,Providence,2022-12-12,2023
10,Cornell,2022-12-12,2023
11,Clarkson,2022-12-12,2023
12,Penn State,2022-12-12,2023
13,Vermont,2022-12-12,2023
14,Connecticut,2022-12-12,2023
15,St. Cloud State,2022-12-12,2023
1,Ohio State,2023-01-09,2023
2,Yale,2023-01-09,2023
3,Minnesota,2023-01-09,2023
4,Quinnipiac,2023-01-09,2023
5,Colgate,2023-01-09,2023
6,Minnesota Duluth,2023-01-09,2023
7,Northeastern,2023-01-09,2023
8,Wisconsin,2023-01-09,2023
9,Cornell,2023-01-09,2023
10,Clarkson,2023-01-09,2023
11,Vermont,2023-01-09,2023
12,Penn State,2023-01-09,2023
13,Providence,2023-01-09,2023
14,St. Cloud State,2023-01-09,2023
15,Connecticut,2023-01-09,2023
1,Ohio State,2023-01-16,2023
2,Yale,2023-01-16,2023
3,Minnesota,2023-01-16,2023
4,Quinnipiac,2023-01-16,2023
5,Colgate,2023-01-16,2023
6,Minnesota Duluth,2023-01-16,2023
7,Northeastern,2023-01-16,2023
8,Wisconsin,2023-01-16,2023
9,Clarkson,2023-01-16,2023
10,Cornell,2023-01-16,2023
11,Vermont,2023-01-16,2023
12,Penn State,2023-01-16,2023
13,Providence,2023-01-16,2023
14,Connecticut,2023-01-16,2023
15,Boston College,2023-01-16,2023
1,Ohio State,2023-01-23,2023
2,Yale,2023-01-23,2023
3,Minnesota,2023-01-23,2023
4,Quinnipiac,2023-01-23,2023
5,Colgate,2023-01-23,2023
6,Minnesota Duluth,2023-01-23,2023
7,Northeastern,2023-01-23,2023
8,Wisconsin,2023-01-23,2023
9,Clarkson,2023-01-23,2023
10,Cornell,2023-01-23,2023
11,Vermont,2023-01-23,2023
12,Penn State,2023-01-23,2023
13,Providence,2023-01-23,2023
14,Connecticut,2023-01-23,2023
15,St. Cloud State,2023-01-23,2023
1,Ohio State,2023-01-30,2023
2,Yale,2023-01-30,2023
3,Minnesota,2023-01-30,2023
4,Colgate,2023-01-30,2023
5,Northeastern,2023-01-30,2023
6,Quinnipiac,2023-01-30,2023
7,Minnesota Duluth,2023-01-30,2023
8,Wisconsin,2023-01-30,2023
9,Clarkson,2023-01-30,2023
10,Penn State,2023-01-30,2023
11,Vermont,2023-01-30,2023
12,Providence,2023-01-30,2023
13,Cornell,2023-01-30,2023
14,St. Cloud State,2023-01-30,2023
15,Connecticut,2023-01-30,2023
1,Ohio State,2023-02-06,2023
2,Yale,2023-02-06,2023
3,Minnesota,2023-02-06,2023
4,Colgate,2023-02-06,2023
5,Northeastern,2023-02-06,2023
6,Quinnipiac,2023-02-06,2023
7,Minnesota Duluth,2023-02-06,2023
8,Wisconsin,2023-02-06,2023
9,Clarkson,2023-02-06,2023
10,Penn State,2023-02-06,2023
11,Vermont,2023-02-06,2023
12,St. Cloud State,2023-02-06,2023
13,Providence,2023-02-06,2023
14,Cornell,2023-02-06,2023
15,Connecticut,2023-02-06,2023
1,Ohio State,2023-02-13,2023
2,Yale,2023-02-13,2023
3,Colgate,2023-02-13,2023
4,Minnesota,2023-02-13,2023
5,Northeastern,2023-02-13,2023
6,Wisconsin,2023-02-13,2023
7,Quinnipiac,2023-02-13,2023
8,Minnesota Duluth,2023-02-13,2023
9,Clarkson,2023-02-13,2023
10,Penn State,2023-02-13,2023
11,Vermont,2023-02-13,2023
12,St. Cloud State,2023-02-13,2023
13,Providence,2023-02-13,2023
14,Cornell,2023-02-13,2023
15,Boston College,2023-02-13,2023
1,Ohio State,2023-02-20,2023
2,Yale,2023-02-20,2023
3,Colgate,2023-02-20,2023
4,Minnesota,2023-02-20,2023
5,Northeastern,2023-02-20,2023
6,Wisconsin,2023-02-20,2023
7,Minnesota Duluth,2023-02-20,2023
8,Quinnipiac,2023-02-20,2023
9,Clarkson,2023-02-20,2023
10,Penn State,2023-02-20,2023
11,Vermont,2023-02-20,2023
12,St. Cloud State,2023-02-20,2023
13,Cornell,2023-02-20,2023
14,Providence,2023-02-20,2023
15,Boston College,2023-02-20,2023
1,Ohio State,2023-02-27,2023
2,Yale,2023-02-27,2023
3,Minnesota,2023-02-27,2023
4,Colgate,2023-02-27,2023
5,Northeastern,2023-02-27,2023
6,Wisconsin,2023-02-27,2023
7,Minnesota Duluth,2023-02-27,2023
8,Quinnipiac,2023-02-27,2023
9,Clarkson,2023-02-27,2023
10,Penn State,2023-02-27,2023
11,Vermont,2023-02-27,2023
12,St. Cloud State,2023-02-27,2023
13,Cornell,2023-02-27,2023
14,Providence,2023-02-27,2023
15,Boston College,2023-02-27,2023
1,Ohio State,2023-03-06,2023
2,Minnesota,2023-03-06,2023
3,Colgate,2023-03-06,2023
4,Yale,2023-03-06,2023
5,Northeastern,2023-03-06,2023
6,Wisconsin,2023-03-06,2023
7,Minnesota Duluth,2023-03-06,2023
8,Quinnipiac,2023-03-06,2023
9,Clarkson,2023-03-06,2023
10,Penn State,2023-03-06,2023
11,Vermont,2023-03-06,2023
12,Providence,2023-03-06,2023
13,St. Cloud State,2023-03-06,2023
14,Cornell,2023-03-06,2023
15,Boston College,2023-03-06,2023
1,Wisconsin,2023-03-20,2023
2,Ohio State,2023-03-20,2023
3,Minnesota,2023-03-20,2023
4,Northeastern,2023-03-20,2023
5,Colgate,2023-03-20,2023
6,Yale,2023-03-20,2023
7,Minnesota Duluth,2023-03-20,2023
8,Quinnipiac,2023-03-20,2023
9,Clarkson,2023-03-20,2023
10,Penn State,2023-03-20,2023
11,Vermont,2023-03-20,2023
12,St. Cloud State,2023-03-20,2023
13,Providence,2023-03-20,2023
14,Cornell,2023-03-20,2023
15,Boston College,2023-03-20,2023
1,Wisconsin,2023-09-18,2024
2,Ohio State,2023-09-18,2024
3,Minnesota,2023-09-18,2024
4,Colgate,2023-09-18,2024
5,Northeastern,2023-09-18,2024
6,Yale,2023-09-18,2024
7,Minnesota Duluth,2023-09-18,2024
8,Quinnipiac,2023-09-18,2024
9,Clarkson,2023-09-18,2024
10,Cornell,2023-09-18,2024
11,Penn State,2023-09-18,2024
12,Vermont,2023-09-18,2024
13,St. Cloud State,2023-09-18,2024
14,Providence,2023-09-18,2024
15,Princeton,2023-09-18,2024
1,Wisconsin,2023-10-02,2024
2,Ohio State,2023-10-02,2024
3,Colgate,2023-10-02,2024
4,Minnesota,2023-10-02,2024
5,Yale,2023-10-02,2024
6,Minnesota Duluth,2023-10-02,2024
7,Northeastern,2023-10-02,2024
8,Quinnipiac,2023-10-02,2024
9,Clarkson,2023-10-02,2024
10,Cornell,2023-10-02,2024
11,Penn State,2023-10-02,2024
12,St. Cloud State,2023-10-02,2024
13,Vermont,2023-10-02,2024
14,Connecticut,2023-10-02,2024
15,Providence,2023-10-02,2024
1,Wisconsin,2023-10-09,2024
2,Ohio State,2023-10-09,2024
3,Colgate,2023-10-09,2024
4,Minnesota,2023-10-09,2024
5,Yale,2023-10-09,2024
6,Minnesota Duluth,2023-10-09,2024
7,Northeastern,2023-10-09,2024
8,Quinnipiac,2023-10-09,2024
9,Clarkson,2023-10-09,2024
10,Cornell,2023-10-09,2024
11,St. Lawrence,2023-10-09,2024
12,Vermont,2023-10-09,2024
13,Penn State,2023-10-09,2024
14,St. Cloud State,2023-10-09,2024
15,Connecticut,2023-10-09,2024
1,Wisconsin,2023-10-16,2024
2,Ohio State,2023-10-16,2024
3,Colgate,2023-10-16,2024
4,Minnesota,2023-10-16,2024
5,Yale,2023-10-16,2024
6,Quinnipiac,2023-10-16,2024
7,Clarkson,2023-10-16,2024
8,Minnesota Duluth,2023-10-16,2024
9,Cornell,2023-10-16,2024
10,Northeastern,2023-10-16,2024
11,St. Lawrence,2023-10-16,2024
12,Vermont,2023-10-16,2024
13,St. Cloud State,2023-10-16,2024
14,Princeton,2023-10-16,2024
15,Penn State,2023-10-16,2024
1,Wisconsin,2023-10-23,2024
2,Ohio State,2023-10-23,2024
3,Colgate,2023-10-23,2024
4,Minnesota,2023-10-23,2024
5,Quinnipiac,2023-10-23,2024
6,Clarkson,2023-10-23,2024
7,Yale,2023-10-23,2024
8,Minnesota Duluth,2023-10-23,2024
9,Cornell,2023-10-23,2024
10,St. Lawrence,2023-10-23,2024
11,St. Cloud State,2023-10-23,2024
12,Vermont,2023-10-23,2024
13,Northeastern,2023-10-23,2024
14,Princeton,2023-10-23,2024
15,Penn State,2023-10-23,2024
1,Wisconsin,2023-10-30,2024
2,Ohio State,2023-10-30,2024
3,Colgate,2023-10-30,2024
4,Minnesota,2023-10-30,2024
5,Clarkson,2023-10-30,2024
6,St. Lawrence,2023-10-30,2024
7,Yale,2023-10-30,2024
8,Minnesota Duluth,2023-10-30,2024
9,Quinnipiac,2023-10-30,2024
10,Cornell,2023-10-30,2024
11,St. Cloud State,2023-10-30,2024
12,Vermont,2023-10-30,2024
13,Northeastern,2023-10-30,2024
14,Boston College,2023-10-30,2024
15,Princeton,2023-10-30,2024
1,Wisconsin,2023-11-06,2024
2,Ohio State,2023-11-06,2024
3,Colgate,2023-11-06,2024
4,Minnesota,2023-11-06,2024
5,Clarkson,2023-11-06,2024
6,St. Lawrence,2023-11-06,2024
7,Cornell,2023-11-06,2024
7,Minnesota Duluth,2023-11-06,2024
9,Quinnipiac,2023-11-06,2024
10,St. Cloud State,2023-11-06,2024
11,Yale,2023-11-06,2024
12,Connecticut,2023-11-06,2024
13,Vermont,2023-11-06,2024
14,Princeton,2023-11-06,2024
15,Boston College,2023-11-06,2024
1,Wisconsin,2023-11-13,2024
2,Ohio State,2023-11-13,2024
3,Colgate,2023-11-13,2024
4,Minnesota,2023-11-13,2024
5,Clarkson,2023-11-13,2024
6,Cornell,2023-11-13,2024
7,St. Lawrence,2023-11-13,2024
8,Minnesota Duluth,2023-11-13,2024
9,Quinnipiac,2023-11-13,2024
10,St. Cloud State,2023-11-13,2024
11,Yale,2023-11-13,2024
12,Connecticut,2023-11-13,2024
13,Princeton,2023-11-13,2024
14,Vermont,2023-11-13,2024
15,Boston College,2023-11-13,2024
1,Ohio State,2023-11-20,2024
2,Colgate,2023-11-20,2024
3,Wisconsin,2023-11-20,2024
4,Minnesota,2023-11-20,2024
5,Clarkson,2023-11-20,2024
6,St. Lawrence,2023-11-20,2024
7,Quinnipiac,2023-11-20,2024
8,Cornell,2023-11-20,2024
9,Minnesota Duluth,2023-11-20,2024
10,St. Cloud State,2023-11-20,2024
11,Connecticut,2023-11-20,2024
12,Princeton,2023-11-20,2024
13,Yale,2023-11-20,2024
14,Boston College,2023-11-20,2024
15,Vermont,2023-11-20,2024
1,Ohio State,2023-11-27,2024
2,Wisconsin,2023-11-27,2024
3,Minnesota,2023-11-27,2024
4,Colgate,2023-11-27,2024
5,Clarkson,2023-11-27,2024
6,Minnesota Duluth,2023-11-27,2024
7,Quinnipiac,2023-11-27,2024
8,St. Lawrence,2023-11-27,2024
9,Cornell,2023-11-27,2024
10,St. Cloud State,2023-11-27,2024
11,Connecticut,2023-11-27,2024
12,Princeton,2023-11-27,2024
13,Vermont,2023-11-27,2024
14,Yale,2023-11-27,2024
15,Boston College,2023-11-27,2024
1,Ohio State,2023-12-04,2024
2,Minnesota,2023-12-04,2024
3,Wisconsin,2023-12-04,2024
4,Colgate,2023-12-04,2024
5,Clarkson,2023-12-04,2024
6,Minnesota Duluth,2023-12-04,2024
7,Quinnipiac,2023-12-04,2024
8,St. Cloud State,2023-12-04,2024
9,Cornell,2023-12-04,2024
10,St. Lawrence,2023-12-04,2024
11,Connecticut,2023-12-04,2024
12,Princeton,2023-12-04,2024
13,Boston College,2023-12-04,2024
13,Yale,2023-12-04,2024
15,Penn State,2023-12-04,2024
1,Ohio State,2023-12-11,2024
2,Minnesota,2023-12-11,2024
3,Wisconsin,2023-12-11,2024
4,Colgate,2023-12-11,2024
5,Clarkson,2023-12-11,2024
6,Minnesota Duluth,2023-12-11,2024
7,St. Cloud State,2023-12-11,2024
8,Quinnipiac,2023-12-11,2024
9,Cornell,2023-12-11,2024
10,St. Lawrence,2023-12-11,2024
11,Connecticut,2023-12-11,2024
12,Princeton,2023-12-11,2024
13,Boston College,2023-12-11,2024
14,Yale,2023-12-11,2024
15,Penn State,2023-12-11,2024
1,Ohio State,2024-01-08,2024
2,Minnesota,2024-01-08,2024
3,Wisconsin,2024-01-08,2024
4,Clarkson,2024-01-08,2024
5,Colgate,2024-01-08,2024
6,Quinnipiac,2024-01-08,2024
7,Minnesota Duluth,2024-01-08,2024
8,Cornell,2024-01-08,2024
8,St. Cloud State,2024-01-08,2024
10,St. Lawrence,2024-01-08,2024
11,Princeton,2024-01-08,2024
12,Connecticut,2024-01-08,2024
13,Boston College,2024-01-08,2024
14,Northeastern,2024-01-08,2024
14,Yale,2024-01-08,2024
1,Ohio State,2024-01-15,2024
2,Wisconsin,2024-01-15,2024
3,Clarkson,2024-01-15,2024
4,Colgate,2024-01-15,2024
5,Minnesota,2024-01-15,2024
6,Quinnipiac,2024-01-15,2024
7,Minnesota Duluth,2024-01-15,2024
8,Cornell,2024-01-15,2024
9,St. Cloud State,2024-01-15,2024
10,St. Lawrence,2024-01-15,2024
11,Connecticut,2024-01-15,2024
12,Princeton,2024-01-15,2024
13,Boston College,2024-01-15,2024
14,Yale,2024-01-15,2024
15,Northeastern,2024-01-15,2024
1,Ohio State,2024-01-22,2024
2,Wisconsin,2024-01-22,2024
3,Clarkson,2024-01-22,2024
4,Colgate,2024-01-22,2024
5,Minnesota,2024-01-22,2024
6,Cornell,2024-01-22,2024
7,Minnesota Duluth,2024-01-22,2024
8,Quinnipiac,2024-01-22,2024
9,St. Lawrence,2024-01-22,2024
10,St. Cloud State,2024-01-22,2024
11,Connecticut,2024-01-22,2024
12,Princeton,2024-01-22,2024
13,Boston College,2024-01-22,2024
14,Northeastern,2024-01-22,2024
15,Yale,2024-01-22,2024
1,Ohio State,2024-01-29,2024
2,Wisconsin,2024-01-29,2024
3,Colgate,2024-01-29,2024
4,Clarkson,2024-01-29,2024
5,Minnesota,2024-01-29,2024
6,Cornell,2024-01-29,2024
7,Minnesota Duluth,2024-01-29,2024
8,St. Lawrence,2024-01-29,2024
9,Quinnipiac,2024-01-29,2024
10,St. Cloud State,2024-01-29,2024
11,Connecticut,2024-01-29,2024
12,Princeton,2024-01-29,2024
13,Northeastern,2024-01-29,2024
14,Yale,2024-01-29,2024
15,Boston College,2024-01-29,2024
15,Penn State,2024-01-29,2024
1,Ohio State,2024-02-05,2024
2,Wisconsin,2024-02-05,2024
3,Clarkson,2024-02-05,2024
4,Colgate,2024-02-05,2024
5,Minnesota,2024-02-05,2024
6,Cornell,2024-02-05,2024
7,St. Lawrence,2024-02-05,2024
8,Minnesota Duluth,2024-02-05,2024
9,Quinnipiac,2024-02-05,2024
10,St. Cloud State,2024-02-05,2024
11,Connecticut,2024-02-05,2024
12,Princeton,2024-02-05,2024
13,Northeastern,2024-02-05,2024
14,Penn State,2024-02-05,2024
15,Boston College,2024-02-05,2024
1,Ohio State,2024-02-12,2024
2,Wisconsin,2024-02-12,2024
3,Clarkson,2024-02-12,2024
4,Colgate,2024-02-12,2024
5,Minnesota,2024-02-12,2024
6,Cornell,2024-02-12,2024
7,St. Lawrence,2024-02-12,2024
8,Minnesota Duluth,2024-02-12,2024
9,Quinnipiac,2024-02-12,2024
10,St. Cloud State,2024-02-12,2024
11,Connecticut,2024-02-12,2024
12,Princeton,2024-02-12,2024
13,Northeastern,2024-02-12,2024
14,Yale,2024-02-12,2024
15,Boston College,2024-02-12,2024
1,Ohio State,2024-02-19,2024
2,Wisconsin,2024-02-19,2024
3,Clarkson,2024-02-19,2024
4,Minnesota,2024-02-19,2024
5,Colgate,2024-02-19,2024
6,Cornell,2024-02-19,2024
7,St. Lawrence,2024-02-19,2024
8,Minnesota Duluth,2024-02-19,2024
9,Quinnipiac,2024-02-19,2024
10,St. Cloud State,2024-02-19,2024
11,Connecticut,2024-02-19,2024
12,Northeastern,2024-02-19,2024
13,Princeton,2024-02-19,2024
14,Yale,2024-02-19,2024
15,Penn State,2024-02-19,2024
1,Ohio State,2024-02-26,2024
2,Wisconsin,2024-02-26,2024
3,Clarkson,2024-02-26,2024
4,Minnesota,2024-02-26,2024
5,Colgate,2024-02-26,2024
6,Cornell,2024-02-26,2024
7,St. Lawrence,2024-02-26,2024
8,Minnesota Duluth,2024-02-26,2024
9,Quinnipiac,2024-02-26,2024
10,St. Cloud State,2024-02-26,2024
11,Connecticut,2024-02-26,2024
12,Princeton,2024-02-26,2024
13,Yale,2024-02-26,2024
14,Northeastern,2024-02-26,2024
15,Penn State,2024-02-26,2024
1,Ohio State,2024-03-04,2024
2,Wisconsin,2024-03-04,2024
3,Clarkson,2024-03-04,2024
4,Colgate,2024-03-04,2024
5,Minnesota,2024-03-04,2024
6,Cornell,2024-03-04,2024
7,St. Lawrence,2024-03-04,2024
8,Minnesota Duluth,2024-03-04,2024
9,Quinnipiac,2024-03-04,2024
10,Connecticut,2024-03-04,2024
11,St. Cloud State,2024-03-04,2024
12,Princeton,2024-03-04,2024
13,Northeastern,2024-03-04,2024
14,Yale,2024-03-04,2024
15,Penn State,2024-03-04,2024
1,Ohio State,2024-03-11,2024
2,Wisconsin,2024-03-11,2024
3,Colgate,2024-03-11,2024
4,Clarkson,2024-03-11,2024
5,Minnesota,2024-03-11,2024
6,Cornell,2024-03-11,2024
7,St. Lawrence,2024-03-11,2024
8,Minnesota Duluth,2024-03-11,2024
9,Connecticut,2024-03-11,2024
10,Quinnipiac,2024-03-11,2024
11,St. Cloud State,2024-03-11,2024
12,Princeton,2024-03-11,2024
13,Northeastern,2024-03-11,2024
14,Penn State,2024-03-11,2024
15,Yale,2024-03-11,2024
1,Ohio State,2024-03-25,2024
2,Wisconsin,2024-03-25,2024
3,Colgate,2024-03-25,2024
4,Clarkson,2024-03-25,2024
5,Minnesota,2024-03-25,2024
6,Cornell,2024-03-25,2024
7,St. Lawrence,2024-03-25,2024
8,Minnesota Duluth,2024-03-25,2024
9,Connecticut,2024-03-25,2024
10,Quinnipiac,2024-03-25,2024
11,St. Cloud State,2024-03-25,2024
12,Princeton,2024-03-25,2024
13,Penn State,2024-03-25,2024
14,Northeastern,2024-03-25,2024
15,Yale,2024-03-25,2024
1,Ohio State,2024-09-16,2025
2,Wisconsin,2024-09-16,2025
3,Minnesota,2024-09-16,2025
4,Colgate,2024-09-16,2025
5,Clarkson,2024-09-16,2025
6,Cornell,2024-09-16,2025
7,Minnesota Duluth,2024-09-16,2025
8,St. Lawrence,2024-09-16,2025
9,Connecticut,2024-09-16,2025
10,Quinnipiac,2024-09-16,2025
11,St. Cloud State,2024-09-16,2025
12,Penn State,2024-09-16,2025
13,Northeastern,2024-09-16,2025
14,Princeton,2024-09-16,2025
15,Yale,2024-09-16,2025
1,Wisconsin,2024-09-30,2025
2,Minnesota,2024-09-30,2025
3,Minnesota Duluth,2024-09-30,2025
4,Ohio State,2024-09-30,2025
5,Clarkson,2024-09-30,2025
6,Cornell,2024-09-30,2025
7,Colgate,2024-09-30,2025
8,St. Lawrence,2024-09-30,2025
9,Connecticut,2024-09-30,2025
10,Quinnipiac,2024-09-30,2025
11,St. Cloud State,2024-09-30,2025
12,Penn State,2024-09-30,2025
13,Northeastern,2024-09-30,2025
14,Princeton,2024-09-30,2025
15,Mercyhurst,2024-09-30,2025
1,Wisconsin,2024-10-07,2025
2,Minnesota,2024-10-07,2025
3,Minnesota Duluth,2024-10-07,2025
4,Ohio State,2024-10-07,2025
5,Clarkson,2024-10-07,2025
6,Cornell,2024-10-07,2025
7,Colgate,2024-10-07,2025
8,St. Lawrence,2024-10-07,2025
9,Connecticut,2024-10-07,2025
10,Quinnipiac,2024-10-07,2025
11,St. Cloud State,2024-10-07,2025
12,Penn State,2024-10-07,2025
13,Northeastern,2024-10-07,2025
14,Princeton,2024-10-07,2025
15,Mercyhurst,2024-10-07,2025
1,Wisconsin,2024-10-14,2025
2,Ohio State,2024-10-14,2025
3,Minnesota,2024-10-14,2025
4,Clarkson,2024-10-14,2025
5,Minnesota Duluth,2024-10-14,2025
6,Cornell,2024-10-14,2025
7,St. Lawrence,2024-10-14,2025
8,Connecticut,2024-10-14,2025
9,Colgate,2024-10-14,2025
10,Quinnipiac,2024-10-14,2025
11,St. Cloud State,2024-10-14,2025
12,Penn State,2024-10-14,2025
13,Northeastern,2024-10-14,2025
14,Princeton,2024-10-14,2025
15,Yale,2024-10-14,2025
1,Wisconsin,2024-10-21,2025
2,Ohio State,2024-10-21,2025
3,Clarkson,2024-10-21,2025
4,Minnesota,2024-10-21,2025
5,Minnesota Duluth,2024-10-21,2025
6,St. Lawrence,2024-10-21,2025
7,Colgate,2024-10-21,2025
8,St. Cloud State,2024-10-21,2025
9,Quinnipiac,2024-10-21,2025
10,Connecticut,2024-10-21,2025
11,Cornell,2024-10-21,2025
12,Penn State,2024-10-21,2025
13,Princeton,2024-10-21,2025
14,Northeastern,2024-10-21,2025
15,Mercyhurst,2024-10-21,2025
1,Wisconsin,2024-10-28,2025
2,Ohio State,2024-10-28,2025
3,Minnesota,2024-10-28,2025
4,Minnesota Duluth,2024-10-28,2025
5,Clarkson,2024-10-28,2025
6,Colgate,2024-10-28,2025
7,St. Lawrence,2024-10-28,2025
8,St. Cloud State,2024-10-28,2025
9,Cornell,2024-10-28,2025
10,Connecticut,2024-10-28,2025
11,Quinnipiac,2024-10-28,2025
12,Penn State,2024-10-28,2025
13,Boston College,2024-10-28,2025
14,Yale,2024-10-28,2025
15,Brown,2024-10-28,2025
1,Wisconsin,2024-11-04,2025
2,Ohio State,2024-11-04,2025
3,Minnesota,2024-11-04,2025
4,Minnesota Duluth,2024-11-04,2025
5,Colgate,2024-11-04,2025
6,Clarkson,2024-11-04,2025
7,Quinnipiac,2024-11-04,2025
8,St. Lawrence,2024-11-04,2025
9,St. Cloud State,2024-11-04,2025
10,Connecticut,2024-11-04,2025
11,Cornell,2024-11-04,2025
12,Penn State,2024-11-04,2025
13,Boston College,2024-11-04,2025
14,Brown,2024-11-04,2025
15,Boston University,2024-11-04,2025
1,Wisconsin,2024-11-11,2025
2,Ohio State,2024-11-11,2025
3,Minnesota,2024-11-11,2025
4,Minnesota Duluth,2024-11-11,2025
5,Colgate,2024-11-11,2025
6,Clarkson,2024-11-11,2025
7,Quinnipiac,2024-11-11,2025
8,St. Cloud State,2024-11-11,2025
9,St. Lawrence,2024-11-11,2025
10,Cornell,2024-11-11,2025
11,Boston College,2024-11-11,2025
12,Penn State,2024-11-11,2025
13,Connecticut,2024-11-11,2025
14,Boston University,2024-11-11,2025
15,Brown,2024-11-11,2025
1,Wisconsin,2024-11-18,2025
2,Ohio State,2024-11-18,2025
3,Minnesota,2024-11-18,2025
4,Minnesota Duluth,2024-11-18,2025
5,Colgate,2024-11-18,2025
6,Clarkson,2024-11-18,2025
7,Quinnipiac,2024-11-18,2025
8,Cornell,2024-11-18,2025
9,St. Lawrence,2024-11-18,2025
10,St. Cloud State,2024-11-18,2025
11,Boston College,2024-11-18,2025
12,Penn State,2024-11-18,2025
13,Boston University,2024-11-18,2025
14,Connecticut,2024-11-18,2025
15,Northeastern,2024-11-18,2025
1,Wisconsin,2024-11-25,2025
2,Ohio State,2024-11-25,2025
3,Minnesota,2024-11-25,2025
4,Minnesota Duluth,2024-11-25,2025
5,Colgate,2024-11-25,2025
6,Clarkson,2024-11-25,2025
7,Cornell,2024-11-25,2025
8,St. Cloud State,2024-11-25,2025
9,Quinnipiac,2024-11-25,2025
10,St. Lawrence,2024-11-25,2025
11,Boston College,2024-11-25,2025
12,Penn State,2024-11-25,2025
13,Boston University,2024-11-25,2025
14,Connecticut,2024-11-25,2025
15,Northeastern,2024-11-25,2025
1,Wisconsin,2024-12-02,2025
2,Ohio State,2024-12-02,2025
3,Minnesota,2024-12-02,2025
4,Minnesota Duluth,2024-12-02,2025
5,Colgate,2024-12-02,2025
6,Clarkson,2024-12-02,2025
7,Cornell,2024-12-02,2025
8,St. Cloud State,2024-12-02,2025
9,Quinnipiac,2024-12-02,2025
10,Boston College,2024-12-02,2025
11,St. Lawrence,2024-12-02,2025
12,Penn State,2024-12-02,2025
13,Boston University,2024-12-02,2025
14,Yale,2024-12-02,2025
15,Connecticut,2024-12-02,2025
1,Wisconsin,2024-12-09,2025
2,Ohio State,2024-12-09,2025
3,Minnesota,2024-12-09,2025
4,Minnesota Duluth,2024-12-09,2025
5,Colgate,2024-12-09,2025
6,Clarkson,2024-12-09,2025
7,Cornell,2024-12-09,2025
8,St. Cloud State,2024-12-09,2025
9,Quinnipiac,2024-12-09,2025
10,St. Lawrence,2024-12-09,2025
11,Boston College,2024-12-09,2025
12,Penn State,2024-12-09,2025
13,Boston University,2024-12-09,2025
14,Princeton,2024-12-09,2025
15,Connecticut,2024-12-09,2025
1,Wisconsin,2025-01-06,2025
2,Ohio State,2025-01-06,2025
3,Minnesota,2025-01-06,2025
4,Minnesota Duluth,2025-01-06,2025
5,Colgate,2025-01-06,2025
6,Cornell,2025-01-06,2025
7,Clarkson,2025-01-06,2025
8,St. Lawrence,2025-01-06,2025
9,Quinnipiac,2025-01-06,2025
10,St. Cloud State,2025-01-06,2025
11,Penn State,2025-01-06,2025
12,Boston College,2025-01-06,2025
13,Boston University,2025-01-06,2025
14,Princeton,2025-01-06,2025
15,Connecticut,2025-01-06,2025
1,Wisconsin,2025-01-13,2025
2,Ohio State,2025-01-13,2025
3,Minnesota,2025-01-13,2025
4,Minnesota Duluth,2025-01-13,2025
5,Colgate,2025-01-13,2025
6,Cornell,2025-01-13,2025
7,Clarkson,2025-01-13,2025
8,St. Lawrence,2025-01-13,2025
9,Penn State,2025-01-13,2025
10,Quinnipiac,2025-01-13,2025
11,St. Cloud State,2025-01-13,2025
12,Boston College,2025-01-13,2025
13,Princeton,2025-01-13,2025
14,Boston University,2025-01-13,2025
15,Connecticut,2025-01-13,2025
15,Northeastern,2025-01-13,2025
1,Wisconsin,2025-01-20,2025
2,Ohio State,2025-01-20,2025
3,Minnesota,2025-01-20,2025
4,Minnesota Duluth,2025-01-20,2025
5,Colgate,2025-01-20,2025
6,Cornell,2025-01-20,2025
7,St. Lawrence,2025-01-20,2025
8,Penn State,2025-01-20,2025
9,Clarkson,2025-01-20,2025
10,Quinnipiac,2025-01-20,2025
11,St. Cloud State,2025-01-20,2025
12,Boston College,2025-01-20,2025
13,Princeton,2025-01-20,2025
14,Connecticut,2025-01-20,2025
15,Northeastern,2025-01-20,2025
1,Wisconsin,2025-01-27,2025
2,Ohio State,2025-01-27,2025
3,Minnesota,2025-01-27,2025
4,Colgate,2025-01-27,2025
5,Cornell,2025-01-27,2025
6,Minnesota Duluth,2025-01-27,2025
7,St. Lawrence,2025-01-27,2025
8,Penn State,2025-01-27,2025
9,Clarkson,2025-01-27,2025
10,Quinnipiac,2025-01-27,2025
11,St. Cloud State,2025-01-27,2025
12,Boston College,2025-01-27,2025
13,Princeton,2025-01-27,2025
14,Northeastern,2025-01-27,2025
15,Connecticut,2025-01-27,2025
1,Wisconsin,2025-02-03,2025
2,Ohio State,2025-02-03,2025
3,Minnesota,2025-02-03,2025
4,Cornell,2025-02-03,2025
5,Colgate,2025-02-03,2025
6,Minnesota Duluth,2025-02-03,2025
7,St. Lawrence,2025-02-03,2025
8,Penn State,2025-02-03,2025
9,Quinnipiac,2025-02-03,2025
10,Clarkson,2025-02-03,2025
11,St. Cloud State,2025-02-03,2025
12,Princeton,2025-02-03,2025
13,Northeastern,2025-02-03,2025
14,Boston University,2025-02-03,2025
15,Boston College,2025-02-03,2025
1,Wisconsin,2025-02-10,2025
2,Ohio State,2025-02-10,2025
3,Minnesota,2025-02-10,2025
4,Cornell,2025-02-10,2025
5,Colgate,2025-02-10,2025
6,Minnesota Duluth,2025-02-10,2025
7,St. Lawrence,2025-02-10,2025
8,Clarkson,2025-02-10,2025
9,Penn State,2025-02-10,2025
10,Quinnipiac,2025-02-10,2025
11,St. Cloud State,2025-02-10,2025
12,Princeton,2025-02-10,2025
13,Boston University,2025-02-10,2025
14,Connecticut,2025-02-10,2025
15,Northeastern,2025-02-10,2025
1,Wisconsin,2025-02-17,2025
2,Ohio State,2025-02-17,2025
3,Cornell,2025-02-17,2025
4,Minnesota,2025-02-17,2025
5,Colgate,2025-02-17,2025
6,Minnesota Duluth,2025-02-17,2025
7,St. Lawrence,2025-02-17,2025
8,Penn State,2025-02-17,2025
9,Clarkson,2025-02-17,2025
10,Quinnipiac,2025-02-17,2025
11,St. Cloud State,2025-02-17,2025
12,Boston University,2025-02-17,2025
13,Princeton,2025-02-17,2025
14,Northeastern,2025-02-17,2025
15,Boston College,2025-02-17,2025
1,Wisconsin,2025-02-24,2025
2,Ohio State,2025-02-24,2025
3,Cornell,2025-02-24,2025
4,Minnesota,2025-02-24,2025
5,Colgate,2025-02-24,2025
6,Minnesota Duluth,2025-02-24,2025
7,St. Lawrence,2025-02-24,2025
8,Penn State,2025-02-24,2025
9,Clarkson,2025-02-24,2025
10,Quinnipiac,2025-02-24,2025
11,St. Cloud State,2025-02-24,2025
12,Connecticut,2025-02-24,2025
13,Princeton,2025-02-24,2025
14,Boston University,2025-02-24,2025
15,Boston College,2025-02-24,2025
1,Wisconsin,2025-03-03,2025
2,Ohio State,2025-03-03,2025
3,Cornell,2025-03-03,2025
4,Minnesota,2025-03-03,2025
5,Colgate,2025-03-03,2025
6,Minnesota Duluth,2025-03-03,2025
7,St. Lawrence,2025-03-03,2025
8,Penn State,2025-03-03,2025
9,Clarkson,2025-03-03,2025
10,Quinnipiac,2025-03-03,2025
11,Connecticut,2025-03-03,2025
12,St. Cloud State,2025-03-03,2025
13,Boston University,2025-03-03,2025
14,Princeton,2025-03-03,2025
15,Boston College,2025-03-03,2025
1,Wisconsin,2025-03-10,2025
2,Ohio State,2025-03-10,2025
3,Cornell,2025-03-10,2025
4,Minnesota,2025-03-10,2025
5,Colgate,2025-03-10,2025
6,Minnesota Duluth,2025-03-10,2025
7,Penn State,2025-03-10,2025
8,St. Lawrence,2025-03-10,2025
9,Clarkson,2025-03-10,2025
10,Quinnipiac,2025-03-10,2025
11,Boston University,2025-03-10,2025
12,St. Cloud State,2025-03-10,2025
13,Connecticut,2025-03-10,2025
14,Princeton,2025-03-10,2025
15,Northeastern,2025-03-10,2025
1,Wisconsin,2025-03-24,2025
2,Ohio State,2025-03-24,2025
3,Cornell,2025-03-24,2025
4,Minnesota,2025-03-24,2025
5,Colgate,2025-03-24,2025
6,Minnesota Duluth,2025-03-24,2025
7,St. Lawrence,2025-03-24,2025
8,Penn State,2025-03-24,2025
9,Clarkson,2025-03-24,2025
10,Quinnipiac,2025-03-24,2025
11,Boston University,2025-03-24,2025
12,St. Cloud State,2025-03-24,2025
13,Connecticut,2025-03-24,2025
14,Princeton,2025-03-24,2025
15,Northeastern,2025-03-24,2025
1,Wisconsin,2025-09-15,2026
2,Ohio State,2025-09-15,2026
3,Minnesota,2025-09-15,2026
4,Cornell,2025-09-15,2026
5,Colgate,2025-09-15,2026
6,Minnesota Duluth,2025-09-15,2026
7,Clarkson,2025-09-15,2026
8,Penn State,2025-09-15,2026
9,St. Lawrence,2025-09-15,2026
10,Quinnipiac,2025-09-15,2026
11,Boston University,2025-09-15,2026
12,Connecticut,2025-09-15,2026
13,St. Cloud State,2025-09-15,2026
14,Princeton,2025-09-15,2026
15,Northeastern,2025-09-15,2026
1,Wisconsin,2025-09-29,2026
2,Ohio State,2025-09-29,2026
3,Minnesota,2025-09-29,2026
4,Cornell,2025-09-29,2026
5,Minnesota Duluth,2025-09-29,2026
6,Penn State,2025-09-29,2026
7,Colgate,2025-09-29,2026
8,Quinnipiac,2025-09-29,2026
9,Clarkson,2025-09-29,2026
10,St. Lawrence,2025-09-29,2026
11,St. Cloud State,2025-09-29,2026
12,Connecticut,2025-09-29,2026
13,Boston University,2025-09-29,2026
14,Northeastern,2025-09-29,2026
15,Princeton,2025-09-29,2026
1,Wisconsin,2025-10-06,2026
2,Ohio State,2025-10-06,2026
3,Minnesota,2025-10-06,2026
4,Minnesota Duluth,2025-10-06,2026
5,Cornell,2025-10-06,2026
6,Penn State,2025-10-06,2026
7,Quinnipiac,2025-10-06,2026
8,Colgate,2025-10-06,2026
9,Clarkson,2025-10-06,2026
10,St. Cloud State,2025-10-06,2026
11,Connecticut,2025-10-06,2026
12,St. Lawrence,2025-10-06,2026
13,Northeastern,2025-10-06,2026
14,Boston University,2025-10-06,2026
15,Mercyhurst,2025-10-06,2026
15,Princeton,2025-10-06,2026
1,Wisconsin,2025-10-13,2026
2,Ohio State,2025-10-13,2026
3,Minnesota,2025-10-13,2026
4,Minnesota Duluth,2025-10-13,2026
5,Cornell,2025-10-13,2026
6,Penn State,2025-10-13,2026
7,Quinnipiac,2025-10-13,2026
8,Colgate,2025-10-13,2026
9,Clarkson,2025-10-13,2026
10,St. Cloud State,2025-10-13,2026
11,Connecticut,2025-10-13,2026
12,Northeastern,2025-10-13,2026
13,Boston University,2025-10-13,2026
14,St. Lawrence,2025-10-13,2026
15,Mercyhurst,2025-10-13,2026
1,Wisconsin,2025-10-20,2026
2,Ohio State,2025-10-20,2026
3,Minnesota,2025-10-20,2026
4,Minnesota Duluth,2025-10-20,2026
5,Cornell,2025-10-20,2026
6,Penn State,2025-10-20,2026
7,Quinnipiac,2025-10-20,2026
8,Connecticut,2025-10-20,2026
9,Colgate,2025-10-20,2026
10,Clarkson,2025-10-20,2026
11,St. Cloud State,2025-10-20,2026
12,Northeastern,2025-10-20,2026
13,St. Thomas,2025-10-20,2026
13,Yale,2025-10-20,2026
15,Boston University,2025-10-20,2026
1,Wisconsin,2025-10-27,2026
2,Ohio State,2025-10-27,2026
3,Minnesota,2025-10-27,2026
4,Cornell,2025-10-27,2026
5,Minnesota Duluth,2025-10-27,2026
6,Penn State,2025-10-27,2026
7,Quinnipiac,2025-10-27,2026
8,Connecticut,2025-10-27,2026
9,Clarkson,2025-10-27,2026
10,St. Cloud State,2025-10-27,2026
11,Colgate,2025-10-27,2026
12,Northeastern,2025-10-27,2026
13,St. Thomas,2025-10-27,2026
14,Yale,2025-10-27,2026
15,Brown,2025-10-27,2026
1,Wisconsin,2025-11-03,2026
2,Minnesota,2025-11-03,2026
3,Ohio State,2025-11-03,2026
4,Cornell,2025-11-03,2026
5,Minnesota Duluth,2025-11-03,2026
6,Penn State,2025-11-03,2026
7,Quinnipiac,2025-11-03,2026
8,Connecticut,2025-11-03,2026
9,Northeastern,2025-11-03,2026
10,St. Cloud State,2025-11-03,2026
11,Clarkson,2025-11-03,2026
12,Yale,2025-11-03,2026
13,Colgate,2025-11-03,2026
14,St. Thomas,2025-11-03,2026
15,Brown,2025-11-03,2026
1,Wisconsin,2025-11-10,2026
2,Minnesota,2025-11-10,2026
3,Ohio State,2025-11-10,2026
4,Cornell,2025-11-10,2026
5,Minnesota Duluth,2025-11-10,2026
6,Penn State,2025-11-10,2026
7,Quinnipiac,2025-11-10,2026
8,Northeastern,2025-11-10,2026
9,Connecticut,2025-11-10,2026
10,St. Cloud State,2025-11-10,2026
10,Yale,2025-11-10,2026
12,Clarkson,2025-11-10,2026
13,Brown,2025-11-10,2026
14,Colgate,2025-11-10,2026
15,St. Thomas,2025-11-10,2026
1,Wisconsin,2025-11-17,2026
2,Minnesota,2025-11-17,2026
3,Ohio State,2025-11-17,2026
4,Cornell,2025-11-17,2026
5,Minnesota Duluth,2025-11-17,2026
6,Penn State,2025-11-17,2026
7,Quinnipiac,2025-11-17,2026
8,Northeastern,2025-11-17,2026
9,Connecticut,2025-11-17,2026
10,St. Cloud State,2025-11-17,2026
11,Clarkson,2025-11-17,2026
12,Brown,2025-11-17,2026
13,Colgate,2025-11-17,2026
14,Yale,2025-11-17,2026
15,St. Thomas,2025-11-17,2026
1,Wisconsin,2025-11-24,2026
2,Ohio State,2025-11-24,2026
3,Minnesota,2025-11-24,2026
4,Penn State,2025-11-24,2026
5,Cornell,2025-11-24,2026
6,Minnesota Duluth,2025-11-24,2026
7,Northeastern,2025-11-24,2026
8,Connecticut,2025-11-24,2026
9,Quinnipiac,2025-11-24,2026
10,Clarkson,2025-11-24,2026
11,Brown,2025-11-24,2026
12,Colgate,2025-11-24,2026
13,Princeton,2025-11-24,2026
14,St. Cloud State,2025-11-24,2026
15,Minnesota State,2025-11-24,2026
1,Wisconsin,2025-12-01,2026
2,Ohio State,2025-12-01,2026
3,Minnesota,2025-12-01,2026
4,Penn State,2025-12-01,2026
5,Minnesota Duluth,2025-12-01,2026
6,Northeastern,2025-12-01,2026
7,Connecticut,2025-12-01,2026
8,Cornell,2025-12-01,2026
9,Quinnipiac,2025-12-01,2026
10,Clarkson,2025-12-01,2026
11,Princeton,2025-12-01,2026
12,Minnesota State,2025-12-01,2026
13,St. Cloud State,2025-12-01,2026
14,Colgate,2025-12-01,2026
15,Yale,2025-12-01,2026
1,Wisconsin,2025-12-08,2026
2,Ohio State,2025-12-08,2026
3,Minnesota,2025-12-08,2026
4,Penn State,2025-12-08,2026
5,Minnesota Duluth,2025-12-08,2026
6,Connecticut,2025-12-08,2026
7,Northeastern,2025-12-08,2026
8,Quinnipiac,2025-12-08,2026
9,Princeton,2025-12-08,2026
10,Cornell,2025-12-08,2026
11,Clarkson,2025-12-08,2026
12,Minnesota State,2025-12-08,2026
13,St. Cloud State,2025-12-08,2026
14,Colgate,2025-12-08,2026
15,Yale,2025-12-08,2026
1,Wisconsin,2026-01-05,2026
2,Ohio State,2026-01-05,2026
3,Minnesota,2026-01-05,2026
4,Penn State,2026-01-05,2026
5,Connecticut,2026-01-05,2026
6,Northeastern,2026-01-05,2026
7,Quinnipiac,2026-01-05,2026
8,Minnesota Duluth,2026-01-05,2026
9,Princeton,2026-01-05,2026
10,Cornell,2026-01-05,2026
11,Clarkson,2026-01-05,2026
12,Minnesota State,2026-01-05,2026
13,Colgate,2026-01-05,2026
14,Yale,2026-01-05,2026
15,St. Cloud State,2026-01-05,2026
1,Wisconsin,2026-01-12,2026
2,Ohio State,2026-01-12,2026
3,Minnesota,2026-01-12,2026
4,Penn State,2026-01-12,2026
5,Connecticut,2026-01-12,2026
6,Quinnipiac,2026-01-12,2026
7,Northeastern,2026-01-12,2026
8,Minnesota Duluth,2026-01-12,2026
9,Princeton,2026-01-12,2026
10,Cornell,2026-01-12,2026
11,Clarkson,2026-01-12,2026
12,Colgate,2026-01-12,2026
13,Yale,2026-01-12,2026
14,Minnesota State,2026-01-12,2026
15,St. Cloud State,2026-01-12,2026
1,Wisconsin,2026-01-19,2026
2,Ohio State,2026-01-19,2026
3,Minnesota,2026-01-19,2026
4,Penn State,2026-01-19,2026
5,Connecticut,2026-01-19,2026
6,Quinnipiac,2026-01-19,2026
7,Princeton,2026-01-19,2026
8,Northeastern,2026-01-19,2026
9,Minnesota Duluth,2026-01-19,2026
10,Yale,2026-01-19,2026
11,Clarkson,2026-01-19,2026
12,Cornell,2026-01-19,2026
13,Minnesota State,2026-01-19,2026
14,Holy Cross,2026-01-19,2026
15,St. Cloud State,2026-01-19,2026
1,Wisconsin,2026-01-26,2026
2,Ohio State,2026-01-26,2026
3,Minnesota,2026-01-26,2026
4,Penn State,2026-01-26,2026
5,Quinnipiac,2026-01-26,2026
6,Northeastern,2026-01-26,2026
7,Connecticut,2026-01-26,2026
8,Princeton,2026-01-26,2026
9,Minnesota Duluth,2026-01-26,2026
10,Yale,2026-01-26,2026
11,Clarkson,2026-01-26,2026
12,Cornell,2026-01-26,2026
13,Holy Cross,2026-01-26,2026
14,Minnesota State,2026-01-26,2026
15,Mercyhurst,2026-01-26,2026
1,Wisconsin,2026-02-02,2026
2,Ohio State,2026-02-02,2026
3,Minnesota,2026-02-02,2026
4,Penn State,2026-02-02,2026
5,Northeastern,2026-02-02,2026
6,Connecticut,2026-02-02,2026
7,Princeton,2026-02-02,2026
8,Quinnipiac,2026-02-02,2026
9,Yale,2026-02-02,2026
10,Minnesota Duluth,2026-02-02,2026
11,Clarkson,2026-02-02,2026
12,Cornell,2026-02-02,2026
13,Holy Cross,2026-02-02,2026
14,Mercyhurst,2026-02-02,2026
15,Minnesota State,2026-02-02,2026
1,Wisconsin,2026-02-09,2026
2,Ohio State,2026-02-09,2026
3,Minnesota,2026-02-09,2026
4,Penn State,2026-02-09,2026
5,Northeastern,2026-02-09,2026
6,Connecticut,2026-02-09,2026
7,Quinnipiac,2026-02-09,2026
8,Princeton,2026-02-09,2026
9,Yale,2026-02-09,2026
10,Minnesota Duluth,2026-02-09,2026
11,Cornell,2026-02-09,2026
12,Clarkson,2026-02-09,2026
13,Mercyhurst,2026-02-09,2026
14,Holy Cross,2026-02-09,2026
15,Colgate,2026-02-09,2026
1,Wisconsin,2026-02-16,2026
2,Ohio State,2026-02-16,2026
3,Minnesota,2026-02-16,2026
4,Penn State,2026-02-16,2026
5,Northeastern,2026-02-16,2026
6,Connecticut,2026-02-16,2026
7,Quinnipiac,2026-02-16,2026
8,Yale,2026-02-16,2026
9,Princeton,2026-02-16,2026
10,Minnesota Duluth,2026-02-16,2026
11,Cornell,2026-02-16,2026
12,Clarkson,2026-02-16,2026
13,Mercyhurst,2026-02-16,2026
14,Colgate,2026-02-16,2026
15,Minnesota State,2026-02-16,2026
1,Wisconsin,2026-02-23,2026
2,Ohio State,2026-02-23,2026
3,Penn State,2026-02-23,2026
4,Minnesota,2026-02-23,2026
5,Northeastern,2026-02-23,2026
6,Connecticut,2026-02-23,2026
7,Quinnipiac,2026-02-23,2026
8,Yale,2026-02-23,2026
9,Minnesota Duluth,2026-02-23,2026
10,Princeton,2026-02-23,2026
11,Cornell,2026-02-23,2026
12,Mercyhurst,2026-02-23,2026
13,Colgate,2026-02-23,2026
14,Minnesota State,2026-02-23,2026
15,Clarkson,2026-02-23,2026
1,Wisconsin,2026-03-02,2026
2,Ohio State,2026-03-02,2026
3,Penn State,2026-03-02,2026
4,Minnesota,2026-03-02,2026
5,Northeastern,2026-03-02,2026
6,Connecticut,2026-03-02,2026
7,Yale,2026-03-02,2026
8,Quinnipiac,2026-03-02,2026
9,Princeton,2026-03-02,2026
10,Minnesota Duluth,2026-03-02,2026
11,Cornell,2026-03-02,2026
12,Mercyhurst,2026-03-02,2026
13,Minnesota State,2026-03-02,2026
14,Colgate,2026-03-02,2026
15,Clarkson,2026-03-02,2026
1,Ohio State,2026-03-09,2026
2,Wisconsin,2026-03-09,2026
3,Penn State,2026-03-09,2026
4,Minnesota,2026-03-09,2026
5,Northeastern,2026-03-09,2026
6,Connecticut,2026-03-09,2026
7,Quinnipiac,2026-03-09,2026
8,Yale,2026-03-09,2026
9,Princeton,2026-03-09,2026
10,Minnesota Duluth,2026-03-09,2026
11,Cornell,2026-03-09,2026
12,Mercyhurst,2026-03-09,2026
13,Minnesota State,2026-03-09,2026
14,Colgate,2026-03-09,2026
15,Clarkson,2026-03-09,2026
1,Wisconsin,2026-03-23,2026
2,Ohio State,2026-03-23,2026
3,Penn State,2026-03-23,2026
4,Northeastern,2026-03-23,2026
5,Minnesota,2026-03-23,2026
6,Connecticut,2026-03-23,2026
7,Quinnipiac,2026-03-23,2026
8,Yale,2026-03-23,2026
9,Princeton,2026-03-23,2026
10,Minnesota Duluth,2026-03-23,2026
11,Cornell,2026-03-23,2026
12,Mercyhurst,2026-03-23,2026
13,Minnesota State,2026-03-23,2026
14,Clarkson,2026-03-23,2026
15,Colgate,2026-03-23,2026
